ISO-10303-21;
HEADER;
FILE_DESCRIPTION (( 'STEP AP214' ),
    '1' );
FILE_NAME ('LED-TH_5mm_W.step',
    '2021-08-14T16:45:48',
    ( '' ),
    ( '' ),
    'SwSTEP 2.0',
    'SolidWorks 2020',
    '' );
FILE_SCHEMA (( 'AUTOMOTIVE_DESIGN' ));
ENDSEC;

DATA;
#1 = LINE ( 'NONE', #2534, #462 ) ;
#2 = ORIENTED_EDGE ( 'NONE', *, *, #1145, .T. ) ;
#3 = CARTESIAN_POINT ( 'NONE',  ( 2.490000000000000213, -0.4860786835588575272, 0.6675159676108710638 ) ) ;
#4 = CARTESIAN_POINT ( 'NONE',  ( 2.489999999999999769, 0.3731999763739955456, 0.2913007871615728717 ) ) ;
#5 = DIRECTION ( 'NONE',  ( 1.000000000000000000, -0.000000000000000000, -0.000000000000000000 ) ) ;
#6 =( NAMED_UNIT ( * ) SI_UNIT ( $, .STERADIAN. ) SOLID_ANGLE_UNIT ( ) );
#7 = CARTESIAN_POINT ( 'NONE',  ( 2.490000000000000213, -0.3251187419298118830, 0.2418005516495891627 ) ) ;
#8 = ADVANCED_FACE ( 'NONE', ( #2193 ), #2941, .T. ) ;
#9 = CARTESIAN_POINT ( 'NONE',  ( 2.490000000000000213, -0.5761359759601083486, 0.6047438974713337245 ) ) ;
#10 = CARTESIAN_POINT ( 'NONE',  ( 2.500000000000000000, -0.3704262831464868455, 0.2802798635029681296 ) ) ;
#11 = ORIENTED_EDGE ( 'NONE', *, *, #2423, .T. ) ;
#12 = DIRECTION ( 'NONE',  ( 1.000000000000000000, -0.000000000000000000, -0.000000000000000000 ) ) ;
#13 = ORIENTED_EDGE ( 'NONE', *, *, #1145, .F. ) ;
#14 = DIRECTION ( 'NONE',  ( 0.000000000000000000, 0.000000000000000000, -1.000000000000000000 ) ) ;
#15 = PRESENTATION_LAYER_ASSIGNMENT (  '', '', ( #2893 ) ) ;
#16 = VECTOR ( 'NONE', #2219, 1000.000000000000000 ) ;
#17 = ORIENTED_EDGE ( 'NONE', *, *, #346, .F. ) ;
#18 = CARTESIAN_POINT ( 'NONE',  ( 2.490000000000001101, -0.6474648266812450537, 0.3216418692040233229 ) ) ;
#19 = CARTESIAN_POINT ( 'NONE',  ( 2.490000000000000213, -0.5653870655231136855, 0.2436057403482928818 ) ) ;
#20 = CARTESIAN_POINT ( 'NONE',  ( 2.500000000000000000, -0.3109756097560976151, 0.3044850335626718696 ) ) ;
#21 = CARTESIAN_POINT ( 'NONE',  ( 2.490000000000000213, -0.6157147804115380429, 0.4610463654318743831 ) ) ;
#22 = DIRECTION ( 'NONE',  ( 1.000000000000000000, -0.000000000000000000, -0.000000000000000000 ) ) ;
#23 = CARTESIAN_POINT ( 'NONE',  ( 2.489999999999999769, -0.3156673051435922583, 0.2470173599472375303 ) ) ;
#24 = ORIENTED_EDGE ( 'NONE', *, *, #883, .T. ) ;
#25 = FACE_OUTER_BOUND ( 'NONE', #1342, .T. ) ;
#26 = FACE_BOUND ( 'NONE', #463, .T. ) ;
#27 = CARTESIAN_POINT ( 'NONE',  ( 2.500000000000000000, -0.3155717748205159046, 0.3018962564736530907 ) ) ;
#28 = EDGE_CURVE ( 'NONE', #3009, #2980, #1087, .T. ) ;
#29 = EDGE_LOOP ( 'NONE', ( #1846, #2084, #1561, #621 ) ) ;
#30 = CARTESIAN_POINT ( 'NONE',  ( 2.500000000000000444, 0.3471497367237482701, 0.7200372503098677601 ) ) ;
#31 = CARTESIAN_POINT ( 'NONE',  ( 2.500000000000000000, -0.3109756097560976151, 0.7099728384407205661 ) ) ;
#32 = VERTEX_POINT ( 'NONE', #1177 ) ;
#33 = FACE_OUTER_BOUND ( 'NONE', #2848, .T. ) ;
#34 = AXIS2_PLACEMENT_3D ( 'NONE', #1023, #2339, #3120 ) ;
#35 = ADVANCED_FACE ( 'NONE', ( #2426 ), #2662, .T. ) ;
#36 = ORIENTED_EDGE ( 'NONE', *, *, #1160, .T. ) ;
#37 = VECTOR ( 'NONE', #1081, 1000.000000000000114 ) ;
#38 = CARTESIAN_POINT ( 'NONE',  ( 2.490000000000000657, -0.4418158324514969149, 0.2176737915654293198 ) ) ;
#39 = CARTESIAN_POINT ( 'NONE',  ( 2.490000000000000213, -0.6195339051626860272, 0.2849727916129360383 ) ) ;
#40 = DIRECTION ( 'NONE',  ( 1.000000000000000000, 0.000000000000000000, -0.000000000000000000 ) ) ;
#41 = CARTESIAN_POINT ( 'NONE',  ( 2.490000000000000213, 0.4470201242879411341, 0.6086777766394559919 ) ) ;
#42 = COLOUR_RGB ( '',1.000000000000000000, 1.000000000000000000, 1.000000000000000000 ) ;
#43 = CARTESIAN_POINT ( 'NONE',  ( 2.490000000000000213, 0.4788756952356102992, 0.6588965964343339587 ) ) ;
#44 = CARTESIAN_POINT ( 'NONE',  ( 2.489999999999999769, 0.4613397204180565425, 0.2770961051194250624 ) ) ;
#45 = B_SPLINE_CURVE_WITH_KNOTS ( 'NONE', 3,
 ( #2318, #732, #2553, #1802, #1506, #492, #1001, #2587, #3118, #3083, #2070, #1553, #271, #748, #1242, #255, #1275, #779, #1018 ),
 .UNSPECIFIED., .F., .F.,
 ( 4, 1, 1, 1, 1, 1, 1, 1, 1, 1, 1, 1, 1, 1, 1, 1, 4 ),
 ( 0.000000000000000000, 0.06783158586376515642, 0.1326522851224863631, 0.1950461033562796709, 0.2554977019454355291, 0.3148166283941512544, 0.3736158258703717316, 0.4325595036265800220, 0.4924430698020240138, 0.5526822199844775296, 0.6125225414881987351, 0.6726182746753726072, 0.7338448929319389968, 0.7965992240402545166, 0.8614531951541315458, 0.9292006776838773741, 0.9999999999999998890 ),
 .UNSPECIFIED. ) ;
#46 = AXIS2_PLACEMENT_3D ( 'NONE', #3125, #1354, #2887 ) ;
#47 = FACE_OUTER_BOUND ( 'NONE', #1877, .T. ) ;
#48 = LINE ( 'NONE', #2059, #1479 ) ;
#49 = FACE_BOUND ( 'NONE', #1455, .T. ) ;
#50 = B_SPLINE_SURFACE_WITH_KNOTS ( 'NONE', 3, 1, ( 
 ( #389, #2679 ),
 ( #359, #2456 ),
 ( #891, #2424 ),
 ( #1143, #1919 ),
 ( #2957, #3226 ),
 ( #2696, #907 ),
 ( #1935, #1491 ),
 ( #2491, #2506 ),
 ( #2036, #2255 ),
 ( #780, #1310 ),
 ( #2335, #2102 ),
 ( #3360, #2601 ),
 ( #1091, #1324 ),
 ( #1851, #2123 ),
 ( #3154, #235 ),
 ( #1019, #2052 ),
 ( #2804, #1038 ),
 ( #2351, #2878 ),
 ( #558, #493 ) ),
 .UNSPECIFIED., .F., .F., .F.,
 ( 4, 1, 1, 1, 1, 1, 1, 1, 1, 1, 1, 1, 1, 1, 1, 1, 4 ),
 ( 2, 2 ),
 ( 0.000000000000000000, 0.07378258718587328568, 0.1440956521627406728, 0.2113727769445208071, 0.2761085739136399653, 0.3385597713347693327, 0.3996464779878224904, 0.4600223579231184634, 0.5203641801036607006, 0.5799897433270180258, 0.6384216733782915876, 0.6963296981378346295, 0.7539735389223941597, 0.8127841951639483975, 0.8727398202468066302, 0.9351745571517245947, 1.000000000000000000 ),
 ( 0.000000000000000000, 1.000000000000000000 ),
 .UNSPECIFIED. ) ;
#51 = VERTEX_POINT ( 'NONE', #893 ) ;
#52 = CARTESIAN_POINT ( 'NONE',  ( 2.500000000000000444, 0.4807133158544278362, 0.5428080294697070762 ) ) ;
#53 = EDGE_CURVE ( 'NONE', #1083, #1033, #909, .T. ) ;
#54 = PLANE ( 'NONE',  #2377 ) ;
#55 = EDGE_LOOP ( 'NONE', ( #263, #1529, #2242, #2291 ) ) ;
#56 = CARTESIAN_POINT ( 'NONE',  ( 1.520000000000000018, -0.2499999999999998335, 0.000000000000000000 ) ) ;
#57 = VERTEX_POINT ( 'NONE', #341 ) ;
#58 = EDGE_CURVE ( 'NONE', #32, #1926, #1697, .T. ) ;
#59 = DIRECTION ( 'NONE',  ( 0.000000000000000000, -0.000000000000000000, 1.000000000000000000 ) ) ;
#60 = SURFACE_STYLE_FILL_AREA ( #2153 ) ;
#61 = LINE ( 'NONE', #1119, #2777 ) ;
#62 = CARTESIAN_POINT ( 'NONE',  ( 2.490000000000000213, -0.6827092058280083142, 0.4739880069975787036 ) ) ;
#63 = CARTESIAN_POINT ( 'NONE',  ( 2.489999999999999769, -0.3906215900297366761, 0.2218256196331182539 ) ) ;
#64 = SURFACE_STYLE_FILL_AREA ( #579 ) ;
#65 = CARTESIAN_POINT ( 'NONE',  ( 2.500000000000000000, 0.4185497136480041402, 0.2506155361583989327 ) ) ;
#66 = DIRECTION ( 'NONE',  ( 1.000000000000000000, -0.000000000000000000, -0.000000000000000000 ) ) ;
#67 = CARTESIAN_POINT ( 'NONE',  ( 2.500000000000000000, 0.8205460169504996681, 0.6296506824965441007 ) ) ;
#68 = CARTESIAN_POINT ( 'NONE',  ( 2.490000000000000213, 0.05487804878048758300, 0.2785703994163303832 ) ) ;
#69 = UNCERTAINTY_MEASURE_WITH_UNIT (LENGTH_MEASURE( 1.000000000000000082E-05 ), #1664, 'distance_accuracy_value', 'NONE');
#70 = ORIENTED_EDGE ( 'NONE', *, *, #3106, .F. ) ;
#71 = DIRECTION ( 'NONE',  ( 0.000000000000000000, 0.000000000000000000, 1.000000000000000000 ) ) ;
#72 = CARTESIAN_POINT ( 'NONE',  ( 2.499999999999999556, -0.3359067750317611400, 0.7187913505427298011 ) ) ;
#73 = VERTEX_POINT ( 'NONE', #2959 ) ;
#74 = DIRECTION ( 'NONE',  ( 1.000000000000000000, -0.000000000000000000, -0.000000000000000000 ) ) ;
#75 = SURFACE_SIDE_STYLE ('',( #2167 ) ) ;
#76 = ORIENTED_EDGE ( 'NONE', *, *, #332, .F. ) ;
#77 = CARTESIAN_POINT ( 'NONE',  ( 2.489999999999999769, -0.3816842251632442951, 0.6706455086550514588 ) ) ;
#78 = MECHANICAL_DESIGN_GEOMETRIC_PRESENTATION_REPRESENTATION (  '', ( #1551 ), #513 ) ;
#79 = DIRECTION ( 'NONE',  ( 0.000000000000000000, 0.000000000000000000, -1.000000000000000000 ) ) ;
#80 = EDGE_CURVE ( 'NONE', #2344, #810, #1384, .T. ) ;
#81 = PRESENTATION_LAYER_ASSIGNMENT (  '', '', ( #402 ) ) ;
#82 = CARTESIAN_POINT ( 'NONE',  ( 2.490000000000000213, -0.6788937982549133610, 0.5208638723568240758 ) ) ;
#83 = CARTESIAN_POINT ( 'NONE',  ( 2.500000000000000000, -0.4767542180190583734, 0.2754876826378731547 ) ) ;
#84 = DIRECTION ( 'NONE',  ( 1.000000000000000000, 0.000000000000000000, -0.000000000000000000 ) ) ;
#85 = DIRECTION ( 'NONE',  ( 0.000000000000000000, 0.000000000000000000, 1.000000000000000000 ) ) ;
#86 =( NAMED_UNIT ( * ) PLANE_ANGLE_UNIT ( ) SI_UNIT ( $, .RADIAN. ) );
#87 = ORIENTED_EDGE ( 'NONE', *, *, #1650, .T. ) ;
#88 = CARTESIAN_POINT ( 'NONE',  ( 2.500000000000000000, 0.2883955792682929564, 0.2236923506358425850 ) ) ;
#89 = DIRECTION ( 'NONE',  ( 1.000000000000000000, -0.000000000000000000, -0.000000000000000000 ) ) ;
#90 = VERTEX_POINT ( 'NONE', #2475 ) ;
#91 = DIRECTION ( 'NONE',  ( 0.000000000000000000, 0.3635424856527063597, -0.9315776194850602376 ) ) ;
#92 = DIRECTION ( 'NONE',  ( 0.000000000000000000, 0.000000000000000000, 1.000000000000000000 ) ) ;
#93 = ORIENTED_EDGE ( 'NONE', *, *, #3090, .T. ) ;
#94 = CARTESIAN_POINT ( 'NONE',  ( 2.489999999999999325, -0.5446168912452445943, 0.2339902657615163251 ) ) ;
#95 = LINE ( 'NONE', #333, #2896 ) ;
#96 = CARTESIAN_POINT ( 'NONE',  ( 2.490000000000000213, 0.3345974693327190552, 0.6661547990061061908 ) ) ;
#97 = CARTESIAN_POINT ( 'NONE',  ( 2.490000000000000213, -0.3109756097560976151, 0.6428996677090133005 ) ) ;
#98 = CARTESIAN_POINT ( 'NONE',  ( 2.500000000000000444, -0.5673512430813330010, 0.3252856558916842333 ) ) ;
#99 = ADVANCED_FACE ( 'NONE', ( #157 ), #1198, .F. ) ;
#100 = CARTESIAN_POINT ( 'NONE',  ( 2.490000000000000213, 0.5548780487804880757, 0.4799804603919401447 ) ) ;
#101 = CARTESIAN_POINT ( 'NONE',  ( -2.950000000000000178, 0.000000000000000000, 1.000000000000000000 ) ) ;
#102 = MECHANICAL_DESIGN_GEOMETRIC_PRESENTATION_REPRESENTATION (  '', ( #1574 ), #2267 ) ;
#103 = DIRECTION ( 'NONE',  ( 0.000000000000000000, 1.000000000000000000, 0.000000000000000000 ) ) ;
#104 = CARTESIAN_POINT ( 'NONE',  ( 2.500000000000000000, 0.03048780487804853695, 0.4493021067334035390 ) ) ;
#105 = UNCERTAINTY_MEASURE_WITH_UNIT (LENGTH_MEASURE( 1.000000000000000082E-05 ), #2392, 'distance_accuracy_value', 'NONE');
#106 = EDGE_CURVE ( 'NONE', #1826, #533, #445, .T. ) ;
#107 = VECTOR ( 'NONE', #600, 1000.000000000000000 ) ;
#108 = ORIENTED_EDGE ( 'NONE', *, *, #1488, .T. ) ;
#109 = CARTESIAN_POINT ( 'NONE',  ( 2.489999999999999769, 0.4672792127874043633, 0.5786893683911880082 ) ) ;
#110 = ORIENTED_EDGE ( 'NONE', *, *, #2098, .F. ) ;
#111 =( NAMED_UNIT ( * ) SI_UNIT ( $, .STERADIAN. ) SOLID_ANGLE_UNIT ( ) );
#112 = EDGE_LOOP ( 'NONE', ( #1353, #1389, #3198, #667 ) ) ;
#113 = DIRECTION ( 'NONE',  ( 1.000000000000000000, -0.000000000000000000, -0.000000000000000000 ) ) ;
#114 = DIRECTION ( 'NONE',  ( 0.000000000000000000, 0.000000000000000000, 1.000000000000000000 ) ) ;
#115 = CARTESIAN_POINT ( 'NONE',  ( 2.499999999999999556, 0.4071226886076433904, 0.3078560854661634982 ) ) ;
#116 = STYLED_ITEM ( 'NONE', ( #2700 ), #99 ) ;
#117 = CARTESIAN_POINT ( 'NONE',  ( 2.490000000000000213, -0.4553857142652429357, 0.7291674344238718852 ) ) ;
#118 = CARTESIAN_POINT ( 'NONE',  ( 2.500000000000000444, -0.6129639678246572299, 0.5130863107404902701 ) ) ;
#119 = CARTESIAN_POINT ( 'NONE',  ( 2.500000000000000000, 0.2904916158536587911, 0.2785703994163303832 ) ) ;
#120 = FACE_OUTER_BOUND ( 'NONE', #2079, .T. ) ;
#121 = PLANE ( 'NONE',  #1112 ) ;
#122 = EDGE_CURVE ( 'NONE', #2652, #1842, #576, .T. ) ;
#123 = EDGE_LOOP ( 'NONE', ( #2685, #1410, #1909, #694 ) ) ;
#124 = CARTESIAN_POINT ( 'NONE',  ( 2.490000000000000213, 0.3538631568874748279, 0.6624959987481771062 ) ) ;
#125 = SURFACE_STYLE_FILL_AREA ( #2961 ) ;
#126 = EDGE_LOOP ( 'NONE', ( #1179, #1372, #1588, #1727 ) ) ;
#127 = EDGE_LOOP ( 'NONE', ( #2611, #193, #2614, #1072 ) ) ;
#128 = DIRECTION ( 'NONE',  ( 0.000000000000000000, 0.000000000000000000, 1.000000000000000000 ) ) ;
#129 = CARTESIAN_POINT ( 'NONE',  ( 2.500000000000000888, -0.6114276053054366056, 0.6571704533361367728 ) ) ;
#130 = DIRECTION ( 'NONE',  ( 0.000000000000000000, 1.000000000000000000, 0.000000000000000000 ) ) ;
#131 = CARTESIAN_POINT ( 'NONE',  ( 2.499999999999999112, -0.5356883422703848652, 0.6436583228438939042 ) ) ;
#132 = CARTESIAN_POINT ( 'NONE',  ( 2.490000000000000657, 0.5506623980646333516, 0.4250089634534959804 ) ) ;
#133 = MECHANICAL_DESIGN_GEOMETRIC_PRESENTATION_REPRESENTATION (  '', ( #402 ), #2728 ) ;
#134 = VECTOR ( 'NONE', #2638, 1000.000000000000000 ) ;
#135 = CARTESIAN_POINT ( 'NONE',  ( 0.000000000000000000, 0.000000000000000000, 6.099999999999999645 ) ) ;
#136 = FACE_OUTER_BOUND ( 'NONE', #2128, .T. ) ;
#137 = DIRECTION ( 'NONE',  ( 0.000000000000000000, -1.000000000000000000, -0.000000000000000000 ) ) ;
#138 = DIRECTION ( 'NONE',  ( 1.000000000000000000, -0.000000000000000000, -0.000000000000000000 ) ) ;
#139 = ADVANCED_FACE ( 'NONE', ( #3311 ), #3261, .T. ) ;
#140 = EDGE_LOOP ( 'NONE', ( #1164, #364, #3000, #793 ) ) ;
#141 = DIRECTION ( 'NONE',  ( 0.000000000000000000, -1.000000000000000000, 0.000000000000000000 ) ) ;
#142 = ORIENTED_EDGE ( 'NONE', *, *, #1865, .F. ) ;
#143 = DIRECTION ( 'NONE',  ( 1.000000000000000000, 0.000000000000000000, -0.000000000000000000 ) ) ;
#144 = EDGE_CURVE ( 'NONE', #2400, #415, #461, .T. ) ;
#145 = VERTEX_POINT ( 'NONE', #2008 ) ;
#146 = FACE_OUTER_BOUND ( 'NONE', #1680, .T. ) ;
#147 = DIRECTION ( 'NONE',  ( -1.000000000000000000, 4.336808689942017736E-16, 0.000000000000000000 ) ) ;
#148 = STYLED_ITEM ( 'NONE', ( #2883 ), #252 ) ;
#149 = CARTESIAN_POINT ( 'NONE',  ( 2.490000000000000213, 0.1524390243902441211, 0.7236923506358425850 ) ) ;
#150 =( LENGTH_UNIT ( ) NAMED_UNIT ( * ) SI_UNIT ( .MILLI., .METRE. ) );
#151 = CARTESIAN_POINT ( 'NONE',  ( 2.490000000000000657, 0.3167229944959293886, 0.2242048672879972393 ) ) ;
#152 = ORIENTED_EDGE ( 'NONE', *, *, #2582, .T. ) ;
#153 = CARTESIAN_POINT ( 'NONE',  ( 2.500000000000000888, 0.5132705962058894400, 0.3313429283766023969 ) ) ;
#154 = CARTESIAN_POINT ( 'NONE',  ( 2.490000000000000213, 0.03048780487804853695, 0.5041801555138913926 ) ) ;
#155 = AXIS2_PLACEMENT_3D ( 'NONE', #486, #1532, #197 ) ;
#156 =( GEOMETRIC_REPRESENTATION_CONTEXT ( 3 ) GLOBAL_UNCERTAINTY_ASSIGNED_CONTEXT ( ( #2176 ) ) GLOBAL_UNIT_ASSIGNED_CONTEXT ( ( #2933, #2387, #2152 ) ) REPRESENTATION_CONTEXT ( 'NONE', 'WORKASPACE' ) );
#157 = FACE_OUTER_BOUND ( 'NONE', #2489, .T. ) ;
#158 =( LENGTH_UNIT ( ) NAMED_UNIT ( * ) SI_UNIT ( .MILLI., .METRE. ) );
#159 = VERTEX_POINT ( 'NONE', #989 ) ;
#160 = DIRECTION ( 'NONE',  ( 0.000000000000000000, 1.000000000000000000, 0.000000000000000000 ) ) ;
#161 =( GEOMETRIC_REPRESENTATION_CONTEXT ( 3 ) GLOBAL_UNCERTAINTY_ASSIGNED_CONTEXT ( ( #3292 ) ) GLOBAL_UNIT_ASSIGNED_CONTEXT ( ( #2868, #2594, #2649 ) ) REPRESENTATION_CONTEXT ( 'NONE', 'WORKASPACE' ) );
#162 = VECTOR ( 'NONE', #1309, 1000.000000000000000 ) ;
#163 = VERTEX_POINT ( 'NONE', #720 ) ;
#164 = CARTESIAN_POINT ( 'NONE',  ( 2.490000000000000657, 0.3964043596830683081, 0.7075330311440403142 ) ) ;
#165 = CARTESIAN_POINT ( 'NONE',  ( 2.500000000000000000, -0.3394609096654184199, 0.2903148954816517358 ) ) ;
#166 = ADVANCED_FACE ( 'NONE', ( #1263 ), #938, .T. ) ;
#167 = CARTESIAN_POINT ( 'NONE',  ( 2.490000000000000657, -0.5296546553236208821, 0.7120467362267794975 ) ) ;
#168 = DIRECTION ( 'NONE',  ( 0.000000000000000000, 0.000000000000000000, 1.000000000000000000 ) ) ;
#169 = LINE ( 'NONE', #1725, #295 ) ;
#170 = ORIENTED_EDGE ( 'NONE', *, *, #1994, .T. ) ;
#171 = CARTESIAN_POINT ( 'NONE',  ( 2.490000000000000213, 0.9695121951219513035, 0.2236923506358425850 ) ) ;
#172 = CARTESIAN_POINT ( 'NONE',  ( 2.500000000000000000, 0.2935403963414636719, 0.7236923506358425850 ) ) ;
#173 = SURFACE_STYLE_FILL_AREA ( #689 ) ;
#174 = ORIENTED_EDGE ( 'NONE', *, *, #2014, .F. ) ;
#175 = ORIENTED_EDGE ( 'NONE', *, *, #474, .T. ) ;
#176 = CARTESIAN_POINT ( 'NONE',  ( 2.489999999999999325, 0.8191217334991176546, 0.6342044382899948429 ) ) ;
#177 = ORIENTED_EDGE ( 'NONE', *, *, #2157, .F. ) ;
#178 = CARTESIAN_POINT ( 'NONE',  ( 2.500000000000000888, -0.5296546553236208821, 0.7120467362267794975 ) ) ;
#179 = FACE_OUTER_BOUND ( 'NONE', #2201, .T. ) ;
#180 = LINE ( 'NONE', #149, #1391 ) ;
#181 = CARTESIAN_POINT ( 'NONE',  ( 2.500000000000000000, -0.4280678353658536883, 0.6749118628309644929 ) ) ;
#182 = CARTESIAN_POINT ( 'NONE',  ( 2.489999999999999769, 0.5448870500228863989, 0.3994104469823615555 ) ) ;
#183 = ADVANCED_FACE ( 'NONE', ( #2041 ), #2091, .T. ) ;
#184 = VERTEX_POINT ( 'NONE', #3347 ) ;
#185 = DIRECTION ( 'NONE',  ( -1.000000000000000000, 0.000000000000000000, -0.000000000000000000 ) ) ;
#186 = CARTESIAN_POINT ( 'NONE',  ( 2.489999999999999769, -0.3816842251632442951, 0.6706455086550514588 ) ) ;
#187 = EDGE_CURVE ( 'NONE', #90, #2974, #48, .T. ) ;
#188 = VECTOR ( 'NONE', #283, 1000.000000000000000 ) ;
#189 = AXIS2_PLACEMENT_3D ( 'NONE', #3252, #932, #2419 ) ;
#190 = CARTESIAN_POINT ( 'NONE',  ( 2.500000000000000444, 0.3964043596830683081, 0.7075330311440403142 ) ) ;
#191 = DIRECTION ( 'NONE',  ( 0.000000000000000000, -1.000000000000000000, -0.000000000000000000 ) ) ;
#192 = VECTOR ( 'NONE', #3160, 1000.000000000000000 ) ;
#193 = ORIENTED_EDGE ( 'NONE', *, *, #1123, .F. ) ;
#194 = ORIENTED_EDGE ( 'NONE', *, *, #2545, .T. ) ;
#195 = DIRECTION ( 'NONE',  ( 0.000000000000000000, 0.000000000000000000, 1.000000000000000000 ) ) ;
#196 = VERTEX_POINT ( 'NONE', #2074 ) ;
#197 = DIRECTION ( 'NONE',  ( -1.000000000000000000, 0.000000000000000000, -0.000000000000000000 ) ) ;
#198 = CARTESIAN_POINT ( 'NONE',  ( 2.500000000000000000, -0.6788937982549133610, 0.5208638723568240758 ) ) ;
#199 = DIRECTION ( 'NONE',  ( -1.000000000000000000, 0.000000000000000000, -0.000000000000000000 ) ) ;
#200 = CARTESIAN_POINT ( 'NONE',  ( 2.490000000000000657, -0.4742040637798604630, 0.2181699650064974905 ) ) ;
#201 = DIRECTION ( 'NONE',  ( -4.336808689942017736E-16, -1.000000000000000000, -0.000000000000000000 ) ) ;
#202 = FACE_OUTER_BOUND ( 'NONE', #55, .T. ) ;
#203 = CARTESIAN_POINT ( 'NONE',  ( 2.490000000000000213, -0.2134146341463417085, 0.2236923506358425850 ) ) ;
#204 = CARTESIAN_POINT ( 'NONE',  ( 2.490000000000000213, 0.8134527439024390461, 0.6627167408797449699 ) ) ;
#205 = EDGE_CURVE ( 'NONE', #312, #2932, #2825, .T. ) ;
#206 = VECTOR ( 'NONE', #1857, 1000.000000000000227 ) ;
#207 = CARTESIAN_POINT ( 'NONE',  ( 2.500000000000000444, 0.4193083540477331450, 0.6982815804155321215 ) ) ;
#208 = FILL_AREA_STYLE_COLOUR ( '', #3116 ) ;
#209 = EDGE_LOOP ( 'NONE', ( #1792, #1747, #2869, #2445 ) ) ;
#210 = VECTOR ( 'NONE', #438, 1000.000000000000000 ) ;
#211 = ORIENTED_EDGE ( 'NONE', *, *, #229, .T. ) ;
#212 = STYLED_ITEM ( 'NONE', ( #741 ), #2359 ) ;
#213 = FILL_AREA_STYLE_COLOUR ( '', #42 ) ;
#214 = DIRECTION ( 'NONE',  ( -0.000000000000000000, -0.000000000000000000, -1.000000000000000000 ) ) ;
#215 = CARTESIAN_POINT ( 'NONE',  ( 2.499999999999999556, -0.5731255805401034298, 0.6891921766128368265 ) ) ;
#216 = CARTESIAN_POINT ( 'NONE',  ( 2.490000000000000213, -0.2134146341463417085, 0.7236923506358425850 ) ) ;
#217 = CARTESIAN_POINT ( 'NONE',  ( 2.490000000000001545, -0.3789534589230549311, 0.7272048303693324778 ) ) ;
#218 = CARTESIAN_POINT ( 'NONE',  ( 2.490000000000001101, -0.6028399312424838064, 0.2692324835745237843 ) ) ;
#219 = DIRECTION ( 'NONE',  ( 0.000000000000000000, 0.000000000000000000, -1.000000000000000000 ) ) ;
#220 = CARTESIAN_POINT ( 'NONE',  ( 2.500000000000000444, -0.3523311418886923563, 0.6626084250295868339 ) ) ;
#221 = FACE_OUTER_BOUND ( 'NONE', #367, .T. ) ;
#222 = CARTESIAN_POINT ( 'NONE',  ( 2.500000000000000000, 0.5546784324498392760, 0.4890439229422031131 ) ) ;
#223 = CARTESIAN_POINT ( 'NONE',  ( 2.500000000000000000, -0.3394609096654184199, 0.2903148954816517358 ) ) ;
#224 = ORIENTED_EDGE ( 'NONE', *, *, #2098, .T. ) ;
#225 = ADVANCED_FACE ( 'NONE', ( #1868 ), #3104, .T. ) ;
#226 = ORIENTED_EDGE ( 'NONE', *, *, #58, .F. ) ;
#227 = DIRECTION ( 'NONE',  ( 0.000000000000000000, 0.000000000000000000, -1.000000000000000000 ) ) ;
#228 = ORIENTED_EDGE ( 'NONE', *, *, #858, .T. ) ;
#229 = EDGE_CURVE ( 'NONE', #2354, #1026, #2127, .T. ) ;
#230 = CARTESIAN_POINT ( 'NONE',  ( 2.490000000000000213, 0.03048780487804853695, 0.4493021067334035390 ) ) ;
#231 = CARTESIAN_POINT ( 'NONE',  ( 2.490000000000000657, 0.3027263011538968707, 0.7234875532916761331 ) ) ;
#232 = CARTESIAN_POINT ( 'NONE',  ( 2.489999999999999325, -0.5503297470537523717, 0.6323231979320382834 ) ) ;
#233 = CARTESIAN_POINT ( 'NONE',  ( 2.490000000000001101, 0.3341406151420345805, 0.2815738841938798531 ) ) ;
#234 = LINE ( 'NONE', #3344, #2322 ) ;
#235 = CARTESIAN_POINT ( 'NONE',  ( 2.499999999999999556, -0.4942639298523535119, 0.2795600270628612050 ) ) ;
#236 = CARTESIAN_POINT ( 'NONE',  ( -2.500000000000000000, 0.000000000000000000, 1.000000000000000000 ) ) ;
#237 = CARTESIAN_POINT ( 'NONE',  ( 2.500000000000000000, -0.3109756097560976151, 0.2496069847821840715 ) ) ;
#238 = CARTESIAN_POINT ( 'NONE',  ( 2.500000000000000444, 0.3027263011538968707, 0.7234875532916761331 ) ) ;
#239 = DIRECTION ( 'NONE',  ( 1.000000000000000000, -0.000000000000000000, -0.000000000000000000 ) ) ;
#240 = AXIS2_PLACEMENT_3D ( 'NONE', #970, #3003, #2525 ) ;
#241 = PRESENTATION_LAYER_ASSIGNMENT (  '', '', ( #2143 ) ) ;
#242 = AXIS2_PLACEMENT_3D ( 'NONE', #2283, #2550, #803 ) ;
#243 = AXIS2_PLACEMENT_3D ( 'NONE', #798, #2604, #1834 ) ;
#244 = VERTEX_POINT ( 'NONE', #1313 ) ;
#245 = ADVANCED_FACE ( 'NONE', ( #26, #2092 ), #2846, .F. ) ;
#246 = DIRECTION ( 'NONE',  ( -0.000000000000000000, -0.000000000000000000, -1.000000000000000000 ) ) ;
#247 = ORIENTED_EDGE ( 'NONE', *, *, #2876, .F. ) ;
#248 = FACE_OUTER_BOUND ( 'NONE', #1545, .T. ) ;
#249 = VECTOR ( 'NONE', #761, 1000.000000000000000 ) ;
#250 = CARTESIAN_POINT ( 'NONE',  ( -1.020000000000000018, -0.2499999999999998335, -3.500000000000000000 ) ) ;
#251 = ORIENTED_EDGE ( 'NONE', *, *, #3313, .F. ) ;
#252 = ADVANCED_FACE ( 'NONE', ( #2864 ), #650, .T. ) ;
#253 = CARTESIAN_POINT ( 'NONE',  ( 2.500000000000000000, -1.566045976336583045, 0.000000000000000000 ) ) ;
#254 = CARTESIAN_POINT ( 'NONE',  ( 2.489999999999999769, 0.4872971351483575408, 0.4559156007068454475 ) ) ;
#255 = CARTESIAN_POINT ( 'NONE',  ( 2.500000000000000000, -0.6792951742959072448, 0.4116008185653479701 ) ) ;
#256 = CARTESIAN_POINT ( 'NONE',  ( 2.490000000000000213, 0.000000000000000000, 0.000000000000000000 ) ) ;
#257 = FACE_OUTER_BOUND ( 'NONE', #2218, .T. ) ;
#258 = CARTESIAN_POINT ( 'NONE',  ( 2.499999999999999112, -0.6031475720538407304, 0.5533592602733590216 ) ) ;
#259 = CARTESIAN_POINT ( 'NONE',  ( 2.499999999999999556, -0.4038117729642032860, 0.2743123964844801366 ) ) ;
#260 = AXIS2_PLACEMENT_3D ( 'NONE', #2107, #1157, #2505 ) ;
#261 = ORIENTED_EDGE ( 'NONE', *, *, #896, .F. ) ;
#262 = FACE_BOUND ( 'NONE', #825, .T. ) ;
#263 = ORIENTED_EDGE ( 'NONE', *, *, #500, .F. ) ;
#264 = CARTESIAN_POINT ( 'NONE',  ( 2.490000000000000657, -0.3494659985123483303, 0.7222801398054289335 ) ) ;
#265 = CARTESIAN_POINT ( 'NONE',  ( 2.500000000000000000, -1.566045976336583045, 1.000000000000000000 ) ) ;
#266 = COLOUR_RGB ( '',0.8509803921568627194, 0.8509803921568627194, 0.8509803921568627194 ) ;
#267 = ORIENTED_EDGE ( 'NONE', *, *, #2625, .F. ) ;
#268 = CARTESIAN_POINT ( 'NONE',  ( 2.489999999999999769, -0.3359067750317611400, 0.7187913505427298011 ) ) ;
#269 = DIRECTION ( 'NONE',  ( -4.336808689942017736E-16, -1.000000000000000000, -0.000000000000000000 ) ) ;
#270 = EDGE_CURVE ( 'NONE', #286, #1945, #2109, .T. ) ;
#271 = CARTESIAN_POINT ( 'NONE',  ( 2.500000000000000000, -0.6584940720764861366, 0.3420743049033029282 ) ) ;
#272 = CARTESIAN_POINT ( 'NONE',  ( 2.490000000000000657, -0.4285799291129851474, 0.2178290264340283222 ) ) ;
#273 = ADVANCED_FACE ( 'NONE', ( #2142 ), #636, .T. ) ;
#274 = CARTESIAN_POINT ( 'NONE',  ( 2.500000000000000000, 0.8038300304878049918, 0.6276557652699888967 ) ) ;
#275 = CARTESIAN_POINT ( 'NONE',  ( 2.500000000000000000, 0.8118330792682927344, 0.6627167408797449699 ) ) ;
#276 = ORIENTED_EDGE ( 'NONE', *, *, #1748, .T. ) ;
#277 = ORIENTED_EDGE ( 'NONE', *, *, #1889, .T. ) ;
#278 = FACE_OUTER_BOUND ( 'NONE', #2993, .T. ) ;
#279 = ORIENTED_EDGE ( 'NONE', *, *, #3232, .T. ) ;
#280 = FACE_OUTER_BOUND ( 'NONE', #1267, .T. ) ;
#281 = CARTESIAN_POINT ( 'NONE',  ( 2.490000000000000213, 0.2904916158536587911, 0.2785703994163303832 ) ) ;
#282 = LINE ( 'NONE', #1900, #2914 ) ;
#283 = DIRECTION ( 'NONE',  ( 0.000000000000000000, -1.000000000000000000, 0.000000000000000000 ) ) ;
#284 = EDGE_CURVE ( 'NONE', #377, #2151, #1676, .T. ) ;
#285 = LINE ( 'NONE', #495, #2088 ) ;
#286 = VERTEX_POINT ( 'NONE', #1175 ) ;
#287 = CARTESIAN_POINT ( 'NONE',  ( 2.500000000000000000, -0.5761359759601083486, 0.6047438974713337245 ) ) ;
#288 = CARTESIAN_POINT ( 'NONE',  ( 2.489999999999999325, -0.3248036304379759986, 0.2966964396749421362 ) ) ;
#289 = ADVANCED_FACE ( 'NONE', ( #120 ), #855, .T. ) ;
#290 = ORIENTED_EDGE ( 'NONE', *, *, #2113, .F. ) ;
#291 = LINE ( 'NONE', #2146, #758 ) ;
#292 = ORIENTED_EDGE ( 'NONE', *, *, #353, .F. ) ;
#293 = LINE ( 'NONE', #2870, #1888 ) ;
#294 = VECTOR ( 'NONE', #718, 1000.000000000000000 ) ;
#295 = VECTOR ( 'NONE', #1471, 1000.000000000000000 ) ;
#296 = VERTEX_POINT ( 'NONE', #3210 ) ;
#297 = PLANE ( 'NONE',  #3244 ) ;
#298 = MECHANICAL_DESIGN_GEOMETRIC_PRESENTATION_REPRESENTATION (  '', ( #1871 ), #903 ) ;
#299 = CARTESIAN_POINT ( 'NONE',  ( 2.500000000000000000, -0.4286394817073171382, 0.7297899116114523466 ) ) ;
#300 = DIRECTION ( 'NONE',  ( 0.000000000000000000, 1.000000000000000000, 0.000000000000000000 ) ) ;
#301 = PLANE ( 'NONE',  #2973 ) ;
#302 = CARTESIAN_POINT ( 'NONE',  ( 2.490000000000000213, 0.4806392962021380777, 0.2933588871937260478 ) ) ;
#303 = ORIENTED_EDGE ( 'NONE', *, *, #479, .T. ) ;
#304 = ADVANCED_FACE ( 'NONE', ( #1711 ), #1158, .T. ) ;
#305 = DIRECTION ( 'NONE',  ( 0.000000000000000000, 0.000000000000000000, -1.000000000000000000 ) ) ;
#306 = CARTESIAN_POINT ( 'NONE',  ( 2.490000000000000213, -0.6158536585365854688, 0.4683569847821840160 ) ) ;
#307 = LINE ( 'NONE', #2256, #1716 ) ;
#308 = EDGE_CURVE ( 'NONE', #1026, #2081, #2671, .T. ) ;
#309 = VERTEX_POINT ( 'NONE', #1694 ) ;
#310 = CARTESIAN_POINT ( 'NONE',  ( 2.499999999999999112, 0.4805926915323623372, 0.6579239205722705597 ) ) ;
#311 = CARTESIAN_POINT ( 'NONE',  ( 2.500000000000000444, -0.4228260513954066324, 0.7297482393936483014 ) ) ;
#312 = VERTEX_POINT ( 'NONE', #923 ) ;
#313 = CARTESIAN_POINT ( 'NONE',  ( 2.490000000000000213, -0.9817073170731707155, 0.2236923506358425850 ) ) ;
#314 = ORIENTED_EDGE ( 'NONE', *, *, #2808, .T. ) ;
#315 = CARTESIAN_POINT ( 'NONE',  ( 2.500000000000000000, -0.5653870655231136855, 0.2436057403482928818 ) ) ;
#316 = CARTESIAN_POINT ( 'NONE',  ( 2.489999999999999325, -0.4123440683672711660, 0.6746741308059869269 ) ) ;
#317 = STYLED_ITEM ( 'NONE', ( #1996 ), #2298 ) ;
#318 = FACE_OUTER_BOUND ( 'NONE', #434, .T. ) ;
#319 = CARTESIAN_POINT ( 'NONE',  ( 2.499999999999999556, -0.5107801034039830546, 0.2853809698617769119 ) ) ;
#320 = CARTESIAN_POINT ( 'NONE',  ( 2.500000000000000000, 0.5548780487804880757, 0.4799804603919401447 ) ) ;
#321 = CARTESIAN_POINT ( 'NONE',  ( 2.500000000000000000, -0.1463414634146343873, 0.6688143018553547314 ) ) ;
#322 = SURFACE_STYLE_USAGE ( .BOTH. , #2661 ) ;
#323 = EDGE_LOOP ( 'NONE', ( #3281, #2, #1199, #3183, #228 ) ) ;
#324 = CARTESIAN_POINT ( 'NONE',  ( 2.489999999999999325, 0.4579672835350870885, 0.5944135526975160566 ) ) ;
#325 = ADVANCED_FACE ( 'NONE', ( #1437 ), #50, .T. ) ;
#326 = ORIENTED_EDGE ( 'NONE', *, *, #1465, .F. ) ;
#327 = LINE ( 'NONE', #1373, #37 ) ;
#328 = FILL_AREA_STYLE_COLOUR ( '', #574 ) ;
#329 = B_SPLINE_CURVE_WITH_KNOTS ( 'NONE', 3,
 ( #1264, #2093, #1528, #2060, #800, #1314, #511 ),
 .UNSPECIFIED., .F., .F.,
 ( 4, 1, 1, 1, 4 ),
 ( 0.000000000000000000, 0.1744817153170502844, 0.3982857591281139809, 0.6738978473986654283, 1.000000000000000000 ),
 .UNSPECIFIED. ) ;
#330 = ORIENTED_EDGE ( 'NONE', *, *, #2714, .T. ) ;
#331 = CARTESIAN_POINT ( 'NONE',  ( 2.490000000000000213, -0.5653870655231136855, 0.2436057403482928818 ) ) ;
#332 = EDGE_CURVE ( 'NONE', #2344, #2383, #529, .T. ) ;
#333 = CARTESIAN_POINT ( 'NONE',  ( 2.490000000000000213, -0.2134146341463417085, 0.2236923506358425850 ) ) ;
#334 = CARTESIAN_POINT ( 'NONE',  ( 2.489999999999999325, 0.4873237586209716032, 0.5010986632631188042 ) ) ;
#335 = CARTESIAN_POINT ( 'NONE',  ( 2.500000000000000000, 0.1524390243902441211, 0.2236923506358425850 ) ) ;
#336 = CARTESIAN_POINT ( 'NONE',  ( 2.500000000000000888, -0.6040265442526390194, 0.3876784787311133851 ) ) ;
#337 = CARTESIAN_POINT ( 'NONE',  ( 2.500000000000000444, 0.4876323545444964380, 0.4708600546263441156 ) ) ;
#338 = LINE ( 'NONE', #1675, #3031 ) ;
#339 = DIRECTION ( 'NONE',  ( 1.000000000000000000, -0.000000000000000000, -0.000000000000000000 ) ) ;
#340 = CARTESIAN_POINT ( 'NONE',  ( 2.490000000000000213, 0.8045857424527086410, 0.6299347042733699498 ) ) ;
#341 = CARTESIAN_POINT ( 'NONE',  ( 2.500000000000000000, -0.9146341463414634498, 0.7236923506358425850 ) ) ;
#342 = DIRECTION ( 'NONE',  ( 1.000000000000000000, -0.000000000000000000, -0.000000000000000000 ) ) ;
#343 = DIRECTION ( 'NONE',  ( 0.000000000000000000, 0.000000000000000000, 1.000000000000000000 ) ) ;
#344 = ORIENTED_EDGE ( 'NONE', *, *, #3299, .T. ) ;
#345 = LINE ( 'NONE', #1390, #2749 ) ;
#346 = EDGE_CURVE ( 'NONE', #32, #3009, #2523, .T. ) ;
#347 = ORIENTED_EDGE ( 'NONE', *, *, #1488, .F. ) ;
#348 = CARTESIAN_POINT ( 'NONE',  ( 2.490000000000000213, -0.6792951742959072448, 0.4116008185653479701 ) ) ;
#349 = CARTESIAN_POINT ( 'NONE',  ( 2.490000000000000657, -0.3242558045063159700, 0.6506164612294940142 ) ) ;
#350 = VECTOR ( 'NONE', #584, 1000.000000000000000 ) ;
#351 = VECTOR ( 'NONE', #79, 1000.000000000000000 ) ;
#352 = CARTESIAN_POINT ( 'NONE',  ( 2.490000000000000213, -0.1463414634146343873, 0.5041801555138913926 ) ) ;
#353 = EDGE_CURVE ( 'NONE', #827, #3259, #1303, .T. ) ;
#354 = VECTOR ( 'NONE', #2379, 1000.000000000000000 ) ;
#355 = CARTESIAN_POINT ( 'NONE',  ( 2.490000000000001101, -0.5410008047416681176, 0.3020690981457891389 ) ) ;
#356 =( NAMED_UNIT ( * ) SI_UNIT ( $, .STERADIAN. ) SOLID_ANGLE_UNIT ( ) );
#357 = CARTESIAN_POINT ( 'NONE',  ( 2.500000000000000444, 0.3907638005076691234, 0.2988218143742221167 ) ) ;
#358 = DIRECTION ( 'NONE',  ( -0.000000000000000000, -0.000000000000000000, -1.000000000000000000 ) ) ;
#359 = CARTESIAN_POINT ( 'NONE',  ( 2.490000000000000213, -0.6157147804115380429, 0.4610463654318743831 ) ) ;
#360 = CARTESIAN_POINT ( 'NONE',  ( 2.500000000000000000, 0.8082893805652041630, 0.6430058272639380679 ) ) ;
#361 = EDGE_LOOP ( 'NONE', ( #2910, #1030, #1839, #1103 ) ) ;
#362 = CARTESIAN_POINT ( 'NONE',  ( 2.490000000000000213, 0.4878048780487807545, 0.4785513445382816866 ) ) ;
#363 = LINE ( 'NONE', #895, #1838 ) ;
#364 = ORIENTED_EDGE ( 'NONE', *, *, #1861, .F. ) ;
#365 = CARTESIAN_POINT ( 'NONE',  ( 0.000000000000000000, 0.000000000000000000, 6.099999999999999645 ) ) ;
#366 = B_SPLINE_CURVE_WITH_KNOTS ( 'NONE', 3,
 ( #281, #1321, #1519, #233, #2840, #4, #1273, #1770, #471, #795, #2333, #1829, #2285, #1259, #2858, #1536, #254, #778, #1052 ),
 .UNSPECIFIED., .F., .F.,
 ( 4, 1, 1, 1, 1, 1, 1, 1, 1, 1, 1, 1, 1, 1, 1, 1, 4 ),
 ( 0.000000000000000000, 0.07083094766000895548, 0.1381775682686504914, 0.2024878388566209442, 0.2639900606219178769, 0.3234002964737123786, 0.3818212071472359415, 0.4394172165590940482, 0.4971338881340985338, 0.5548969011186466460, 0.6129801977060126417, 0.6715185466612459964, 0.7316391459054637503, 0.7942851049615082815, 0.8594735249026045354, 0.9276768581776968503, 1.000000000000000000 ),
 .UNSPECIFIED. ) ;
#367 = EDGE_LOOP ( 'NONE', ( #2365, #3017, #409, #1216 ) ) ;
#368 = DIRECTION ( 'NONE',  ( -0.000000000000000000, -0.000000000000000000, -1.000000000000000000 ) ) ;
#369 = CARTESIAN_POINT ( 'NONE',  ( 2.490000000000001101, 0.3341406151420345805, 0.2815738841938798531 ) ) ;
#370 = AXIS2_PLACEMENT_3D ( 'NONE', #43, #2368, #597 ) ;
#371 = CARTESIAN_POINT ( 'NONE',  ( 2.500000000000000444, 0.3003742112840660505, 0.6686678047750246323 ) ) ;
#372 = LINE ( 'NONE', #1654, #3057 ) ;
#373 = CARTESIAN_POINT ( 'NONE',  ( 2.489999999999999325, 0.4980903209863234427, 0.3115296658277703634 ) ) ;
#374 = VECTOR ( 'NONE', #1508, 1000.000000000000000 ) ;
#375 = DIRECTION ( 'NONE',  ( 1.000000000000000000, -0.000000000000000000, -0.000000000000000000 ) ) ;
#376 = CLOSED_SHELL ( 'NONE', ( #670, #2298, #704, #2359, #1623, #2502, #1165, #388, #252, #956, #2278, #35, #1911, #304, #2177, #1246, #2561, #245, #535, #225, #1581, #289, #2281, #787, #2674, #2355, #2139, #1209, #2710, #1061, #139, #1312, #3258, #412, #2729, #3218, #3190, #1308, #2646, #1771, #582, #8, #1603, #1791, #166, #273, #2221, #1824, #2388, #2599, #2203, #3049, #432, #691, #2499, #183, #325, #1526, #1268, #555, #2949, #2078, #437, #811, #1265, #1930, #1973, #608, #2010, #1423, #3237, #99, #2236, #2440, #831, #2258, #3005, #1418 ) ) ;
#377 = VERTEX_POINT ( 'NONE', #2294 ) ;
#378 = CARTESIAN_POINT ( 'NONE',  ( 2.489999999999999769, 0.4876414147478185801, 0.4862119355133649456 ) ) ;
#379 = CARTESIAN_POINT ( 'NONE',  ( 2.500000000000000444, -0.3242558045063159700, 0.6506164612294940142 ) ) ;
#380 = ORIENTED_EDGE ( 'NONE', *, *, #2254, .F. ) ;
#381 = PRESENTATION_STYLE_ASSIGNMENT (( #1700 ) ) ;
#382 = ORIENTED_EDGE ( 'NONE', *, *, #1991, .F. ) ;
#383 = CARTESIAN_POINT ( 'NONE',  ( 2.490000000000000657, 0.3027263011538968707, 0.7234875532916761331 ) ) ;
#384 = CARTESIAN_POINT ( 'NONE',  ( 2.500000000000000888, 0.4222168278909073091, 0.3185876416745202500 ) ) ;
#385 = CARTESIAN_POINT ( 'NONE',  ( 2.490000000000000213, -0.4286394817073171382, 0.7297899116114523466 ) ) ;
#386 = LINE ( 'NONE', #2471, #2032 ) ;
#387 = CARTESIAN_POINT ( 'NONE',  ( 2.490000000000000657, 0.8062193102706340930, 0.6348609216522530518 ) ) ;
#388 = ADVANCED_FACE ( 'NONE', ( #2311 ), #760, .T. ) ;
#389 = CARTESIAN_POINT ( 'NONE',  ( 2.490000000000000213, -0.6158536585365854688, 0.4683569847821840160 ) ) ;
#390 = LINE ( 'NONE', #3274, #2195 ) ;
#391 = EDGE_CURVE ( 'NONE', #90, #286, #3319, .T. ) ;
#392 = DIRECTION ( 'NONE',  ( 1.000000000000000000, -0.000000000000000000, -0.000000000000000000 ) ) ;
#393 = CARTESIAN_POINT ( 'NONE',  ( 1.520000000000000018, -0.2499999999999998335, -3.500000000000000000 ) ) ;
#394 = ORIENTED_EDGE ( 'NONE', *, *, #900, .F. ) ;
#395 = VERTEX_POINT ( 'NONE', #2563 ) ;
#396 = CARTESIAN_POINT ( 'NONE',  ( 2.489999999999999769, 0.4409666209031045114, 0.6868645551518046677 ) ) ;
#397 = CARTESIAN_POINT ( 'NONE',  ( 2.500000000000000444, -0.4553857142652429357, 0.7291674344238718852 ) ) ;
#398 = PRESENTATION_STYLE_ASSIGNMENT (( #2222 ) ) ;
#399 = SURFACE_SIDE_STYLE ('',( #1070 ) ) ;
#400 = VECTOR ( 'NONE', #138, 1000.000000000000000 ) ;
#401 = CARTESIAN_POINT ( 'NONE',  ( 2.490000000000000657, 0.2883955792682930119, 0.2236923506358425850 ) ) ;
#402 = STYLED_ITEM ( 'NONE', ( #1214 ), #1423 ) ;
#403 = VECTOR ( 'NONE', #269, 1000.000000000000000 ) ;
#404 = ORIENTED_EDGE ( 'NONE', *, *, #2028, .F. ) ;
#405 = CARTESIAN_POINT ( 'NONE',  ( 2.500000000000000444, 0.5506623980646333516, 0.4250089634534959804 ) ) ;
#406 = DIRECTION ( 'NONE',  ( 0.000000000000000000, 0.000000000000000000, -1.000000000000000000 ) ) ;
#407 = PRESENTATION_LAYER_ASSIGNMENT (  '', '', ( #1871 ) ) ;
#408 = B_SPLINE_SURFACE_WITH_KNOTS ( 'NONE', 3, 1, ( 
 ( #2307, #275 ),
 ( #3364, #1044 ),
 ( #2075, #3105 ),
 ( #1058, #360 ),
 ( #2697, #1622 ),
 ( #340, #838 ),
 ( #1109, #2376 ) ),
 .UNSPECIFIED., .F., .F., .F.,
 ( 4, 1, 1, 1, 4 ),
 ( 2, 2 ),
 ( 0.000000000000000000, 0.3005411131585105644, 0.5677471464835982529, 0.8000336137369800094, 1.000000000000000000 ),
 ( 0.000000000000000000, 1.000000000000000000 ),
 .UNSPECIFIED. ) ;
#409 = ORIENTED_EDGE ( 'NONE', *, *, #1666, .T. ) ;
#410 = EDGE_LOOP ( 'NONE', ( #1480, #1151, #942, #2904 ) ) ;
#411 = CARTESIAN_POINT ( 'NONE',  ( 2.500000000000000000, -1.566045976336583045, 1.000000000000000000 ) ) ;
#412 = ADVANCED_FACE ( 'NONE', ( #2793 ), #467, .T. ) ;
#413 = EDGE_LOOP ( 'NONE', ( #2837, #623, #2817, #2133 ) ) ;
#414 = CARTESIAN_POINT ( 'NONE',  ( 2.500000000000000000, 0.8134527439024390461, 0.6627167408797449699 ) ) ;
#415 = VERTEX_POINT ( 'NONE', #1546 ) ;
#416 = CARTESIAN_POINT ( 'NONE',  ( 2.490000000000000657, -0.6114276053054366056, 0.6571704533361367728 ) ) ;
#417 = CARTESIAN_POINT ( 'NONE',  ( 2.489999999999999325, 0.4587940853905138061, 0.3600703385204816476 ) ) ;
#418 = PRESENTATION_LAYER_ASSIGNMENT (  '', '', ( #148 ) ) ;
#419 =( LENGTH_UNIT ( ) NAMED_UNIT ( * ) SI_UNIT ( .MILLI., .METRE. ) );
#420 = CARTESIAN_POINT ( 'NONE',  ( 2.499999999999999556, -0.5866929831863368916, 0.5887786499939665630 ) ) ;
#421 = CARTESIAN_POINT ( 'NONE',  ( 2.490000000000000213, 0.5262841260377207897, 0.3525272168882493951 ) ) ;
#422 = VECTOR ( 'NONE', #2155, 1000.000000000000000 ) ;
#423 = ORIENTED_EDGE ( 'NONE', *, *, #122, .F. ) ;
#424 = DIRECTION ( 'NONE',  ( 0.000000000000000000, -1.000000000000000000, -0.000000000000000000 ) ) ;
#425 = CARTESIAN_POINT ( 'NONE',  ( 2.490000000000000213, 0.000000000000000000, 0.000000000000000000 ) ) ;
#426 = VECTOR ( 'NONE', #91, 1000.000000000000227 ) ;
#427 = AXIS2_PLACEMENT_3D ( 'NONE', #1481, #128, #143 ) ;
#428 = DIRECTION ( 'NONE',  ( 1.000000000000000000, -0.000000000000000000, -0.000000000000000000 ) ) ;
#429 = ORIENTED_EDGE ( 'NONE', *, *, #3086, .T. ) ;
#430 = AXIS2_PLACEMENT_3D ( 'NONE', #3176, #2373, #854 ) ;
#431 = VERTEX_POINT ( 'NONE', #1564 ) ;
#432 = ADVANCED_FACE ( 'NONE', ( #248 ), #2571, .T. ) ;
#433 = DIRECTION ( 'NONE',  ( -1.000000000000000000, 4.336808689942017736E-16, 0.000000000000000000 ) ) ;
#434 = EDGE_LOOP ( 'NONE', ( #2851, #572, #2702, #586, #1993 ) ) ;
#435 = CARTESIAN_POINT ( 'NONE',  ( 2.490000000000000213, -0.6788937982549133610, 0.5208638723568240758 ) ) ;
#436 = DIRECTION ( 'NONE',  ( 0.000000000000000000, 0.000000000000000000, -1.000000000000000000 ) ) ;
#437 = ADVANCED_FACE ( 'NONE', ( #863 ), #2116, .T. ) ;
#438 = DIRECTION ( 'NONE',  ( 0.000000000000000000, 1.000000000000000000, 0.000000000000000000 ) ) ;
#439 = DIRECTION ( 'NONE',  ( -1.000000000000000000, 0.000000000000000000, 0.000000000000000000 ) ) ;
#440 = B_SPLINE_SURFACE_WITH_KNOTS ( 'NONE', 3, 1, ( 
 ( #100, #320 ),
 ( #3208, #2408 ),
 ( #889, #3188 ),
 ( #2370, #2953 ),
 ( #873, #1882 ),
 ( #2190, #634 ),
 ( #2971, #1674 ),
 ( #1419, #2693 ),
 ( #373, #2622 ),
 ( #302, #1347 ),
 ( #44, #2125 ),
 ( #834, #2918 ),
 ( #2393, #65 ),
 ( #1107, #2724 ),
 ( #2251, #985 ),
 ( #1504, #2270 ),
 ( #151, #3288 ),
 ( #682, #1434 ),
 ( #1691, #2224 ) ),
 .UNSPECIFIED., .F., .F., .F.,
 ( 4, 1, 1, 1, 1, 1, 1, 1, 1, 1, 1, 1, 1, 1, 1, 1, 4 ),
 ( 2, 2 ),
 ( 0.000000000000000000, 0.06806869584499410097, 0.1334274328189550551, 0.1961460338131565118, 0.2570485924493128294, 0.3168826631591620813, 0.3761872086663216597, 0.4359603353635462808, 0.4965352368627264368, 0.5574653434807332886, 0.6176868634101470024, 0.6779436406969062689, 0.7388052848060404632, 0.8009493367665844188, 0.8648146674702269499, 0.9310247810786572709, 1.000000000000000000 ),
 ( 0.000000000000000000, 1.000000000000000000 ),
 .UNSPECIFIED. ) ;
#441 = EDGE_LOOP ( 'NONE', ( #224, #1348, #1929, #1255, #2228 ) ) ;
#442 = DIRECTION ( 'NONE',  ( 0.000000000000000000, -1.000000000000000000, 0.000000000000000000 ) ) ;
#443 = LINE ( 'NONE', #2474, #2776 ) ;
#444 = CARTESIAN_POINT ( 'NONE',  ( 2.490000000000000213, 0.05487804878048758300, 0.2785703994163303832 ) ) ;
#445 = LINE ( 'NONE', #2022, #3091 ) ;
#446 = CARTESIAN_POINT ( 'NONE',  ( 2.500000000000000000, 0.03048780487804853695, 0.4493021067334035390 ) ) ;
#447 = VERTEX_POINT ( 'NONE', #607 ) ;
#448 = ORIENTED_EDGE ( 'NONE', *, *, #1619, .T. ) ;
#449 = SURFACE_SIDE_STYLE ('',( #3351 ) ) ;
#450 = CARTESIAN_POINT ( 'NONE',  ( 2.500000000000000444, -0.4376700323802781845, 0.7295797395143904795 ) ) ;
#451 = CARTESIAN_POINT ( 'NONE',  ( 2.500000000000000888, -0.6653537604718505749, 0.5721956776630960917 ) ) ;
#452 = EDGE_CURVE ( 'NONE', #2974, #159, #2634, .T. ) ;
#453 = CARTESIAN_POINT ( 'NONE',  ( 2.490000000000000213, 0.5367583964629686344, 0.5800971966841231842 ) ) ;
#454 = CARTESIAN_POINT ( 'NONE',  ( 2.499999999999999112, -0.6031475720538407304, 0.5533592602733590216 ) ) ;
#455 = CARTESIAN_POINT ( 'NONE',  ( 2.490000000000000213, 0.5367801690928424296, 0.3752440545629748270 ) ) ;
#456 = DIRECTION ( 'NONE',  ( 1.000000000000000000, -0.000000000000000000, -0.000000000000000000 ) ) ;
#457 = DIRECTION ( 'NONE',  ( -0.000000000000000000, 0.000000000000000000, 1.000000000000000000 ) ) ;
#458 = CARTESIAN_POINT ( 'NONE',  ( 2.490000000000000213, -0.3109756097560976151, 0.3044850335626718696 ) ) ;
#459 =( GEOMETRIC_REPRESENTATION_CONTEXT ( 3 ) GLOBAL_UNCERTAINTY_ASSIGNED_CONTEXT ( ( #1403 ) ) GLOBAL_UNIT_ASSIGNED_CONTEXT ( ( #2192, #2940, #563 ) ) REPRESENTATION_CONTEXT ( 'NONE', 'WORKASPACE' ) );
#460 = VECTOR ( 'NONE', #2174, 1000.000000000000000 ) ;
#461 = LINE ( 'NONE', #1494, #3038 ) ;
#462 = VECTOR ( 'NONE', #2266, 1000.000000000000000 ) ;
#463 = EDGE_LOOP ( 'NONE', ( #1228, #3060, #1794, #2812, #3227, #261 ) ) ;
#464 = ORIENTED_EDGE ( 'NONE', *, *, #804, .T. ) ;
#465 =( LENGTH_UNIT ( ) NAMED_UNIT ( * ) SI_UNIT ( .MILLI., .METRE. ) );
#466 = VERTEX_POINT ( 'NONE', #1610 ) ;
#467 = PLANE ( 'NONE',  #155 ) ;
#468 = CARTESIAN_POINT ( 'NONE',  ( 2.500000000000000000, 0.4878048780487806990, 0.4785513445382816311 ) ) ;
#469 = DIRECTION ( 'NONE',  ( 1.000000000000000000, 5.652613999695257423E-13, -1.191568419609975857E-12 ) ) ;
#470 = PLANE ( 'NONE',  #1894 ) ;
#471 = CARTESIAN_POINT ( 'NONE',  ( 2.490000000000001101, 0.4222168278909073091, 0.3185876416745202500 ) ) ;
#472 = CARTESIAN_POINT ( 'NONE',  ( 2.490000000000000213, -0.9146341463414634498, 0.7236923506358425850 ) ) ;
#473 = FACE_OUTER_BOUND ( 'NONE', #2546, .T. ) ;
#474 = EDGE_CURVE ( 'NONE', #1970, #3259, #293, .T. ) ;
#475 = CARTESIAN_POINT ( 'NONE',  ( 2.500000000000000000, -0.9817073170731707155, 0.7236923506358425850 ) ) ;
#476 = MECHANICAL_DESIGN_GEOMETRIC_PRESENTATION_REPRESENTATION (  '', ( #644 ), #917 ) ;
#477 = CARTESIAN_POINT ( 'NONE',  ( 2.490000000000000213, -0.4481302321314790116, 0.6744834077329971977 ) ) ;
#478 = CARTESIAN_POINT ( 'NONE',  ( 2.500000000000000000, -0.7256097560975609539, 0.2236923506358425850 ) ) ;
#479 = EDGE_CURVE ( 'NONE', #2633, #2397, #2132, .T. ) ;
#480 = VERTEX_POINT ( 'NONE', #1628 ) ;
#481 = VECTOR ( 'NONE', #22, 1000.000000000000000 ) ;
#482 = ORIENTED_EDGE ( 'NONE', *, *, #3343, .T. ) ;
#483 = COLOUR_RGB ( '',1.000000000000000000, 1.000000000000000000, 1.000000000000000000 ) ;
#484 =( NAMED_UNIT ( * ) SI_UNIT ( $, .STERADIAN. ) SOLID_ANGLE_UNIT ( ) );
#485 = ORIENTED_EDGE ( 'NONE', *, *, #1329, .F. ) ;
#486 = CARTESIAN_POINT ( 'NONE',  ( 2.490000000000000213, 0.2195121951219514422, 0.2785703994163303832 ) ) ;
#487 = CARTESIAN_POINT ( 'NONE',  ( 2.500000000000000000, -0.6822832953199228223, 0.4930263108563237018 ) ) ;
#488 = AXIS2_PLACEMENT_3D ( 'NONE', #671, #3245, #2682 ) ;
#489 = CARTESIAN_POINT ( 'NONE',  ( 2.489999999999999769, 0.3723462666522662778, 0.7147427893813803612 ) ) ;
#490 = CARTESIAN_POINT ( 'NONE',  ( 2.490000000000000213, -0.3230699268645669808, 0.7148821884000620130 ) ) ;
#491 = DIRECTION ( 'NONE',  ( 1.000000000000000000, -0.000000000000000000, -0.000000000000000000 ) ) ;
#492 = CARTESIAN_POINT ( 'NONE',  ( 2.499999999999999112, -0.5446168912452445943, 0.2339902657615163251 ) ) ;
#493 = CARTESIAN_POINT ( 'NONE',  ( 2.500000000000000000, -0.4393102134146342208, 0.2724728384407206216 ) ) ;
#494 = CARTESIAN_POINT ( 'NONE',  ( 2.490000000000000657, -0.4332725031317559705, 0.2725521087144309185 ) ) ;
#495 = CARTESIAN_POINT ( 'NONE',  ( 2.490000000000000213, 0.7804878048780488076, 0.7236923506358425850 ) ) ;
#496 = EDGE_CURVE ( 'NONE', #2199, #1926, #2051, .T. ) ;
#497 = DIRECTION ( 'NONE',  ( 0.000000000000000000, 1.000000000000000000, 0.000000000000000000 ) ) ;
#498 = CARTESIAN_POINT ( 'NONE',  ( 2.490000000000000213, 0.7292301829268293956, 0.4188143018553547869 ) ) ;
#499 = EDGE_LOOP ( 'NONE', ( #326, #1489, #1063, #303 ) ) ;
#500 = EDGE_CURVE ( 'NONE', #1699, #1593, #1116, .T. ) ;
#501 = ORIENTED_EDGE ( 'NONE', *, *, #2382, .F. ) ;
#502 = VERTEX_POINT ( 'NONE', #2612 ) ;
#503 = CARTESIAN_POINT ( 'NONE',  ( 2.489999999999999769, 0.4808284194116039800, 0.4136700295926151183 ) ) ;
#504 = ORIENTED_EDGE ( 'NONE', *, *, #2734, .F. ) ;
#505 = LINE ( 'NONE', #3065, #808 ) ;
#506 = CARTESIAN_POINT ( 'NONE',  ( 2.500000000000000000, 0.04268292682926805998, 0.7236923506358425850 ) ) ;
#507 = LINE ( 'NONE', #3324, #530 ) ;
#508 = CARTESIAN_POINT ( 'NONE',  ( 2.500000000000000000, -0.4280678353658536883, 0.6749118628309644929 ) ) ;
#509 = CARTESIAN_POINT ( 'NONE',  ( 2.500000000000000000, 0.2932545731707319470, 0.6688143018553547314 ) ) ;
#510 = FILL_AREA_STYLE ('',( #2823 ) ) ;
#511 = CARTESIAN_POINT ( 'NONE',  ( 2.490000000000000213, 0.8134527439024390461, 0.6627167408797449699 ) ) ;
#512 = UNCERTAINTY_MEASURE_WITH_UNIT (LENGTH_MEASURE( 1.000000000000000082E-05 ), #2026, 'distance_accuracy_value', 'NONE');
#513 =( GEOMETRIC_REPRESENTATION_CONTEXT ( 3 ) GLOBAL_UNCERTAINTY_ASSIGNED_CONTEXT ( ( #652 ) ) GLOBAL_UNIT_ASSIGNED_CONTEXT ( ( #1538, #2287, #6 ) ) REPRESENTATION_CONTEXT ( 'NONE', 'WORKASPACE' ) );
#514 = VECTOR ( 'NONE', #1982, 1000.000000000000000 ) ;
#515 = AXIS2_PLACEMENT_3D ( 'NONE', #2268, #3048, #199 ) ;
#516 = EDGE_LOOP ( 'NONE', ( #2753, #2716, #170, #1404 ) ) ;
#517 = FACE_BOUND ( 'NONE', #2595, .T. ) ;
#518 = ORIENTED_EDGE ( 'NONE', *, *, #1845, .T. ) ;
#519 =( NAMED_UNIT ( * ) SI_UNIT ( $, .STERADIAN. ) SOLID_ANGLE_UNIT ( ) );
#520 = LINE ( 'NONE', #1285, #685 ) ;
#521 = VERTEX_POINT ( 'NONE', #1065 ) ;
#522 = CARTESIAN_POINT ( 'NONE',  ( 2.490000000000000213, -0.6158536585365854688, 0.4683569847821840160 ) ) ;
#523 = EDGE_CURVE ( 'NONE', #73, #1315, #327, .T. ) ;
#524 = CARTESIAN_POINT ( 'NONE',  ( 2.490000000000000213, -0.7256097560975609539, 0.2785703994163303832 ) ) ;
#525 = CARTESIAN_POINT ( 'NONE',  ( 2.500000000000000000, 0.5914634146341464227, 0.2236923506358425850 ) ) ;
#526 = CARTESIAN_POINT ( 'NONE',  ( 2.490000000000000213, -0.4213677138847096715, 0.2727084090100499458 ) ) ;
#527 = FACE_OUTER_BOUND ( 'NONE', #3355, .T. ) ;
#528 = DIRECTION ( 'NONE',  ( 1.000000000000000000, -0.000000000000000000, -0.000000000000000000 ) ) ;
#529 = B_SPLINE_CURVE_WITH_KNOTS ( 'NONE', 3,
 ( #1537, #3084, #1554, #2071, #3101, #2916, #63, #3150, #2366, #38, #1084 ),
 .UNSPECIFIED., .F., .F.,
 ( 4, 1, 1, 1, 1, 1, 1, 1, 4 ),
 ( 0.000000000000000000, 0.1124483899088009886, 0.2265276752126780258, 0.3444019493260277454, 0.4658649724874585063, 0.5916594493521166731, 0.7221684870248877841, 0.8586063875549264646, 1.000000000000000000 ),
 .UNSPECIFIED. ) ;
#530 = VECTOR ( 'NONE', #1568, 1000.000000000000000 ) ;
#531 = VERTEX_POINT ( 'NONE', #3182 ) ;
#532 = CARTESIAN_POINT ( 'NONE',  ( 2.500000000000001332, -0.3789534589230549311, 0.7272048303693324778 ) ) ;
#533 = VERTEX_POINT ( 'NONE', #1647 ) ;
#534 = SURFACE_STYLE_USAGE ( .BOTH. , #3336 ) ;
#535 = ADVANCED_FACE ( 'NONE', ( #278 ), #2596, .T. ) ;
#536 = STYLED_ITEM ( 'NONE', ( #2970 ), #2010 ) ;
#537 = ORIENTED_EDGE ( 'NONE', *, *, #1619, .F. ) ;
#538 = CARTESIAN_POINT ( 'NONE',  ( 2.489999999999999769, -0.4990054727099657583, 0.2213398840766934439 ) ) ;
#539 = EDGE_CURVE ( 'NONE', #822, #675, #345, .T. ) ;
#540 =( GEOMETRIC_REPRESENTATION_CONTEXT ( 3 ) GLOBAL_UNCERTAINTY_ASSIGNED_CONTEXT ( ( #2608 ) ) GLOBAL_UNIT_ASSIGNED_CONTEXT ( ( #1108, #86, #1957 ) ) REPRESENTATION_CONTEXT ( 'NONE', 'WORKASPACE' ) );
#541 = CARTESIAN_POINT ( 'NONE',  ( 1.520000000000000240, 0.2500000000000001665, -3.500000000000000000 ) ) ;
#542 = SURFACE_SIDE_STYLE ('',( #2319 ) ) ;
#543 = CARTESIAN_POINT ( 'NONE',  ( 2.490000000000000213, -0.7256097560975609539, 0.2785703994163303832 ) ) ;
#544 = CARTESIAN_POINT ( 'NONE',  ( 2.499999999999999556, -0.5866929831863368916, 0.5887786499939665630 ) ) ;
#545 = LINE ( 'NONE', #1790, #2140 ) ;
#546 = PRESENTATION_LAYER_ASSIGNMENT (  '', '', ( #116 ) ) ;
#547 = ORIENTED_EDGE ( 'NONE', *, *, #2050, .T. ) ;
#548 = LINE ( 'NONE', #2631, #1820 ) ;
#549 = DIRECTION ( 'NONE',  ( -0.000000000000000000, -0.000000000000000000, 1.000000000000000000 ) ) ;
#550 = ORIENTED_EDGE ( 'NONE', *, *, #523, .F. ) ;
#551 = DIRECTION ( 'NONE',  ( 1.000000000000000000, -0.000000000000000000, -0.000000000000000000 ) ) ;
#552 = VERTEX_POINT ( 'NONE', #3163 ) ;
#553 = CARTESIAN_POINT ( 'NONE',  ( 2.500000000000000888, -0.6028399312424838064, 0.2692324835745237843 ) ) ;
#554 = DIRECTION ( 'NONE',  ( -1.000000000000000000, 0.000000000000000000, 0.000000000000000000 ) ) ;
#555 = ADVANCED_FACE ( 'NONE', ( #1130 ), #843, .T. ) ;
#556 = CARTESIAN_POINT ( 'NONE',  ( 2.500000000000000000, -0.1463414634146343873, 0.5041801555138913926 ) ) ;
#557 = CARTESIAN_POINT ( 'NONE',  ( 2.500000000000000000, 0.8211699695121953413, 0.6276557652699890077 ) ) ;
#558 = CARTESIAN_POINT ( 'NONE',  ( 2.490000000000000213, -0.4393102134146342208, 0.2724728384407206216 ) ) ;
#559 = DIRECTION ( 'NONE',  ( 1.000000000000000000, -0.000000000000000000, -0.000000000000000000 ) ) ;
#560 = ORIENTED_EDGE ( 'NONE', *, *, #2714, .F. ) ;
#561 = LINE ( 'NONE', #1903, #107 ) ;
#562 = CARTESIAN_POINT ( 'NONE',  ( 2.490000000000001101, -0.5958816601233329902, 0.5717458507988479877 ) ) ;
#563 =( NAMED_UNIT ( * ) SI_UNIT ( $, .STERADIAN. ) SOLID_ANGLE_UNIT ( ) );
#564 = ORIENTED_EDGE ( 'NONE', *, *, #1505, .F. ) ;
#565 = CARTESIAN_POINT ( 'NONE',  ( 2.490000000000000657, 0.3471497367237482701, 0.7200372503098677601 ) ) ;
#566 = CARTESIAN_POINT ( 'NONE',  ( 2.490000000000000213, -0.4485518292682927344, 0.2175947896602328235 ) ) ;
#567 = ORIENTED_EDGE ( 'NONE', *, *, #1160, .F. ) ;
#568 = DIRECTION ( 'NONE',  ( -1.000000000000000000, 0.000000000000000000, 0.000000000000000000 ) ) ;
#569 = B_SPLINE_CURVE_WITH_KNOTS ( 'NONE', 3,
 ( #1879, #2912, #2670, #901, #1498, #1447, #2485, #165, #1219, #677, #3028 ),
 .UNSPECIFIED., .F., .F.,
 ( 4, 1, 1, 1, 1, 1, 1, 1, 4 ),
 ( 0.000000000000000000, 0.1352946047634291105, 0.2667656579247481008, 0.3948160188358722511, 0.5200516544342459468, 0.6421757029708216047, 0.7626518205584230659, 0.8818340043805018569, 1.000000000000000000 ),
 .UNSPECIFIED. ) ;
#570 = AXIS2_PLACEMENT_3D ( 'NONE', #703, #191, #721 ) ;
#571 = VECTOR ( 'NONE', #1755, 1000.000000000000000 ) ;
#572 = ORIENTED_EDGE ( 'NONE', *, *, #2747, .F. ) ;
#573 = SURFACE_STYLE_FILL_AREA ( #2169 ) ;
#574 = COLOUR_RGB ( '',1.000000000000000000, 1.000000000000000000, 1.000000000000000000 ) ;
#575 = FACE_OUTER_BOUND ( 'NONE', #499, .T. ) ;
#576 = B_SPLINE_CURVE_WITH_KNOTS ( 'NONE', 3,
 ( #172, #238, #702, #2774, #2556, #190, #207, #1248, #3277, #3040, #1213, #2227, #1744, #1231, #1758, #973, #2275, #222, #1775 ),
 .UNSPECIFIED., .F., .F.,
 ( 4, 1, 1, 1, 1, 1, 1, 1, 1, 1, 1, 1, 1, 1, 1, 1, 4 ),
 ( 0.000000000000000000, 0.06862508274056242086, 0.1345545136201737046, 0.1983105381726449068, 0.2607666028577417805, 0.3219705509811536248, 0.3825768364739202121, 0.4433871622520281774, 0.5049776466454753976, 0.5660526666579482891, 0.6259393368041463734, 0.6853772699598057461, 0.7450185202409496110, 0.8054331251048295615, 0.8676480231140831778, 0.9323137948382839157, 1.000000000000000000 ),
 .UNSPECIFIED. ) ;
#577 = CARTESIAN_POINT ( 'NONE',  ( 2.490000000000000213, 0.3142672990559099988, 0.6683819339536504200 ) ) ;
#578 = DIRECTION ( 'NONE',  ( 0.000000000000000000, 0.000000000000000000, 1.000000000000000000 ) ) ;
#579 = FILL_AREA_STYLE ('',( #888 ) ) ;
#580 = CARTESIAN_POINT ( 'NONE',  ( 2.499999999999999112, 0.4587940853905138061, 0.3600703385204816476 ) ) ;
#581 = CARTESIAN_POINT ( 'NONE',  ( 2.490000000000000213, -0.9146341463414634498, 0.2785703994163303832 ) ) ;
#582 = ADVANCED_FACE ( 'NONE', ( #33 ), #826, .T. ) ;
#583 = CARTESIAN_POINT ( 'NONE',  ( 2.500000000000000000, 0.8964367378048782031, 0.4188143018553547869 ) ) ;
#584 = DIRECTION ( 'NONE',  ( 0.000000000000000000, 1.000000000000000000, 0.000000000000000000 ) ) ;
#585 = EDGE_CURVE ( 'NONE', #2432, #660, #2097, .T. ) ;
#586 = ORIENTED_EDGE ( 'NONE', *, *, #1182, .F. ) ;
#587 = CARTESIAN_POINT ( 'NONE',  ( 0.000000000000000000, 0.000000000000000000, 6.099999999999999645 ) ) ;
#588 = CARTESIAN_POINT ( 'NONE',  ( 2.490000000000000213, 0.8118330792682927344, 0.6627167408797449699 ) ) ;
#589 = ORIENTED_EDGE ( 'NONE', *, *, #2691, .T. ) ;
#590 = CARTESIAN_POINT ( 'NONE',  ( 2.500000000000000000, -0.3109756097560976151, 0.7099728384407205661 ) ) ;
#591 = ORIENTED_EDGE ( 'NONE', *, *, #791, .T. ) ;
#592 = AXIS2_PLACEMENT_3D ( 'NONE', #2415, #1356, #2908 ) ;
#593 = CARTESIAN_POINT ( 'NONE',  ( 2.499999999999999112, -0.5446168912452445943, 0.2339902657615163251 ) ) ;
#594 = DIRECTION ( 'NONE',  ( 0.000000000000000000, 1.000000000000000000, 0.000000000000000000 ) ) ;
#595 = CARTESIAN_POINT ( 'NONE',  ( 2.490000000000000657, 0.4204154633882445369, 0.6324575817067066286 ) ) ;
#596 = AXIS2_PLACEMENT_3D ( 'NONE', #1183, #433, #3011 ) ;
#597 = DIRECTION ( 'NONE',  ( -8.525974975256529705E-13, 0.000000000000000000, -1.000000000000000000 ) ) ;
#598 = CARTESIAN_POINT ( 'NONE',  ( 2.500000000000000000, -0.4393102134146342208, 0.2724728384407206216 ) ) ;
#599 = VECTOR ( 'NONE', #578, 1000.000000000000000 ) ;
#600 = DIRECTION ( 'NONE',  ( 0.000000000000000000, -1.000000000000000000, 0.000000000000000000 ) ) ;
#601 = CARTESIAN_POINT ( 'NONE',  ( 2.490000000000000213, 0.8475609756097561842, 0.7236923506358425850 ) ) ;
#602 = EDGE_CURVE ( 'NONE', #552, #533, #882, .T. ) ;
#603 = DIRECTION ( 'NONE',  ( 0.000000000000000000, 0.9406672605435406620, 0.3393303772748774150 ) ) ;
#604 = CARTESIAN_POINT ( 'NONE',  ( 2.490000000000000213, 0.4204154633882445369, 0.6324575817067066286 ) ) ;
#605 = CARTESIAN_POINT ( 'NONE',  ( 2.500000000000000000, -0.4286394817073171382, 0.7297899116114523466 ) ) ;
#606 = ORIENTED_EDGE ( 'NONE', *, *, #2785, .T. ) ;
#607 = CARTESIAN_POINT ( 'NONE',  ( 2.490000000000000213, 0.1524390243902441211, 0.7236923506358425850 ) ) ;
#608 = ADVANCED_FACE ( 'NONE', ( #1100 ), #1910, .F. ) ;
#609 = ORIENTED_EDGE ( 'NONE', *, *, #1509, .F. ) ;
#610 = CARTESIAN_POINT ( 'NONE',  ( 2.499999999999999556, -0.4990054727099657583, 0.2213398840766934439 ) ) ;
#611 = LINE ( 'NONE', #2600, #1241 ) ;
#612 = DIRECTION ( 'NONE',  ( 1.000000000000000000, -0.000000000000000000, -0.000000000000000000 ) ) ;
#613 = CARTESIAN_POINT ( 'NONE',  ( 2.500000000000000444, 0.2980254028987007198, 0.2787332509667738156 ) ) ;
#614 = B_SPLINE_CURVE_WITH_KNOTS ( 'NONE', 3,
 ( #868, #1614, #349, #885, #1394, #2100, #77, #2403, #316, #1594, #1913 ),
 .UNSPECIFIED., .F., .F.,
 ( 4, 1, 1, 1, 1, 1, 1, 1, 4 ),
 ( 0.000000000000000000, 0.1252796967356256952, 0.2494199707420511614, 0.3733567994928196354, 0.4966812787822859065, 0.6202029157439823415, 0.7450863201614562614, 0.8712691950190979417, 1.000000000000000000 ),
 .UNSPECIFIED. ) ;
#615 = PLANE ( 'NONE',  #864 ) ;
#616 = CARTESIAN_POINT ( 'NONE',  ( 2.500000000000000000, 0.8141460919036359600, 0.6588730538942482173 ) ) ;
#617 = LINE ( 'NONE', #68, #3223 ) ;
#618 = SURFACE_STYLE_FILL_AREA ( #3195 ) ;
#619 = CARTESIAN_POINT ( 'NONE',  ( 2.500000000000000000, 0.3892718138675300144, 0.6504692608853015479 ) ) ;
#620 = CARTESIAN_POINT ( 'NONE',  ( 2.490000000000000213, -0.1463414634146343873, 0.4493021067334035390 ) ) ;
#621 = ORIENTED_EDGE ( 'NONE', *, *, #1399, .T. ) ;
#622 = SURFACE_STYLE_FILL_AREA ( #2946 ) ;
#623 = ORIENTED_EDGE ( 'NONE', *, *, #2785, .F. ) ;
#624 = CARTESIAN_POINT ( 'NONE',  ( 2.489999999999999325, 0.4805926915323623372, 0.6579239205722705597 ) ) ;
#625 = CARTESIAN_POINT ( 'NONE',  ( 2.490000000000000213, -0.1463414634146343873, 0.6688143018553547314 ) ) ;
#626 = VECTOR ( 'NONE', #3142, 1000.000000000000000 ) ;
#627 = VECTOR ( 'NONE', #2171, 1000.000000000000000 ) ;
#628 = CARTESIAN_POINT ( 'NONE',  ( 2.490000000000000213, 0.8038300304878049918, 0.6276557652699888967 ) ) ;
#629 = APPLICATION_CONTEXT ( 'automotive_design' ) ;
#630 = STYLED_ITEM ( 'NONE', ( #398 ), #1165 ) ;
#631 =( GEOMETRIC_REPRESENTATION_CONTEXT ( 3 ) GLOBAL_UNCERTAINTY_ASSIGNED_CONTEXT ( ( #1292 ) ) GLOBAL_UNIT_ASSIGNED_CONTEXT ( ( #2150, #2909, #1858 ) ) REPRESENTATION_CONTEXT ( 'NONE', 'WORKASPACE' ) );
#632 =( NAMED_UNIT ( * ) SI_UNIT ( $, .STERADIAN. ) SOLID_ANGLE_UNIT ( ) );
#633 = EDGE_CURVE ( 'NONE', #1593, #73, #2229, .T. ) ;
#634 = CARTESIAN_POINT ( 'NONE',  ( 2.500000000000000000, 0.5367801690928424296, 0.3752440545629748270 ) ) ;
#635 = CARTESIAN_POINT ( 'NONE',  ( 2.500000000000000000, -0.3109756097560976151, 0.2496069847821840715 ) ) ;
#636 = PLANE ( 'NONE',  #1252 ) ;
#637 = LINE ( 'NONE', #1869, #1386 ) ;
#638 = SURFACE_SIDE_STYLE ('',( #618 ) ) ;
#639 = CARTESIAN_POINT ( 'NONE',  ( 2.490000000000000213, -0.2134146341463417085, 0.2236923506358425850 ) ) ;
#640 = CARTESIAN_POINT ( 'NONE',  ( 2.500000000000000000, -0.4280678353658536883, 0.6749118628309644929 ) ) ;
#641 = ORIENTED_EDGE ( 'NONE', *, *, #2050, .F. ) ;
#642 = ORIENTED_EDGE ( 'NONE', *, *, #1182, .T. ) ;
#643 = CARTESIAN_POINT ( 'NONE',  ( 2.490000000000000213, 0.2904916158536587911, 0.2785703994163303832 ) ) ;
#644 = STYLED_ITEM ( 'NONE', ( #2717 ), #608 ) ;
#645 = SURFACE_STYLE_FILL_AREA ( #1950 ) ;
#646 = DIRECTION ( 'NONE',  ( 0.000000000000000000, 0.000000000000000000, -1.000000000000000000 ) ) ;
#647 = CARTESIAN_POINT ( 'NONE',  ( 2.490000000000000213, 0.2979659377577969503, 0.2238655033239203562 ) ) ;
#648 = EDGE_CURVE ( 'NONE', #3259, #1872, #2994, .T. ) ;
#649 = CARTESIAN_POINT ( 'NONE',  ( 2.500000000000000444, 0.3703077036300180813, 0.2330015658202250206 ) ) ;
#650 = SPHERICAL_SURFACE ( 'NONE', #2807, 2.500000000000000000 ) ;
#651 = CARTESIAN_POINT ( 'NONE',  ( 2.499999999999999556, -0.3729713468732496207, 0.2253838275076615882 ) ) ;
#652 = UNCERTAINTY_MEASURE_WITH_UNIT (LENGTH_MEASURE( 1.000000000000000082E-05 ), #1538, 'distance_accuracy_value', 'NONE');
#653 = CARTESIAN_POINT ( 'NONE',  ( 2.490000000000000213, -0.1463414634146343873, 0.6688143018553547314 ) ) ;
#654 = CARTESIAN_POINT ( 'NONE',  ( 2.490000000000000213, 0.4343971559900886015, 0.6213320649624946013 ) ) ;
#655 = DIRECTION ( 'NONE',  ( 1.000000000000000000, -0.000000000000000000, -0.000000000000000000 ) ) ;
#656 = ORIENTED_EDGE ( 'NONE', *, *, #883, .F. ) ;
#657 = B_SPLINE_CURVE_WITH_KNOTS ( 'NONE', 3,
 ( #766, #494, #526, #797, #2554, #2588, #1832, #2861, #987, #3361, #1039 ),
 .UNSPECIFIED., .F., .F.,
 ( 4, 1, 1, 1, 1, 1, 1, 1, 4 ),
 ( 0.000000000000000000, 0.1352946047634291105, 0.2667656579247481008, 0.3948160188358722511, 0.5200516544342459468, 0.6421757029708216047, 0.7626518205584230659, 0.8818340043805018569, 1.000000000000000000 ),
 .UNSPECIFIED. ) ;
#658 = ORIENTED_EDGE ( 'NONE', *, *, #2770, .T. ) ;
#659 = CARTESIAN_POINT ( 'NONE',  ( 2.500000000000000888, 0.8154254375407996580, 0.6517807940665286681 ) ) ;
#660 = VERTEX_POINT ( 'NONE', #2430 ) ;
#661 = CARTESIAN_POINT ( 'NONE',  ( 2.500000000000000000, -0.3109756097560976151, 0.7099728384407205661 ) ) ;
#662 = CARTESIAN_POINT ( 'NONE',  ( 2.490000000000000213, 0.4480723509810953797, 0.3448901576796450374 ) ) ;
#663 = CARTESIAN_POINT ( 'NONE',  ( 2.490000000000000213, 0.2935403963414636719, 0.7236923506358425850 ) ) ;
#664 = DIRECTION ( 'NONE',  ( 0.000000000000000000, 1.000000000000000000, 0.000000000000000000 ) ) ;
#665 = EDGE_CURVE ( 'NONE', #1813, #1642, #2686, .T. ) ;
#666 = FACE_OUTER_BOUND ( 'NONE', #1319, .T. ) ;
#667 = ORIENTED_EDGE ( 'NONE', *, *, #954, .T. ) ;
#668 = CARTESIAN_POINT ( 'NONE',  ( 2.490000000000000213, 0.8118330792682927344, 0.6627167408797449699 ) ) ;
#669 = CARTESIAN_POINT ( 'NONE',  ( 2.490000000000000213, -0.1463414634146343873, 0.4493021067334035390 ) ) ;
#670 = ADVANCED_FACE ( 'NONE', ( #941 ), #2478, .T. ) ;
#671 = CARTESIAN_POINT ( 'NONE',  ( 0.000000000000000000, 0.000000000000000000, 6.099999999999999645 ) ) ;
#672 = LINE ( 'NONE', #1441, #400 ) ;
#673 = ORIENTED_EDGE ( 'NONE', *, *, #284, .F. ) ;
#674 = SURFACE_STYLE_FILL_AREA ( #1462 ) ;
#675 = VERTEX_POINT ( 'NONE', #1408 ) ;
#676 = CARTESIAN_POINT ( 'NONE',  ( 2.490000000000000213, 0.8038300304878049918, 0.6276557652699888967 ) ) ;
#677 = CARTESIAN_POINT ( 'NONE',  ( 2.500000000000000000, -0.3155717748205159046, 0.3018962564736530907 ) ) ;
#678 = SURFACE_STYLE_FILL_AREA ( #2187 ) ;
#679 = CARTESIAN_POINT ( 'NONE',  ( 2.490000000000000657, -0.6282731187467689438, 0.6382985933144245116 ) ) ;
#680 = CARTESIAN_POINT ( 'NONE',  ( 1.020000000000000018, -0.2499999999999998335, -3.500000000000000000 ) ) ;
#681 = VECTOR ( 'NONE', #2009, 1000.000000000000000 ) ;
#682 = CARTESIAN_POINT ( 'NONE',  ( 2.490000000000000213, 0.2979659377577969503, 0.2238655033239203562 ) ) ;
#683 = ORIENTED_EDGE ( 'NONE', *, *, #1994, .F. ) ;
#684 = DIRECTION ( 'NONE',  ( 1.000000000000000000, -0.000000000000000000, -0.000000000000000000 ) ) ;
#685 = VECTOR ( 'NONE', #1032, 1000.000000000000000 ) ;
#686 = EDGE_CURVE ( 'NONE', #3333, #2184, #3349, .T. ) ;
#687 = B_SPLINE_SURFACE_WITH_KNOTS ( 'NONE', 3, 1, ( 
 ( #2428, #3197 ),
 ( #2274, #2447 ),
 ( #1774, #379 ),
 ( #2508, #1148 ),
 ( #3215, #3310 ),
 ( #1425, #2976 ),
 ( #186, #2684 ),
 ( #2257, #1163 ),
 ( #971, #1743 ),
 ( #880, #1230 ),
 ( #2197, #640 ) ),
 .UNSPECIFIED., .F., .F., .F.,
 ( 4, 1, 1, 1, 1, 1, 1, 1, 4 ),
 ( 2, 2 ),
 ( 0.000000000000000000, 0.1252796967356256952, 0.2494199707420511614, 0.3733567994928196354, 0.4966812787822859065, 0.6202029157439823415, 0.7450863201614562614, 0.8712691950190979417, 1.000000000000000000 ),
 ( 0.000000000000000000, 1.000000000000000000 ),
 .UNSPECIFIED. ) ;
#688 = CARTESIAN_POINT ( 'NONE',  ( 2.490000000000000213, 0.03048780487804853695, 0.4493021067334035390 ) ) ;
#689 = FILL_AREA_STYLE ('',( #208 ) ) ;
#690 = ORIENTED_EDGE ( 'NONE', *, *, #2963, .T. ) ;
#691 = ADVANCED_FACE ( 'NONE', ( #2678 ), #615, .T. ) ;
#692 = VERTEX_POINT ( 'NONE', #2659 ) ;
#693 = FILL_AREA_STYLE_COLOUR ( '', #2108 ) ;
#694 = ORIENTED_EDGE ( 'NONE', *, *, #1948, .T. ) ;
#695 = CARTESIAN_POINT ( 'NONE',  ( 2.490000000000001101, -0.5519129238497079148, 0.7016391584110439616 ) ) ;
#696 = CARTESIAN_POINT ( 'NONE',  ( 2.489999999999999325, -0.5060800096061540687, 0.7199542964054865823 ) ) ;
#697 = DIRECTION ( 'NONE',  ( 1.000000000000000000, -0.000000000000000000, 0.000000000000000000 ) ) ;
#698 = ORIENTED_EDGE ( 'NONE', *, *, #2625, .T. ) ;
#699 = DIRECTION ( 'NONE',  ( 0.000000000000000000, 0.000000000000000000, -1.000000000000000000 ) ) ;
#700 = PLANE ( 'NONE',  #2461 ) ;
#701 =( GEOMETRIC_REPRESENTATION_CONTEXT ( 3 ) GLOBAL_UNCERTAINTY_ASSIGNED_CONTEXT ( ( #105 ) ) GLOBAL_UNIT_ASSIGNED_CONTEXT ( ( #2392, #2952, #356 ) ) REPRESENTATION_CONTEXT ( 'NONE', 'WORKASPACE' ) );
#702 = CARTESIAN_POINT ( 'NONE',  ( 2.500000000000000444, 0.3207372805922880654, 0.7230860032179341479 ) ) ;
#703 = CARTESIAN_POINT ( 'NONE',  ( 1.520000000000000240, 0.2500000000000001665, -3.500000000000000000 ) ) ;
#704 = ADVANCED_FACE ( 'NONE', ( #47 ), #2126, .T. ) ;
#705 = ORIENTED_EDGE ( 'NONE', *, *, #665, .F. ) ;
#706 = AXIS2_PLACEMENT_3D ( 'NONE', #365, #160, #2978 ) ;
#707 = ORIENTED_EDGE ( 'NONE', *, *, #3029, .F. ) ;
#708 = CARTESIAN_POINT ( 'NONE',  ( 2.490000000000000213, 0.5548780487804880757, 0.4799804603919401447 ) ) ;
#709 = EDGE_CURVE ( 'NONE', #2562, #2354, #2882, .T. ) ;
#710 = ORIENTED_EDGE ( 'NONE', *, *, #28, .T. ) ;
#711 = CARTESIAN_POINT ( 'NONE',  ( 2.500000000000001332, -0.4813558984699881638, 0.7256443135957374446 ) ) ;
#712 = CARTESIAN_POINT ( 'NONE',  ( 2.500000000000000000, 0.1524390243902441211, 0.7236923506358425850 ) ) ;
#713 = CARTESIAN_POINT ( 'NONE',  ( 2.490000000000000213, 0.8038300304878049918, 0.6276557652699888967 ) ) ;
#714 = CARTESIAN_POINT ( 'NONE',  ( 2.500000000000000000, -0.5638301046618540147, 0.6192240549220856538 ) ) ;
#715 = CARTESIAN_POINT ( 'NONE',  ( -1.020000000000000018, -0.2499999999999998335, -3.500000000000000000 ) ) ;
#716 = COLOUR_RGB ( '',0.8509803921568627194, 0.8509803921568627194, 0.8509803921568627194 ) ;
#717 = CARTESIAN_POINT ( 'NONE',  ( 2.500000000000000000, 0.5262841260377207897, 0.3525272168882493951 ) ) ;
#718 = DIRECTION ( 'NONE',  ( 0.000000000000000000, 1.000000000000000000, 0.000000000000000000 ) ) ;
#719 = SURFACE_STYLE_USAGE ( .BOTH. , #1908 ) ;
#720 = CARTESIAN_POINT ( 'NONE',  ( -1.020000000000000018, 0.2500000000000001665, 0.000000000000000000 ) ) ;
#721 = DIRECTION ( 'NONE',  ( 0.000000000000000000, 0.000000000000000000, -1.000000000000000000 ) ) ;
#722 = EDGE_LOOP ( 'NONE', ( #1010, #394, #3300, #2371 ) ) ;
#723 = ORIENTED_EDGE ( 'NONE', *, *, #1086, .T. ) ;
#724 = CARTESIAN_POINT ( 'NONE',  ( 2.500000000000000000, 0.8964367378048782031, 0.4188143018553548425 ) ) ;
#725 = EDGE_LOOP ( 'NONE', ( #1428, #1979, #2650, #1730 ) ) ;
#726 = CARTESIAN_POINT ( 'NONE',  ( 2.500000000000000888, -0.4114767199714086665, 0.7296668843613081101 ) ) ;
#727 = CARTESIAN_POINT ( 'NONE',  ( 2.490000000000000213, 0.4849278771525908915, 0.4341351445701193690 ) ) ;
#728 = EDGE_CURVE ( 'NONE', #2982, #2414, #561, .T. ) ;
#729 = PLANE ( 'NONE',  #3169 ) ;
#730 = CARTESIAN_POINT ( 'NONE',  ( 2.500000000000000444, -0.4742040637798604630, 0.2181699650064974905 ) ) ;
#731 = LINE ( 'NONE', #2086, #1721 ) ;
#732 = CARTESIAN_POINT ( 'NONE',  ( 2.500000000000000444, -0.4572309900372314995, 0.2177893941224020025 ) ) ;
#733 = CARTESIAN_POINT ( 'NONE',  ( 2.500000000000000000, -0.3154158025699770329, 0.6454797542047527870 ) ) ;
#734 = CARTESIAN_POINT ( 'NONE',  ( 2.490000000000000213, -0.1463414634146343873, 0.6688143018553547314 ) ) ;
#735 = VECTOR ( 'NONE', #239, 1000.000000000000000 ) ;
#736 = VECTOR ( 'NONE', #1118, 1000.000000000000000 ) ;
#737 = DIRECTION ( 'NONE',  ( 1.000000000000000000, 0.000000000000000000, -0.000000000000000000 ) ) ;
#738 = CARTESIAN_POINT ( 'NONE',  ( 2.490000000000000213, 0.5548780487804880757, 0.4799804603919401447 ) ) ;
#739 = VERTEX_POINT ( 'NONE', #581 ) ;
#740 = VERTEX_POINT ( 'NONE', #2695 ) ;
#741 = PRESENTATION_STYLE_ASSIGNMENT (( #2263 ) ) ;
#742 = ORIENTED_EDGE ( 'NONE', *, *, #1645, .T. ) ;
#743 = PRESENTATION_STYLE_ASSIGNMENT (( #534 ) ) ;
#744 = LINE ( 'NONE', #230, #2569 ) ;
#745 = CARTESIAN_POINT ( 'NONE',  ( 2.499999999999999556, 0.4409666209031045114, 0.6868645551518046677 ) ) ;
#746 = LINE ( 'NONE', #2552, #902 ) ;
#747 = EDGE_CURVE ( 'NONE', #3314, #2184, #2938, .T. ) ;
#748 = CARTESIAN_POINT ( 'NONE',  ( 2.499999999999999112, -0.6674435907588636141, 0.3638968988836987495 ) ) ;
#749 = DIRECTION ( 'NONE',  ( 0.000000000000000000, 0.000000000000000000, 1.000000000000000000 ) ) ;
#750 = DIRECTION ( 'NONE',  ( 0.000000000000000000, -1.000000000000000000, 0.000000000000000000 ) ) ;
#751 = EDGE_CURVE ( 'NONE', #2609, #1940, #2356, .T. ) ;
#752 = AXIS2_PLACEMENT_3D ( 'NONE', #2666, #1592, #1339 ) ;
#753 = CARTESIAN_POINT ( 'NONE',  ( 2.489999999999999769, -0.5035491013290535056, 0.6611919060258002467 ) ) ;
#754 = CARTESIAN_POINT ( 'NONE',  ( 1.520000000000000240, 0.2500000000000001665, -3.500000000000000000 ) ) ;
#755 = ORIENTED_EDGE ( 'NONE', *, *, #1948, .F. ) ;
#756 =( GEOMETRIC_REPRESENTATION_CONTEXT ( 3 ) GLOBAL_UNCERTAINTY_ASSIGNED_CONTEXT ( ( #821 ) ) GLOBAL_UNIT_ASSIGNED_CONTEXT ( ( #150, #1433, #2189 ) ) REPRESENTATION_CONTEXT ( 'NONE', 'WORKASPACE' ) );
#757 = ORIENTED_EDGE ( 'NONE', *, *, #2988, .T. ) ;
#758 = VECTOR ( 'NONE', #12, 1000.000000000000000 ) ;
#759 = EDGE_LOOP ( 'NONE', ( #2947, #1810, #979, #806 ) ) ;
#760 = CYLINDRICAL_SURFACE ( 'NONE', #1186, 2.500000000000000000 ) ;
#761 = DIRECTION ( 'NONE',  ( 1.000000000000000000, -0.000000000000000000, -0.000000000000000000 ) ) ;
#762 = ORIENTED_EDGE ( 'NONE', *, *, #1188, .F. ) ;
#763 = CARTESIAN_POINT ( 'NONE',  ( 2.490000000000000213, -0.4280678353658536883, 0.6749118628309644929 ) ) ;
#764 = DIRECTION ( 'NONE',  ( 0.000000000000000000, 1.000000000000000000, 0.000000000000000000 ) ) ;
#765 = DIRECTION ( 'NONE',  ( 0.000000000000000000, 1.000000000000000000, 0.000000000000000000 ) ) ;
#766 = CARTESIAN_POINT ( 'NONE',  ( 2.490000000000000213, -0.4393102134146342208, 0.2724728384407206216 ) ) ;
#767 = CARTESIAN_POINT ( 'NONE',  ( 2.500000000000000000, -0.4485518292682927344, 0.2175947896602328235 ) ) ;
#768 = EDGE_CURVE ( 'NONE', #862, #431, #2643, .T. ) ;
#769 = CARTESIAN_POINT ( 'NONE',  ( 2.500000000000000000, 0.8118330792682927344, 0.6627167408797449699 ) ) ;
#770 = LINE ( 'NONE', #1806, #626 ) ;
#771 = ORIENTED_EDGE ( 'NONE', *, *, #1598, .T. ) ;
#772 = CARTESIAN_POINT ( 'NONE',  ( 2.490000000000000213, 0.1524390243902441211, 0.2236923506358425850 ) ) ;
#773 = VERTEX_POINT ( 'NONE', #2141 ) ;
#774 = CARTESIAN_POINT ( 'NONE',  ( 2.500000000000001332, -0.3789534589230549311, 0.7272048303693324778 ) ) ;
#775 = CARTESIAN_POINT ( 'NONE',  ( 2.500000000000000888, -0.6428773401343208516, 0.6177212604891709757 ) ) ;
#776 = VERTEX_POINT ( 'NONE', #101 ) ;
#777 = CARTESIAN_POINT ( 'NONE',  ( 2.500000000000000000, -0.3109756097560976151, 0.7099728384407205661 ) ) ;
#778 = CARTESIAN_POINT ( 'NONE',  ( 2.490000000000000657, 0.4876323545444964380, 0.4708600546263441156 ) ) ;
#779 = CARTESIAN_POINT ( 'NONE',  ( 2.500000000000000000, -0.6827705550099955056, 0.4551994531819626988 ) ) ;
#780 = CARTESIAN_POINT ( 'NONE',  ( 2.490000000000000657, -0.5673512430813330010, 0.3252856558916842333 ) ) ;
#781 = CARTESIAN_POINT ( 'NONE',  ( 2.500000000000000444, -0.4285799291129851474, 0.2178290264340283222 ) ) ;
#782 = DIRECTION ( 'NONE',  ( 0.000000000000000000, -0.3363908276654484220, -0.9417224702971437322 ) ) ;
#783 = LINE ( 'NONE', #478, #3167 ) ;
#784 = UNCERTAINTY_MEASURE_WITH_UNIT (LENGTH_MEASURE( 1.000000000000000082E-05 ), #3093, 'distance_accuracy_value', 'NONE');
#785 = VECTOR ( 'NONE', #2492, 1000.000000000000000 ) ;
#786 =( GEOMETRIC_REPRESENTATION_CONTEXT ( 3 ) GLOBAL_UNCERTAINTY_ASSIGNED_CONTEXT ( ( #1833 ) ) GLOBAL_UNIT_ASSIGNED_CONTEXT ( ( #2418, #813, #1847 ) ) REPRESENTATION_CONTEXT ( 'NONE', 'WORKASPACE' ) );
#787 = ADVANCED_FACE ( 'NONE', ( #890 ), #1639, .T. ) ;
#788 = MECHANICAL_DESIGN_GEOMETRIC_PRESENTATION_REPRESENTATION (  '', ( #630 ), #2839 ) ;
#789 = ORIENTED_EDGE ( 'NONE', *, *, #2157, .T. ) ;
#790 = ORIENTED_EDGE ( 'NONE', *, *, #747, .F. ) ;
#791 = EDGE_CURVE ( 'NONE', #1872, #1822, #338, .T. ) ;
#792 = CARTESIAN_POINT ( 'NONE',  ( 2.500000000000000000, -0.4553857142652429357, 0.7291674344238718852 ) ) ;
#793 = ORIENTED_EDGE ( 'NONE', *, *, #80, .T. ) ;
#794 = CARTESIAN_POINT ( 'NONE',  ( 2.489999999999999325, -0.6031475720538407304, 0.5533592602733590216 ) ) ;
#795 = CARTESIAN_POINT ( 'NONE',  ( 2.490000000000000213, 0.4358335425745301639, 0.3310309715664422336 ) ) ;
#796 = LINE ( 'NONE', #2019, #967 ) ;
#797 = CARTESIAN_POINT ( 'NONE',  ( 2.489999999999999769, -0.4038117729642032860, 0.2743123964844801366 ) ) ;
#798 = CARTESIAN_POINT ( 'NONE',  ( 2.490000000000000213, 0.7804878048780488076, 0.7236923506358425850 ) ) ;
#799 = CARTESIAN_POINT ( 'NONE',  ( 2.499999999999999112, -0.5356883422703848652, 0.6436583228438939042 ) ) ;
#800 = CARTESIAN_POINT ( 'NONE',  ( 2.490000000000001101, 0.8154254375407996580, 0.6517807940665286681 ) ) ;
#801 = VECTOR ( 'NONE', #3264, 1000.000000000000000 ) ;
#802 = ORIENTED_EDGE ( 'NONE', *, *, #665, .T. ) ;
#803 = DIRECTION ( 'NONE',  ( 0.000000000000000000, 0.3536223923290756077, 0.9353882635801357148 ) ) ;
#804 = EDGE_CURVE ( 'NONE', #2397, #2516, #2956, .T. ) ;
#805 = PLANE ( 'NONE',  #2057 ) ;
#806 = ORIENTED_EDGE ( 'NONE', *, *, #1787, .T. ) ;
#807 = SURFACE_SIDE_STYLE ('',( #622 ) ) ;
#808 = VECTOR ( 'NONE', #984, 1000.000000000000000 ) ;
#809 = AXIS2_PLACEMENT_3D ( 'NONE', #3054, #1939, #3039 ) ;
#810 = VERTEX_POINT ( 'NONE', #635 ) ;
#811 = ADVANCED_FACE ( 'NONE', ( #25 ), #1073, .T. ) ;
#812 = CARTESIAN_POINT ( 'NONE',  ( 2.500000000000000000, -0.6827705550099955056, 0.4551994531819626988 ) ) ;
#813 =( NAMED_UNIT ( * ) PLANE_ANGLE_UNIT ( ) SI_UNIT ( $, .RADIAN. ) );
#814 = PLANE ( 'NONE',  #2244 ) ;
#815 = CARTESIAN_POINT ( 'NONE',  ( 2.489999999999999769, -0.5787646788785794083, 0.3390725677117311654 ) ) ;
#816 = PLANE ( 'NONE',  #2590 ) ;
#817 = CARTESIAN_POINT ( 'NONE',  ( 2.500000000000000000, -0.3561380406335688531, 0.2298112522883467568 ) ) ;
#818 = ORIENTED_EDGE ( 'NONE', *, *, #1439, .T. ) ;
#819 = CARTESIAN_POINT ( 'NONE',  ( 2.500000000000000000, -0.5638301046618540147, 0.6192240549220856538 ) ) ;
#820 = LINE ( 'NONE', #754, #735 ) ;
#821 = UNCERTAINTY_MEASURE_WITH_UNIT (LENGTH_MEASURE( 1.000000000000000082E-05 ), #150, 'distance_accuracy_value', 'NONE');
#822 = VERTEX_POINT ( 'NONE', #2490 ) ;
#823 = CARTESIAN_POINT ( 'NONE',  ( 2.499999999999999556, 0.5506540866102590526, 0.5326106901106186786 ) ) ;
#824 = DIRECTION ( 'NONE',  ( 1.000000000000000000, -0.000000000000000000, 0.000000000000000000 ) ) ;
#825 = EDGE_LOOP ( 'NONE', ( #1606, #1683, #2778, #267 ) ) ;
#826 = PLANE ( 'NONE',  #1682 ) ;
#827 = VERTEX_POINT ( 'NONE', #3240 ) ;
#828 = CARTESIAN_POINT ( 'NONE',  ( 2.500000000000000000, -0.6792951742959072448, 0.4116008185653479701 ) ) ;
#829 = PLANE ( 'NONE',  #1552 ) ;
#830 = CARTESIAN_POINT ( 'NONE',  ( 2.489999999999999769, 0.3721065914857923373, 0.6572247212180161169 ) ) ;
#831 = ADVANCED_FACE ( 'NONE', ( #1709 ), #3260, .F. ) ;
#832 = DIRECTION ( 'NONE',  ( 0.000000000000000000, 1.000000000000000000, 0.000000000000000000 ) ) ;
#833 = CARTESIAN_POINT ( 'NONE',  ( 2.500000000000000000, -0.4393102134146342208, 0.2724728384407206216 ) ) ;
#834 = CARTESIAN_POINT ( 'NONE',  ( 2.490000000000001545, 0.4407023022779723020, 0.2626326989894700592 ) ) ;
#835 = EDGE_CURVE ( 'NONE', #1315, #2432, #3036, .T. ) ;
#836 = DIRECTION ( 'NONE',  ( 1.000000000000000000, 0.000000000000000000, 0.000000000000000000 ) ) ;
#837 = CARTESIAN_POINT ( 'NONE',  ( 2.500000000000000444, 0.8062193102706340930, 0.6348609216522530518 ) ) ;
#838 = CARTESIAN_POINT ( 'NONE',  ( 2.500000000000000000, 0.8045857424527086410, 0.6299347042733699498 ) ) ;
#839 = ORIENTED_EDGE ( 'NONE', *, *, #2944, .T. ) ;
#840 = CARTESIAN_POINT ( 'NONE',  ( 2.489999999999999769, 0.4848398091016566935, 0.5226871365839698136 ) ) ;
#841 = CARTESIAN_POINT ( 'NONE',  ( 0.000000000000000000, 0.000000000000000000, 0.000000000000000000 ) ) ;
#842 = VERTEX_POINT ( 'NONE', #1490 ) ;
#843 = PLANE ( 'NONE',  #1784 ) ;
#844 = VECTOR ( 'NONE', #1759, 1000.000000000000000 ) ;
#845 = VECTOR ( 'NONE', #1550, 1000.000000000000000 ) ;
#846 = ORIENTED_EDGE ( 'NONE', *, *, #585, .F. ) ;
#847 = CARTESIAN_POINT ( 'NONE',  ( 2.490000000000000213, -0.6827705550099955056, 0.4551994531819626988 ) ) ;
#848 = CARTESIAN_POINT ( 'NONE',  ( 1.020000000000000018, 0.2500000000000001665, -3.500000000000000000 ) ) ;
#849 = CARTESIAN_POINT ( 'NONE',  ( 2.500000000000000000, -0.9146341463414634498, 0.7236923506358425850 ) ) ;
#850 = DIRECTION ( 'NONE',  ( 1.000000000000000000, -0.000000000000000000, -0.000000000000000000 ) ) ;
#851 = CARTESIAN_POINT ( 'NONE',  ( 2.499999999999999556, -0.5971376686073915918, 0.3703139613039711509 ) ) ;
#852 = EDGE_CURVE ( 'NONE', #2448, #2277, #3123, .T. ) ;
#853 = CARTESIAN_POINT ( 'NONE',  ( 2.500000000000000000, 0.4751649999022122817, 0.3944689312132931280 ) ) ;
#854 = DIRECTION ( 'NONE',  ( 0.000000000000000000, -0.3390537954853692915, 0.9407669869669987861 ) ) ;
#855 = PLANE ( 'NONE',  #2385 ) ;
#856 = PRESENTATION_STYLE_ASSIGNMENT (( #322 ) ) ;
#857 = UNCERTAINTY_MEASURE_WITH_UNIT (LENGTH_MEASURE( 1.000000000000000082E-05 ), #1180, 'distance_accuracy_value', 'NONE');
#858 = EDGE_CURVE ( 'NONE', #1842, #675, #1150, .T. ) ;
#859 = MECHANICAL_DESIGN_GEOMETRIC_PRESENTATION_REPRESENTATION (  '', ( #148 ), #540 ) ;
#860 = EDGE_LOOP ( 'NONE', ( #2995, #2926, #757, #2467 ) ) ;
#861 = FACE_OUTER_BOUND ( 'NONE', #3149, .T. ) ;
#862 = VERTEX_POINT ( 'NONE', #1772 ) ;
#863 = FACE_OUTER_BOUND ( 'NONE', #361, .T. ) ;
#864 = AXIS2_PLACEMENT_3D ( 'NONE', #2159, #1883, #305 ) ;
#865 = VERTEX_POINT ( 'NONE', #3308 ) ;
#866 =( GEOMETRIC_REPRESENTATION_CONTEXT ( 3 ) GLOBAL_UNCERTAINTY_ASSIGNED_CONTEXT ( ( #512 ) ) GLOBAL_UNIT_ASSIGNED_CONTEXT ( ( #2026, #1012, #519 ) ) REPRESENTATION_CONTEXT ( 'NONE', 'WORKASPACE' ) );
#867 = CARTESIAN_POINT ( 'NONE',  ( 2.490000000000000213, -0.6584940720764861366, 0.3420743049033029282 ) ) ;
#868 = CARTESIAN_POINT ( 'NONE',  ( 2.490000000000000213, -0.3109756097560976151, 0.6428996677090133005 ) ) ;
#869 = CARTESIAN_POINT ( 'NONE',  ( 2.490000000000000657, 0.3538631568874748279, 0.6624959987481771062 ) ) ;
#870 = AXIS2_PLACEMENT_3D ( 'NONE', #772, #1497, #195 ) ;
#871 = CARTESIAN_POINT ( 'NONE',  ( 2.490000000000000213, -0.4457335799464277604, 0.2726383410807856067 ) ) ;
#872 = CARTESIAN_POINT ( 'NONE',  ( 2.500000000000000000, -0.6157147804115380429, 0.4610463654318743831 ) ) ;
#873 = CARTESIAN_POINT ( 'NONE',  ( 2.489999999999999769, 0.5448870500228863989, 0.3994104469823615555 ) ) ;
#874 = PRESENTATION_LAYER_ASSIGNMENT (  '', '', ( #2162 ) ) ;
#875 = FILL_AREA_STYLE ('',( #3189 ) ) ;
#876 = DIRECTION ( 'NONE',  ( 0.000000000000000000, -0.3222024856061135867, -0.9466707760722531395 ) ) ;
#877 = FACE_BOUND ( 'NONE', #1463, .T. ) ;
#878 = ORIENTED_EDGE ( 'NONE', *, *, #2899, .F. ) ;
#879 = CARTESIAN_POINT ( 'NONE',  ( 2.500000000000000444, 0.4878048780487807545, 0.4785513445382816866 ) ) ;
#880 = CARTESIAN_POINT ( 'NONE',  ( 2.489999999999999769, -0.4227917705111424729, 0.6748320925327949693 ) ) ;
#881 = EDGE_LOOP ( 'NONE', ( #1046, #2290, #3146, #330 ) ) ;
#882 = LINE ( 'NONE', #56, #1942 ) ;
#883 = EDGE_CURVE ( 'NONE', #502, #739, #234, .T. ) ;
#884 = ORIENTED_EDGE ( 'NONE', *, *, #2788, .T. ) ;
#885 = CARTESIAN_POINT ( 'NONE',  ( 2.489999999999999325, -0.3381595203132156668, 0.6570383559425421183 ) ) ;
#886 = CARTESIAN_POINT ( 'NONE',  ( 2.490000000000000213, 0.4672792127874043633, 0.5786893683911880082 ) ) ;
#887 = CARTESIAN_POINT ( 'NONE',  ( 2.500000000000000000, 0.3345974693327190552, 0.6661547990061061908 ) ) ;
#888 = FILL_AREA_STYLE_COLOUR ( '', #1502 ) ;
#889 = CARTESIAN_POINT ( 'NONE',  ( 2.490000000000000657, 0.5542802873806471631, 0.4520250609928600505 ) ) ;
#890 = FACE_OUTER_BOUND ( 'NONE', #2687, .T. ) ;
#891 = CARTESIAN_POINT ( 'NONE',  ( 2.490000000000000213, -0.6154435547096063219, 0.4467688983061606778 ) ) ;
#892 = LINE ( 'NONE', #2884, #1816 ) ;
#893 = CARTESIAN_POINT ( 'NONE',  ( 2.490000000000000213, 0.5914634146341464227, 0.2236923506358425850 ) ) ;
#894 = DIRECTION ( 'NONE',  ( 1.000000000000000000, -0.000000000000000000, -0.000000000000000000 ) ) ;
#895 = CARTESIAN_POINT ( 'NONE',  ( 2.500000000000000000, 0.2195121951219514422, 0.6688143018553547314 ) ) ;
#896 = EDGE_CURVE ( 'NONE', #2562, #1064, #2286, .T. ) ;
#897 = ORIENTED_EDGE ( 'NONE', *, *, #3317, .T. ) ;
#898 = CARTESIAN_POINT ( 'NONE',  ( 0.000000000000000000, 0.000000000000000000, 0.000000000000000000 ) ) ;
#899 = ORIENTED_EDGE ( 'NONE', *, *, #2382, .T. ) ;
#900 = EDGE_CURVE ( 'NONE', #2762, #1563, #507, .T. ) ;
#901 = CARTESIAN_POINT ( 'NONE',  ( 2.499999999999999556, -0.4038117729642032860, 0.2743123964844801366 ) ) ;
#902 = VECTOR ( 'NONE', #3066, 1000.000000000000000 ) ;
#903 =( GEOMETRIC_REPRESENTATION_CONTEXT ( 3 ) GLOBAL_UNCERTAINTY_ASSIGNED_CONTEXT ( ( #2103 ) ) GLOBAL_UNIT_ASSIGNED_CONTEXT ( ( #1318, #2853, #2364 ) ) REPRESENTATION_CONTEXT ( 'NONE', 'WORKASPACE' ) );
#904 = CARTESIAN_POINT ( 'NONE',  ( 2.499999999999999112, 0.4873237586209716032, 0.5010986632631188042 ) ) ;
#905 = CARTESIAN_POINT ( 'NONE',  ( 2.500000000000000000, 0.8134527439024390461, 0.6627167408797449699 ) ) ;
#906 = CARTESIAN_POINT ( 'NONE',  ( 2.500000000000000000, 0.4358335425745301639, 0.3310309715664422336 ) ) ;
#907 = CARTESIAN_POINT ( 'NONE',  ( 2.500000000000000888, -0.6040265442526390194, 0.3876784787311133851 ) ) ;
#908 = DIRECTION ( 'NONE',  ( 0.000000000000000000, 0.000000000000000000, 1.000000000000000000 ) ) ;
#909 = LINE ( 'NONE', #1458, #925 ) ;
#910 = CARTESIAN_POINT ( 'NONE',  ( 2.489999999999998881, 0.4054168803303309643, 0.6422484309946466796 ) ) ;
#911 = ORIENTED_EDGE ( 'NONE', *, *, #3294, .T. ) ;
#912 = EDGE_CURVE ( 'NONE', #2199, #1960, #2089, .T. ) ;
#913 = ORIENTED_EDGE ( 'NONE', *, *, #3174, .F. ) ;
#914 = CARTESIAN_POINT ( 'NONE',  ( 2.500000000000000444, 0.8172553295144937557, 0.6420639680769230084 ) ) ;
#915 = CARTESIAN_POINT ( 'NONE',  ( 2.489999999999999325, -0.5060800096061540687, 0.7199542964054865823 ) ) ;
#916 = EDGE_CURVE ( 'NONE', #2181, #309, #1037, .T. ) ;
#917 =( GEOMETRIC_REPRESENTATION_CONTEXT ( 3 ) GLOBAL_UNCERTAINTY_ASSIGNED_CONTEXT ( ( #69 ) ) GLOBAL_UNIT_ASSIGNED_CONTEXT ( ( #1664, #1443, #111 ) ) REPRESENTATION_CONTEXT ( 'NONE', 'WORKASPACE' ) );
#918 = CARTESIAN_POINT ( 'NONE',  ( 2.499999999999999556, 0.3721065914857923373, 0.6572247212180161169 ) ) ;
#919 = CARTESIAN_POINT ( 'NONE',  ( 2.500000000000000000, -1.566045976336583045, 0.000000000000000000 ) ) ;
#920 = LINE ( 'NONE', #2235, #3058 ) ;
#921 = EDGE_LOOP ( 'NONE', ( #698, #3042, #3109, #606 ) ) ;
#922 = MECHANICAL_DESIGN_GEOMETRIC_PRESENTATION_REPRESENTATION (  '', ( #1027 ), #2271 ) ;
#923 = CARTESIAN_POINT ( 'NONE',  ( 2.500000000000000000, 0.8118330792682927344, 0.6627167408797449699 ) ) ;
#924 = CARTESIAN_POINT ( 'NONE',  ( 2.500000000000000000, 1.566045976336583045, 1.000000000000000000 ) ) ;
#925 = VECTOR ( 'NONE', #1714, 1000.000000000000000 ) ;
#926 = ORIENTED_EDGE ( 'NONE', *, *, #768, .T. ) ;
#927 = SURFACE_SIDE_STYLE ('',( #173 ) ) ;
#928 = VERTEX_POINT ( 'NONE', #2538 ) ;
#929 = ORIENTED_EDGE ( 'NONE', *, *, #2826, .F. ) ;
#930 = DIRECTION ( 'NONE',  ( 0.000000000000000000, 0.000000000000000000, 1.000000000000000000 ) ) ;
#931 = EDGE_LOOP ( 'NONE', ( #3283, #1531, #547, #2578 ) ) ;
#932 = DIRECTION ( 'NONE',  ( 0.000000000000000000, 0.000000000000000000, 1.000000000000000000 ) ) ;
#933 = CARTESIAN_POINT ( 'NONE',  ( 2.489999999999999769, 0.4071226886076433904, 0.3078560854661634982 ) ) ;
#934 = DIRECTION ( 'NONE',  ( 0.000000000000000000, 0.000000000000000000, -1.000000000000000000 ) ) ;
#935 = EDGE_CURVE ( 'NONE', #3352, #1215, #45, .T. ) ;
#936 = ORIENTED_EDGE ( 'NONE', *, *, #1849, .T. ) ;
#937 = B_SPLINE_CURVE_WITH_KNOTS ( 'NONE', 3,
 ( #605, #311, #1823, #2130, #532, #3145, #1590, #72, #2664, #3161, #31 ),
 .UNSPECIFIED., .F., .F.,
 ( 4, 1, 1, 1, 1, 1, 1, 1, 4 ),
 ( 0.000000000000000000, 0.1451868664724688951, 0.2834426109197292210, 0.4165243659288286882, 0.5431811235350828548, 0.6651530826377133332, 0.7813602063127152997, 0.8927566556418089494, 1.000000000000000000 ),
 .UNSPECIFIED. ) ;
#938 = PLANE ( 'NONE',  #1040 ) ;
#939 = LINE ( 'NONE', #2746, #844 ) ;
#940 = ORIENTED_EDGE ( 'NONE', *, *, #539, .F. ) ;
#941 = FACE_OUTER_BOUND ( 'NONE', #3181, .T. ) ;
#942 = ORIENTED_EDGE ( 'NONE', *, *, #2668, .T. ) ;
#943 =( NAMED_UNIT ( * ) PLANE_ANGLE_UNIT ( ) SI_UNIT ( $, .RADIAN. ) );
#944 = ORIENTED_EDGE ( 'NONE', *, *, #205, .F. ) ;
#945 = CARTESIAN_POINT ( 'NONE',  ( 2.490000000000000213, 0.04268292682926805998, 0.7236923506358425850 ) ) ;
#946 = CARTESIAN_POINT ( 'NONE',  ( 2.490000000000000213, -0.4376700323802781845, 0.7295797395143904795 ) ) ;
#947 = DIRECTION ( 'NONE',  ( 0.000000000000000000, 0.000000000000000000, 1.000000000000000000 ) ) ;
#948 = VECTOR ( 'NONE', #1325, 1000.000000000000000 ) ;
#949 = AXIS2_PLACEMENT_3D ( 'NONE', #2120, #1634, #40 ) ;
#950 = CARTESIAN_POINT ( 'NONE',  ( 2.489999999999999325, 0.3441520247636225549, 0.2276940765921870724 ) ) ;
#951 = AXIS2_PLACEMENT_3D ( 'NONE', #1992, #1459, #3246 ) ;
#952 = EDGE_LOOP ( 'NONE', ( #3280, #2890, #518, #1548 ) ) ;
#953 = CARTESIAN_POINT ( 'NONE',  ( 2.490000000000000213, 0.8045857424527086410, 0.6299347042733699498 ) ) ;
#954 = EDGE_CURVE ( 'NONE', #2414, #773, #2786, .T. ) ;
#955 = DIRECTION ( 'NONE',  ( 0.000000000000000000, 1.000000000000000000, 0.000000000000000000 ) ) ;
#956 = ADVANCED_FACE ( 'NONE', ( #202 ), #2841, .T. ) ;
#957 =( NAMED_UNIT ( * ) PLANE_ANGLE_UNIT ( ) SI_UNIT ( $, .RADIAN. ) );
#958 = ORIENTED_EDGE ( 'NONE', *, *, #346, .T. ) ;
#959 = ORIENTED_EDGE ( 'NONE', *, *, #916, .T. ) ;
#960 = CARTESIAN_POINT ( 'NONE',  ( 2.489999999999999769, 0.8205460169504996681, 0.6296506824965441007 ) ) ;
#961 = ORIENTED_EDGE ( 'NONE', *, *, #3126, .F. ) ;
#962 = CARTESIAN_POINT ( 'NONE',  ( 2.489999999999999769, -0.6553092219566252208, 0.5957056341629031193 ) ) ;
#963 = DIRECTION ( 'NONE',  ( 0.000000000000000000, -1.000000000000000000, -0.000000000000000000 ) ) ;
#964 = DIRECTION ( 'NONE',  ( 0.000000000000000000, -1.000000000000000000, 0.000000000000000000 ) ) ;
#965 = CARTESIAN_POINT ( 'NONE',  ( 2.499999999999999556, -0.5035491013290535056, 0.6611919060258002467 ) ) ;
#966 = CARTESIAN_POINT ( 'NONE',  ( 2.500000000000000000, 0.2195121951219514422, 0.2785703994163303832 ) ) ;
#967 = VECTOR ( 'NONE', #2524, 1000.000000000000114 ) ;
#968 = EDGE_LOOP ( 'NONE', ( #177, #1355, #1976, #2881 ) ) ;
#969 = CARTESIAN_POINT ( 'NONE',  ( 2.500000000000000000, 0.5367801690928424296, 0.3752440545629748270 ) ) ;
#970 = CARTESIAN_POINT ( 'NONE',  ( 2.490000000000000213, 0.04268292682926805998, 0.7236923506358425850 ) ) ;
#971 = CARTESIAN_POINT ( 'NONE',  ( 2.489999999999999325, -0.4123440683672711660, 0.6746741308059869269 ) ) ;
#972 = AXIS2_PLACEMENT_3D ( 'NONE', #1343, #59, #3165 ) ;
#973 = CARTESIAN_POINT ( 'NONE',  ( 2.499999999999999556, 0.5506540866102590526, 0.5326106901106186786 ) ) ;
#974 = LINE ( 'NONE', #1975, #681 ) ;
#975 = ORIENTED_EDGE ( 'NONE', *, *, #852, .T. ) ;
#976 = VECTOR ( 'NONE', #103, 1000.000000000000000 ) ;
#977 = ORIENTED_EDGE ( 'NONE', *, *, #28, .F. ) ;
#978 = CARTESIAN_POINT ( 'NONE',  ( 2.490000000000000213, 0.05487804878048758300, 0.2236923506358425850 ) ) ;
#979 = ORIENTED_EDGE ( 'NONE', *, *, #2317, .T. ) ;
#980 = CARTESIAN_POINT ( 'NONE',  ( 2.490000000000000657, -0.3149556715114246730, 0.7115884332561573933 ) ) ;
#981 = EDGE_CURVE ( 'NONE', #1822, #842, #3359, .T. ) ;
#982 = CARTESIAN_POINT ( 'NONE',  ( 2.499999999999999112, -0.5060800096061540687, 0.7199542964054865823 ) ) ;
#983 = FACE_OUTER_BOUND ( 'NONE', #2741, .T. ) ;
#984 = DIRECTION ( 'NONE',  ( 0.000000000000000000, 0.000000000000000000, -1.000000000000000000 ) ) ;
#985 = CARTESIAN_POINT ( 'NONE',  ( 2.500000000000000444, 0.3703077036300180813, 0.2330015658202250206 ) ) ;
#986 = LINE ( 'NONE', #3052, #1409 ) ;
#987 = CARTESIAN_POINT ( 'NONE',  ( 2.489999999999999325, -0.3248036304379759986, 0.2966964396749421362 ) ) ;
#988 = FILL_AREA_STYLE_COLOUR ( '', #483 ) ;
#989 = CARTESIAN_POINT ( 'NONE',  ( -1.019999999999999796, 0.2500000000000001665, -3.500000000000000000 ) ) ;
#990 = FACE_OUTER_BOUND ( 'NONE', #725, .T. ) ;
#991 = VERTEX_POINT ( 'NONE', #525 ) ;
#992 = EDGE_LOOP ( 'NONE', ( #3097, #70, #1392, #2004 ) ) ;
#993 = EDGE_CURVE ( 'NONE', #502, #57, #3068, .T. ) ;
#994 = FILL_AREA_STYLE_COLOUR ( '', #1298 ) ;
#995 = VERTEX_POINT ( 'NONE', #2334 ) ;
#996 = DIRECTION ( 'NONE',  ( -0.000000000000000000, -0.000000000000000000, 1.000000000000000000 ) ) ;
#997 = CARTESIAN_POINT ( 'NONE',  ( 2.499999999999999556, -0.6553092219566252208, 0.5957056341629031193 ) ) ;
#998 = EDGE_CURVE ( 'NONE', #991, #928, #796, .T. ) ;
#999 = CARTESIAN_POINT ( 'NONE',  ( 2.489999999999999769, -0.6153444149995841439, 0.4911197524045064489 ) ) ;
#1000 = DIRECTION ( 'NONE',  ( 1.000000000000000000, -0.000000000000000000, -0.000000000000000000 ) ) ;
#1001 = CARTESIAN_POINT ( 'NONE',  ( 2.500000000000000000, -0.5653870655231136855, 0.2436057403482928818 ) ) ;
#1002 = CARTESIAN_POINT ( 'NONE',  ( 2.490000000000000657, -0.3109756097560976706, 0.3044850335626719251 ) ) ;
#1003 = LINE ( 'NONE', #2104, #1661 ) ;
#1004 = PRESENTATION_LAYER_ASSIGNMENT (  '', '', ( #1551 ) ) ;
#1005 = AXIS2_PLACEMENT_3D ( 'NONE', #2689, #368, #554 ) ;
#1006 = DIRECTION ( 'NONE',  ( -0.000000000000000000, -0.000000000000000000, 1.000000000000000000 ) ) ;
#1007 = CARTESIAN_POINT ( 'NONE',  ( 2.490000000000000213, -0.4213677138847096715, 0.2727084090100499458 ) ) ;
#1008 = AXIS2_PLACEMENT_3D ( 'NONE', #1206, #147, #1735 ) ;
#1009 = ORIENTED_EDGE ( 'NONE', *, *, #1954, .F. ) ;
#1010 = ORIENTED_EDGE ( 'NONE', *, *, #2752, .F. ) ;
#1011 = ORIENTED_EDGE ( 'NONE', *, *, #1731, .T. ) ;
#1012 =( NAMED_UNIT ( * ) PLANE_ANGLE_UNIT ( ) SI_UNIT ( $, .RADIAN. ) );
#1013 = EDGE_CURVE ( 'NONE', #995, #1442, #1521, .T. ) ;
#1014 = CARTESIAN_POINT ( 'NONE',  ( 2.489999999999999769, 0.5506540866102590526, 0.5326106901106186786 ) ) ;
#1015 = LINE ( 'NONE', #777, #1415 ) ;
#1016 = LINE ( 'NONE', #3081, #2462 ) ;
#1017 = EDGE_CURVE ( 'NONE', #1374, #286, #986, .T. ) ;
#1018 = CARTESIAN_POINT ( 'NONE',  ( 2.500000000000000000, -0.6829268292682927344, 0.4642601860016962179 ) ) ;
#1019 = CARTESIAN_POINT ( 'NONE',  ( 2.490000000000000213, -0.4767542180190583734, 0.2754876826378731547 ) ) ;
#1020 = PLANE ( 'NONE',  #1604 ) ;
#1021 = CARTESIAN_POINT ( 'NONE',  ( 2.490000000000000213, 0.1524390243902441211, 0.2236923506358425850 ) ) ;
#1022 = VECTOR ( 'NONE', #456, 1000.000000000000000 ) ;
#1023 = CARTESIAN_POINT ( 'NONE',  ( 2.490000000000000213, 0.000000000000000000, 0.000000000000000000 ) ) ;
#1024 = LINE ( 'NONE', #2358, #2348 ) ;
#1025 = VECTOR ( 'NONE', #1300, 1000.000000000000000 ) ;
#1026 = VERTEX_POINT ( 'NONE', #557 ) ;
#1027 = STYLED_ITEM ( 'NONE', ( #1925 ), #2502 ) ;
#1028 = DIRECTION ( 'NONE',  ( 0.000000000000000000, -0.3222024856061135867, -0.9466707760722531395 ) ) ;
#1029 = COLOUR_RGB ( '',1.000000000000000000, 1.000000000000000000, 1.000000000000000000 ) ;
#1030 = ORIENTED_EDGE ( 'NONE', *, *, #2239, .F. ) ;
#1031 = CARTESIAN_POINT ( 'NONE',  ( 2.500000000000000000, -0.4286394817073171382, 0.7297899116114523466 ) ) ;
#1032 = DIRECTION ( 'NONE',  ( 0.000000000000000000, 1.000000000000000000, 0.000000000000000000 ) ) ;
#1033 = VERTEX_POINT ( 'NONE', #97 ) ;
#1034 = LINE ( 'NONE', #2030, #3078 ) ;
#1035 = CARTESIAN_POINT ( 'NONE',  ( 2.489999999999999325, -0.5848848831705555362, 0.2552326032304723102 ) ) ;
#1036 = B_SPLINE_SURFACE_WITH_KNOTS ( 'NONE', 3, 1, ( 
 ( #663, #3269 ),
 ( #231, #1336 ),
 ( #3286, #2610 ),
 ( #565, #30 ),
 ( #489, #1257 ),
 ( #2797, #2016 ),
 ( #2360, #3144 ),
 ( #1271, #745 ),
 ( #1607, #1078 ),
 ( #3032, #310 ),
 ( #2297, #3340 ),
 ( #3321, #2112 ),
 ( #1589, #3064 ),
 ( #453, #3305 ),
 ( #2782, #1752 ),
 ( #1014, #823 ),
 ( #1781, #3079 ),
 ( #1500, #2520 ),
 ( #2886, #2535 ) ),
 .UNSPECIFIED., .F., .F., .F.,
 ( 4, 1, 1, 1, 1, 1, 1, 1, 1, 1, 1, 1, 1, 1, 1, 1, 4 ),
 ( 2, 2 ),
 ( 0.000000000000000000, 0.06862508274056242086, 0.1345545136201737046, 0.1983105381726449068, 0.2607666028577417805, 0.3219705509811536248, 0.3825768364739202121, 0.4433871622520281774, 0.5049776466454753976, 0.5660526666579482891, 0.6259393368041463734, 0.6853772699598057461, 0.7450185202409496110, 0.8054331251048295615, 0.8676480231140831778, 0.9323137948382839157, 1.000000000000000000 ),
 ( 0.000000000000000000, 1.000000000000000000 ),
 .UNSPECIFIED. ) ;
#1037 = LINE ( 'NONE', #1785, #1022 ) ;
#1038 = CARTESIAN_POINT ( 'NONE',  ( 2.500000000000000000, -0.4583434248397348920, 0.2729632427675136030 ) ) ;
#1039 = CARTESIAN_POINT ( 'NONE',  ( 2.490000000000000657, -0.3109756097560976706, 0.3044850335626719251 ) ) ;
#1041 = EDGE_CURVE ( 'NONE', #3075, #51, #2136, .T. ) ;
#1040 = AXIS2_PLACEMENT_3D ( 'NONE', #688, #1510, #737 ) ;
#1042 = CARTESIAN_POINT ( 'NONE',  ( 2.489999999999999769, -0.3729713468732496207, 0.2253838275076615882 ) ) ;
#1043 = CARTESIAN_POINT ( 'NONE',  ( 2.500000000000000000, -0.6088888659452962315, 0.5338116185977279660 ) ) ;
#1044 = CARTESIAN_POINT ( 'NONE',  ( 2.500000000000000000, 0.8112500380320645244, 0.6591562947356345292 ) ) ;
#1045 = EDGE_CURVE ( 'NONE', #1461, #2562, #2639, .T. ) ;
#1046 = ORIENTED_EDGE ( 'NONE', *, *, #1849, .F. ) ;
#1047 = ORIENTED_EDGE ( 'NONE', *, *, #1125, .F. ) ;
#1048 = CARTESIAN_POINT ( 'NONE',  ( 2.490000000000000213, -0.4286394817073171382, 0.7297899116114523466 ) ) ;
#1049 = CARTESIAN_POINT ( 'NONE',  ( 2.490000000000000657, 0.4876323545444964380, 0.4708600546263441156 ) ) ;
#1050 = ORIENTED_EDGE ( 'NONE', *, *, #3339, .T. ) ;
#1051 = CARTESIAN_POINT ( 'NONE',  ( 2.490000000000000213, -0.6088888659452962315, 0.5338116185977279660 ) ) ;
#1052 = CARTESIAN_POINT ( 'NONE',  ( 2.490000000000000213, 0.4878048780487806990, 0.4785513445382816311 ) ) ;
#1053 = DIRECTION ( 'NONE',  ( 0.000000000000000000, 0.000000000000000000, -1.000000000000000000 ) ) ;
#1054 = FILL_AREA_STYLE ('',( #2805 ) ) ;
#1055 = CARTESIAN_POINT ( 'NONE',  ( 2.490000000000000213, -0.4485518292682927344, 0.2175947896602328235 ) ) ;
#1056 = EDGE_CURVE ( 'NONE', #1579, #2378, #1345, .T. ) ;
#1057 = CARTESIAN_POINT ( 'NONE',  ( 2.500000000000000000, 0.8112500380320645244, 0.6591562947356345292 ) ) ;
#1058 = CARTESIAN_POINT ( 'NONE',  ( 2.490000000000000213, 0.8082893805652041630, 0.6430058272639380679 ) ) ;
#1059 = MECHANICAL_DESIGN_GEOMETRIC_PRESENTATION_REPRESENTATION (  '', ( #2087 ), #459 ) ;
#1060 = COLOUR_RGB ( '',0.8509803921568627194, 0.8509803921568627194, 0.8509803921568627194 ) ;
#1061 = ADVANCED_FACE ( 'NONE', ( #3136, #318 ), #3171, .T. ) ;
#1062 = PRODUCT_DEFINITION_FORMATION_WITH_SPECIFIED_SOURCE ( '任何', '', #1201, .NOT_KNOWN. ) ;
#1063 = ORIENTED_EDGE ( 'NONE', *, *, #2586, .T. ) ;
#1064 = VERTEX_POINT ( 'NONE', #1379 ) ;
#1065 = CARTESIAN_POINT ( 'NONE',  ( 2.500000000000000000, -0.7256097560975609539, 0.2236923506358425850 ) ) ;
#1066 = ORIENTED_EDGE ( 'NONE', *, *, #2899, .T. ) ;
#1067 = CARTESIAN_POINT ( 'NONE',  ( 2.490000000000001101, -0.6028399312424838064, 0.2692324835745237843 ) ) ;
#1068 = CARTESIAN_POINT ( 'NONE',  ( 2.490000000000000213, -0.6829268292682927344, 0.4642601860016962179 ) ) ;
#1069 = CARTESIAN_POINT ( 'NONE',  ( 2.489999999999999769, -0.4942639298523535119, 0.2795600270628612050 ) ) ;
#1070 = SURFACE_STYLE_FILL_AREA ( #1901 ) ;
#1071 = CARTESIAN_POINT ( 'NONE',  ( 2.490000000000000657, -0.4418158324514969149, 0.2176737915654293198 ) ) ;
#1072 = ORIENTED_EDGE ( 'NONE', *, *, #3279, .T. ) ;
#1073 = PLANE ( 'NONE',  #260 ) ;
#1074 = CARTESIAN_POINT ( 'NONE',  ( 2.489999999999999769, -0.6153444149995841439, 0.4911197524045064489 ) ) ;
#1075 = DIRECTION ( 'NONE',  ( 0.000000000000000000, 1.000000000000000000, 0.000000000000000000 ) ) ;
#1076 = VECTOR ( 'NONE', #74, 1000.000000000000000 ) ;
#1077 = ORIENTED_EDGE ( 'NONE', *, *, #308, .T. ) ;
#1078 = CARTESIAN_POINT ( 'NONE',  ( 2.500000000000000888, 0.4614421432605068651, 0.6733546415807539764 ) ) ;
#1079 = EDGE_CURVE ( 'NONE', #1642, #73, #611, .T. ) ;
#1080 = ORIENTED_EDGE ( 'NONE', *, *, #2405, .T. ) ;
#1081 = DIRECTION ( 'NONE',  ( 0.000000000000000000, -0.3393303772748773595, 0.9406672605435406620 ) ) ;
#1082 = VECTOR ( 'NONE', #549, 1000.000000000000000 ) ;
#1083 = VERTEX_POINT ( 'NONE', #1880 ) ;
#1084 = CARTESIAN_POINT ( 'NONE',  ( 2.490000000000000213, -0.4485518292682927344, 0.2175947896602328235 ) ) ;
#1085 = CARTESIAN_POINT ( 'NONE',  ( 2.500000000000000888, -0.5224351532214749350, 0.2267054534826528633 ) ) ;
#1086 = EDGE_CURVE ( 'NONE', #1083, #3041, #2673, .T. ) ;
#1087 = CIRCLE ( 'NONE', #488, 2.500000000000000000 ) ;
#1088 = CARTESIAN_POINT ( 'NONE',  ( 2.490000000000000213, 0.4848398091016566935, 0.5226871365839698136 ) ) ;
#1089 = CARTESIAN_POINT ( 'NONE',  ( 2.500000000000000000, -0.1463414634146343873, 0.2785703994163303832 ) ) ;
#1090 = B_SPLINE_SURFACE_WITH_KNOTS ( 'NONE', 3, 1, ( 
 ( #1749, #2966 ),
 ( #3012, #1482 ),
 ( #1931, #2706 ),
 ( #435, #2248 ),
 ( #1430, #3284 ),
 ( #1719, #2232 ),
 ( #962, #1466 ),
 ( #1998, #2983 ),
 ( #2754, #2451 ),
 ( #416, #129 ),
 ( #1167, #1205 ),
 ( #3267, #1966 ),
 ( #695, #2498 ),
 ( #2204, #178 ),
 ( #915, #3234 ),
 ( #1946, #711 ),
 ( #1704, #397 ),
 ( #2764, #450 ),
 ( #2517, #1153 ) ),
 .UNSPECIFIED., .F., .F., .F.,
 ( 4, 1, 1, 1, 1, 1, 1, 1, 1, 1, 1, 1, 1, 1, 1, 1, 4 ),
 ( 2, 2 ),
 ( 0.000000000000000000, 0.07063927843666165107, 0.1382480257201391949, 0.2033513422613805188, 0.2663073546514734824, 0.3280959248530532779, 0.3887239736335393325, 0.4495937647983102026, 0.5110273866450998348, 0.5720856998822558825, 0.6318755274497673824, 0.6911366246534705882, 0.7503757200018624784, 0.8100448404501349176, 0.8713705360282543166, 0.9344312626533162192, 1.000000000000000000 ),
 ( 0.000000000000000000, 1.000000000000000000 ),
 .UNSPECIFIED. ) ;
#1091 = CARTESIAN_POINT ( 'NONE',  ( 2.489999999999999769, -0.5263804747237509352, 0.2928750871176954429 ) ) ;
#1092 = DIRECTION ( 'NONE',  ( -0.000000000000000000, 0.000000000000000000, 1.000000000000000000 ) ) ;
#1093 = CARTESIAN_POINT ( 'NONE',  ( 2.500000000000000888, 0.3341406151420345805, 0.2815738841938798531 ) ) ;
#1094 = DIRECTION ( 'NONE',  ( 0.000000000000000000, -0.9417224702971437322, 0.3363908276654484220 ) ) ;
#1095 = PLANE ( 'NONE',  #1768 ) ;
#1096 = ORIENTED_EDGE ( 'NONE', *, *, #2465, .F. ) ;
#1097 = CARTESIAN_POINT ( 'NONE',  ( 2.500000000000000000, 0.3345974693327190552, 0.6661547990061061908 ) ) ;
#1098 = CARTESIAN_POINT ( 'NONE',  ( 2.500000000000000000, -0.9817073170731707155, 0.2236923506358425850 ) ) ;
#1099 = VERTEX_POINT ( 'NONE', #541 ) ;
#1100 = FACE_OUTER_BOUND ( 'NONE', #2293, .T. ) ;
#1101 = SHAPE_DEFINITION_REPRESENTATION ( #2845, #3204 ) ;
#1102 = PRODUCT_RELATED_PRODUCT_CATEGORY ( 'part', '', ( #1201 ) ) ;
#1103 = ORIENTED_EDGE ( 'NONE', *, *, #993, .T. ) ;
#1104 = LINE ( 'NONE', #849, #2835 ) ;
#1105 = EDGE_CURVE ( 'NONE', #480, #2514, #282, .T. ) ;
#1106 = CARTESIAN_POINT ( 'NONE',  ( 2.490000000000000213, -0.6822832953199228223, 0.4930263108563237018 ) ) ;
#1107 = CARTESIAN_POINT ( 'NONE',  ( 2.489999999999999769, 0.3950711594167480856, 0.2407969423518674101 ) ) ;
#1108 =( LENGTH_UNIT ( ) NAMED_UNIT ( * ) SI_UNIT ( .MILLI., .METRE. ) );
#1109 = CARTESIAN_POINT ( 'NONE',  ( 2.490000000000000213, 0.8038300304878049918, 0.6276557652699888967 ) ) ;
#1110 = ORIENTED_EDGE ( 'NONE', *, *, #2832, .T. ) ;
#1111 = CARTESIAN_POINT ( 'NONE',  ( 2.500000000000000000, 0.9189214939024391571, 0.3639362530748669888 ) ) ;
#1112 = AXIS2_PLACEMENT_3D ( 'NONE', #1159, #1351, #2396 ) ;
#1113 = CIRCLE ( 'NONE', #189, 2.950000000000000178 ) ;
#1114 = DIRECTION ( 'NONE',  ( 0.000000000000000000, 0.000000000000000000, -1.000000000000000000 ) ) ;
#1115 = ORIENTED_EDGE ( 'NONE', *, *, #648, .T. ) ;
#1116 = LINE ( 'NONE', #2148, #426 ) ;
#1117 = VERTEX_POINT ( 'NONE', #1089 ) ;
#1118 = DIRECTION ( 'NONE',  ( 1.000000000000000000, -0.000000000000000000, -0.000000000000000000 ) ) ;
#1119 = CARTESIAN_POINT ( 'NONE',  ( 2.500000000000000000, 3.061616997868382648E-16, 8.599999999999999645 ) ) ;
#1120 = CARTESIAN_POINT ( 'NONE',  ( 2.490000000000000213, 0.6646341463414634498, 0.2236923506358425850 ) ) ;
#1121 = SURFACE_STYLE_USAGE ( .BOTH. , #1852 ) ;
#1122 = DIRECTION ( 'NONE',  ( 1.000000000000000000, -0.000000000000000000, -0.000000000000000000 ) ) ;
#1123 = EDGE_CURVE ( 'NONE', #1064, #1026, #1616, .T. ) ;
#1124 =( LENGTH_UNIT ( ) NAMED_UNIT ( * ) SI_UNIT ( .MILLI., .METRE. ) );
#1125 = EDGE_CURVE ( 'NONE', #377, #1955, #1436, .T. ) ;
#1126 = VERTEX_POINT ( 'NONE', #1397 ) ;
#1127 = CARTESIAN_POINT ( 'NONE',  ( 2.499999999999999112, 0.4054168803303309643, 0.6422484309946466796 ) ) ;
#1128 = FACE_OUTER_BOUND ( 'NONE', #860, .T. ) ;
#1129 = ORIENTED_EDGE ( 'NONE', *, *, #1375, .T. ) ;
#1130 = FACE_OUTER_BOUND ( 'NONE', #410, .T. ) ;
#1131 =( GEOMETRIC_REPRESENTATION_CONTEXT ( 3 ) GLOBAL_UNCERTAINTY_ASSIGNED_CONTEXT ( ( #2924 ) ) GLOBAL_UNIT_ASSIGNED_CONTEXT ( ( #3018, #2712, #2226 ) ) REPRESENTATION_CONTEXT ( 'NONE', 'WORKASPACE' ) );
#1132 = PRODUCT_CONTEXT ( 'NONE', #2077, 'mechanical' ) ;
#1133 = ORIENTED_EDGE ( 'NONE', *, *, #2734, .T. ) ;
#1134 = DIRECTION ( 'NONE',  ( -1.000000000000000000, 0.000000000000000000, -0.000000000000000000 ) ) ;
#1135 = DIRECTION ( 'NONE',  ( 0.000000000000000000, 0.000000000000000000, -1.000000000000000000 ) ) ;
#1136 = COLOUR_RGB ( '',0.8509803921568627194, 0.8509803921568627194, 0.8509803921568627194 ) ;
#1137 = DIRECTION ( 'NONE',  ( 0.000000000000000000, 1.000000000000000000, 0.000000000000000000 ) ) ;
#1138 = CARTESIAN_POINT ( 'NONE',  ( 2.500000000000000000, -0.4583434248397348920, 0.2729632427675136030 ) ) ;
#1139 = LINE ( 'NONE', #2138, #460 ) ;
#1140 = VECTOR ( 'NONE', #66, 1000.000000000000000 ) ;
#1141 = SURFACE_STYLE_FILL_AREA ( #875 ) ;
#1142 = EDGE_CURVE ( 'NONE', #739, #2623, #2877, .T. ) ;
#1143 = CARTESIAN_POINT ( 'NONE',  ( 2.490000000000000657, -0.6131123187452874879, 0.4259302890566464828 ) ) ;
#1144 = DIRECTION ( 'NONE',  ( 0.000000000000000000, -1.000000000000000000, 0.000000000000000000 ) ) ;
#1145 = EDGE_CURVE ( 'NONE', #1940, #3239, #2406, .T. ) ;
#1146 = ORIENTED_EDGE ( 'NONE', *, *, #3194, .F. ) ;
#1147 = CARTESIAN_POINT ( 'NONE',  ( 2.490000000000000213, -0.7256097560975609539, 0.2236923506358425850 ) ) ;
#1148 = CARTESIAN_POINT ( 'NONE',  ( 2.499999999999999112, -0.3381595203132156668, 0.6570383559425421183 ) ) ;
#1149 = ORIENTED_EDGE ( 'NONE', *, *, #3023, .T. ) ;
#1150 = B_SPLINE_CURVE_WITH_KNOTS ( 'NONE', 3,
 ( #3290, #3225, #1174, #405, #1420, #969, #717, #153, #1971, #1988, #1756, #1193, #3001, #1934, #649, #2972, #2742, #1473, #2573 ),
 .UNSPECIFIED., .F., .F.,
 ( 4, 1, 1, 1, 1, 1, 1, 1, 1, 1, 1, 1, 1, 1, 1, 1, 4 ),
 ( 0.000000000000000000, 0.06806869584499410097, 0.1334274328189550551, 0.1961460338131565118, 0.2570485924493128294, 0.3168826631591620813, 0.3761872086663216597, 0.4359603353635462808, 0.4965352368627264368, 0.5574653434807332886, 0.6176868634101470024, 0.6779436406969062689, 0.7388052848060404632, 0.8009493367665844188, 0.8648146674702269499, 0.9310247810786572709, 1.000000000000000000 ),
 .UNSPECIFIED. ) ;
#1151 = ORIENTED_EDGE ( 'NONE', *, *, #2802, .F. ) ;
#1152 = PLANE ( 'NONE',  #427 ) ;
#1153 = CARTESIAN_POINT ( 'NONE',  ( 2.500000000000000444, -0.4286394817073171382, 0.7297899116114523466 ) ) ;
#1154 = FACE_OUTER_BOUND ( 'NONE', #2790, .T. ) ;
#1155 = CARTESIAN_POINT ( 'NONE',  ( 2.500000000000000000, -0.4481302321314790116, 0.6744834077329971977 ) ) ;
#1156 = CARTESIAN_POINT ( 'NONE',  ( 2.500000000000000000, 0.4480723509810953797, 0.3448901576796450374 ) ) ;
#1157 = DIRECTION ( 'NONE',  ( 0.000000000000000000, -1.000000000000000000, -0.000000000000000000 ) ) ;
#1158 = PLANE ( 'NONE',  #3253 ) ;
#1159 = CARTESIAN_POINT ( 'NONE',  ( 2.490000000000000213, -0.1463414634146343873, 0.5041801555138913926 ) ) ;
#1160 = EDGE_CURVE ( 'NONE', #2964, #1287, #2836, .T. ) ;
#1161 = ORIENTED_EDGE ( 'NONE', *, *, #3132, .T. ) ;
#1162 = CARTESIAN_POINT ( 'NONE',  ( 2.490000000000000213, -0.4286394817073171382, 0.7297899116114523466 ) ) ;
#1163 = CARTESIAN_POINT ( 'NONE',  ( 2.500000000000000444, -0.3968518678333565197, 0.6730538140114585843 ) ) ;
#1164 = ORIENTED_EDGE ( 'NONE', *, *, #3148, .F. ) ;
#1165 = ADVANCED_FACE ( 'NONE', ( #2500 ), #2453, .T. ) ;
#1166 = ORIENTED_EDGE ( 'NONE', *, *, #3126, .T. ) ;
#1167 = CARTESIAN_POINT ( 'NONE',  ( 2.490000000000000213, -0.5928876144367650758, 0.6741321962493060926 ) ) ;
#1168 = AXIS2_PLACEMENT_3D ( 'NONE', #154, #1438, #406 ) ;
#1169 = VECTOR ( 'NONE', #1262, 1000.000000000000000 ) ;
#1170 = CARTESIAN_POINT ( 'NONE',  ( 2.489999999999999769, 0.3731999763739955456, 0.2913007871615728717 ) ) ;
#1171 = CARTESIAN_POINT ( 'NONE',  ( 2.500000000000000000, 0.4672792127874043633, 0.5786893683911880082 ) ) ;
#1172 = SURFACE_STYLE_USAGE ( .BOTH. , #399 ) ;
#1173 = ORIENTED_EDGE ( 'NONE', *, *, #1079, .F. ) ;
#1174 = CARTESIAN_POINT ( 'NONE',  ( 2.500000000000000444, 0.5542802873806471631, 0.4520250609928600505 ) ) ;
#1175 = CARTESIAN_POINT ( 'NONE',  ( -1.520000000000000018, -0.2499999999999998335, 0.000000000000000000 ) ) ;
#1176 = CARTESIAN_POINT ( 'NONE',  ( 2.500000000000000000, -0.3251187419298118830, 0.2418005516495891627 ) ) ;
#1177 = CARTESIAN_POINT ( 'NONE',  ( -2.500000000000000000, 0.000000000000000000, 6.099999999999999645 ) ) ;
#1178 = SURFACE_STYLE_USAGE ( .BOTH. , #1961 ) ;
#1179 = ORIENTED_EDGE ( 'NONE', *, *, #858, .F. ) ;
#1180 =( LENGTH_UNIT ( ) NAMED_UNIT ( * ) SI_UNIT ( .MILLI., .METRE. ) );
#1181 = ORIENTED_EDGE ( 'NONE', *, *, #496, .F. ) ;
#1182 = EDGE_CURVE ( 'NONE', #447, #865, #180, .T. ) ;
#1183 = CARTESIAN_POINT ( 'NONE',  ( -1.020000000000000018, -0.2499999999999998335, -3.500000000000000000 ) ) ;
#1184 = CARTESIAN_POINT ( 'NONE',  ( 2.490000000000000213, -0.1463414634146343873, 0.2785703994163303832 ) ) ;
#1185 = CARTESIAN_POINT ( 'NONE',  ( 2.490000000000000213, 0.2904916158536587911, 0.2785703994163303832 ) ) ;
#1186 = AXIS2_PLACEMENT_3D ( 'NONE', #1284, #214, #1797 ) ;
#1187 = CARTESIAN_POINT ( 'NONE',  ( 2.490000000000001101, -0.4813558984699881638, 0.7256443135957374446 ) ) ;
#1188 = EDGE_CURVE ( 'NONE', #309, #1715, #3366, .T. ) ;
#1189 = DIRECTION ( 'NONE',  ( 0.000000000000000000, -1.000000000000000000, 0.000000000000000000 ) ) ;
#1190 = CARTESIAN_POINT ( 'NONE',  ( 2.490000000000000657, 0.3703077036300180813, 0.2330015658202250206 ) ) ;
#1191 = MECHANICAL_DESIGN_GEOMETRIC_PRESENTATION_REPRESENTATION (  '', ( #317 ), #2374 ) ;
#1192 = VERTEX_POINT ( 'NONE', #2436 ) ;
#1193 = CARTESIAN_POINT ( 'NONE',  ( 2.500000000000001332, 0.4407023022779723020, 0.2626326989894700592 ) ) ;
#1194 = PRESENTATION_LAYER_ASSIGNMENT (  '', '', ( #1688 ) ) ;
#1195 = CARTESIAN_POINT ( 'NONE',  ( 2.499999999999999556, -0.3906215900297366761, 0.2218256196331182539 ) ) ;
#1196 = VECTOR ( 'NONE', #442, 1000.000000000000000 ) ;
#1197 = UNCERTAINTY_MEASURE_WITH_UNIT (LENGTH_MEASURE( 1.000000000000000082E-05 ), #3229, 'distance_accuracy_value', 'NONE');
#1198 = PLANE ( 'NONE',  #1959 ) ;
#1199 = ORIENTED_EDGE ( 'NONE', *, *, #2056, .T. ) ;
#1200 = CARTESIAN_POINT ( 'NONE',  ( 2.490000000000000213, 1.042682926829268331, 0.2236923506358425850 ) ) ;
#1201 = PRODUCT ( 'LED-TH_5mm_W', 'LED-TH_5mm_W', '', ( #1132 ) ) ;
#1202 = ORIENTED_EDGE ( 'NONE', *, *, #2694, .F. ) ;
#1203 = SURFACE_STYLE_USAGE ( .BOTH. , #3282 ) ;
#1204 = ORIENTED_EDGE ( 'NONE', *, *, #1585, .T. ) ;
#1205 = CARTESIAN_POINT ( 'NONE',  ( 2.500000000000000444, -0.5928876144367650758, 0.6741321962493060926 ) ) ;
#1206 = CARTESIAN_POINT ( 'NONE',  ( 1.520000000000000018, -0.2499999999999998335, -3.500000000000000000 ) ) ;
#1207 = CARTESIAN_POINT ( 'NONE',  ( 2.500000000000000000, 0.4470201242879411341, 0.6086777766394559919 ) ) ;
#1208 = CARTESIAN_POINT ( 'NONE',  ( 2.490000000000001545, 0.4407023022779723020, 0.2626326989894700592 ) ) ;
#1209 = ADVANCED_FACE ( 'NONE', ( #1154 ), #1036, .T. ) ;
#1210 = ORIENTED_EDGE ( 'NONE', *, *, #1329, .T. ) ;
#1211 = FILL_AREA_STYLE ('',( #3273 ) ) ;
#1212 = DIRECTION ( 'NONE',  ( 0.000000000000000000, -0.3393303772748773595, 0.9406672605435406620 ) ) ;
#1213 = CARTESIAN_POINT ( 'NONE',  ( 2.500000000000000888, 0.4980351702342496467, 0.6407489095545410018 ) ) ;
#1214 = PRESENTATION_STYLE_ASSIGNMENT (( #1178 ) ) ;
#1215 = VERTEX_POINT ( 'NONE', #1534 ) ;
#1216 = ORIENTED_EDGE ( 'NONE', *, *, #2628, .T. ) ;
#1217 = CARTESIAN_POINT ( 'NONE',  ( 2.499999999999999556, 0.8191217334991176546, 0.6342044382899948429 ) ) ;
#1218 = ORIENTED_EDGE ( 'NONE', *, *, #3232, .F. ) ;
#1219 = CARTESIAN_POINT ( 'NONE',  ( 2.499999999999999112, -0.3248036304379759986, 0.2966964396749421362 ) ) ;
#1220 = CARTESIAN_POINT ( 'NONE',  ( 2.500000000000000444, 0.2980254028987007198, 0.2787332509667738156 ) ) ;
#1221 = CARTESIAN_POINT ( 'NONE',  ( 2.500000000000000444, 0.4343971559900886015, 0.6213320649624946013 ) ) ;
#1222 = CARTESIAN_POINT ( 'NONE',  ( 2.500000000000000000, -0.4860786835588575272, 0.6675159676108710638 ) ) ;
#1223 = PRESENTATION_LAYER_ASSIGNMENT (  '', '', ( #2087 ) ) ;
#1224 = VECTOR ( 'NONE', #1595, 1000.000000000000000 ) ;
#1225 = CARTESIAN_POINT ( 'NONE',  ( 2.489999999999999769, 0.3950711594167480856, 0.2407969423518674101 ) ) ;
#1226 = AXIS2_PLACEMENT_3D ( 'NONE', #1723, #2234, #2969 ) ;
#1227 = VECTOR ( 'NONE', #2581, 1000.000000000000114 ) ;
#1228 = ORIENTED_EDGE ( 'NONE', *, *, #1045, .F. ) ;
#1229 = DIRECTION ( 'NONE',  ( 0.000000000000000000, 0.000000000000000000, -1.000000000000000000 ) ) ;
#1230 = CARTESIAN_POINT ( 'NONE',  ( 2.499999999999999556, -0.4227917705111424729, 0.6748320925327949693 ) ) ;
#1231 = CARTESIAN_POINT ( 'NONE',  ( 2.500000000000000000, 0.5367583964629686344, 0.5800971966841231842 ) ) ;
#1232 = EDGE_CURVE ( 'NONE', #1627, #862, #548, .T. ) ;
#1233 = ORIENTED_EDGE ( 'NONE', *, *, #1056, .T. ) ;
#1234 = ORIENTED_EDGE ( 'NONE', *, *, #1251, .T. ) ;
#1235 = PLANE ( 'NONE',  #1247 ) ;
#1236 = CARTESIAN_POINT ( 'NONE',  ( 0.000000000000000000, 0.000000000000000000, 6.099999999999999645 ) ) ;
#1237 = CARTESIAN_POINT ( 'NONE',  ( 2.500000000000000000, 0.4751649999022122817, 0.3944689312132931280 ) ) ;
#1238 = FACE_OUTER_BOUND ( 'NONE', #2328, .T. ) ;
#1239 = CARTESIAN_POINT ( 'NONE',  ( 2.489999999999999769, -0.3638328332527673292, 0.7249565195013689678 ) ) ;
#1240 = CARTESIAN_POINT ( 'NONE',  ( 2.490000000000000213, 0.5914634146341464227, 0.2236923506358425850 ) ) ;
#1241 = VECTOR ( 'NONE', #850, 1000.000000000000000 ) ;
#1242 = CARTESIAN_POINT ( 'NONE',  ( 2.500000000000000444, -0.6744179052638624716, 0.3870654617829962785 ) ) ;
#1243 = CARTESIAN_POINT ( 'NONE',  ( 2.500000000000000000, -0.3109756097560976151, 0.2496069847821840715 ) ) ;
#1244 =( NAMED_UNIT ( * ) SI_UNIT ( $, .STERADIAN. ) SOLID_ANGLE_UNIT ( ) );
#1245 = AXIS2_PLACEMENT_3D ( 'NONE', #2739, #2208, #947 ) ;
#1246 = ADVANCED_FACE ( 'NONE', ( #2047 ), #2029, .T. ) ;
#1247 = AXIS2_PLACEMENT_3D ( 'NONE', #841, #343, #2080 ) ;
#1248 = CARTESIAN_POINT ( 'NONE',  ( 2.499999999999999556, 0.4409666209031045114, 0.6868645551518046677 ) ) ;
#1249 =( NAMED_UNIT ( * ) PLANE_ANGLE_UNIT ( ) SI_UNIT ( $, .RADIAN. ) );
#1250 = ORIENTED_EDGE ( 'NONE', *, *, #1375, .F. ) ;
#1251 = EDGE_CURVE ( 'NONE', #2277, #1461, #2000, .T. ) ;
#1252 = AXIS2_PLACEMENT_3D ( 'NONE', #669, #3241, #2660 ) ;
#1253 = VERTEX_POINT ( 'NONE', #2767 ) ;
#1254 = DIRECTION ( 'NONE',  ( -1.000000000000000000, 0.000000000000000000, 0.000000000000000000 ) ) ;
#1255 = ORIENTED_EDGE ( 'NONE', *, *, #3343, .F. ) ;
#1256 = CARTESIAN_POINT ( 'NONE',  ( 2.500000000000001332, 0.4677927957049971552, 0.3766155172095924097 ) ) ;
#1257 = CARTESIAN_POINT ( 'NONE',  ( 2.499999999999999556, 0.3723462666522662778, 0.7147427893813803612 ) ) ;
#1258 = CARTESIAN_POINT ( 'NONE',  ( 2.489999999999999769, -0.5866929831863368916, 0.5887786499939665630 ) ) ;
#1259 = CARTESIAN_POINT ( 'NONE',  ( 2.490000000000000213, 0.4751649999022122817, 0.3944689312132931280 ) ) ;
#1260 = DIRECTION ( 'NONE',  ( 0.000000000000000000, -0.3390537954853692915, 0.9407669869669987861 ) ) ;
#1261 = CARTESIAN_POINT ( 'NONE',  ( 2.499999999999999556, -0.3668698776661521999, 0.6670549254444283482 ) ) ;
#1262 = DIRECTION ( 'NONE',  ( 0.000000000000000000, -1.000000000000000000, 0.000000000000000000 ) ) ;
#1263 = FACE_OUTER_BOUND ( 'NONE', #1338, .T. ) ;
#1264 = CARTESIAN_POINT ( 'NONE',  ( 2.490000000000000213, 0.8211699695121952303, 0.6276557652699890077 ) ) ;
#1265 = ADVANCED_FACE ( 'NONE', ( #1238 ), #2867, .T. ) ;
#1266 = ORIENTED_EDGE ( 'NONE', *, *, #1807, .T. ) ;
#1267 = EDGE_LOOP ( 'NONE', ( #1732, #755, #1444, #3129 ) ) ;
#1268 = ADVANCED_FACE ( 'NONE', ( #983 ), #729, .T. ) ;
#1269 = VERTEX_POINT ( 'NONE', #216 ) ;
#1270 = DIRECTION ( 'NONE',  ( 0.000000000000000000, -1.000000000000000000, 0.000000000000000000 ) ) ;
#1271 = CARTESIAN_POINT ( 'NONE',  ( 2.489999999999999769, 0.4409666209031045114, 0.6868645551518046677 ) ) ;
#1272 = CARTESIAN_POINT ( 'NONE',  ( 2.490000000000000213, -0.6156808776037937525, 0.4760801504915891935 ) ) ;
#1273 = CARTESIAN_POINT ( 'NONE',  ( 2.490000000000000657, 0.3907638005076691234, 0.2988218143742221167 ) ) ;
#1274 = VECTOR ( 'NONE', #1144, 1000.000000000000000 ) ;
#1275 = CARTESIAN_POINT ( 'NONE',  ( 2.499999999999999556, -0.6824647427725550886, 0.4374685549096452575 ) ) ;
#1276 = FACE_OUTER_BOUND ( 'NONE', #3073, .T. ) ;
#1277 = STYLED_ITEM ( 'NONE', ( #2528 ), #1418 ) ;
#1278 = COLOUR_RGB ( '',0.8509803921568627194, 0.8509803921568627194, 0.8509803921568627194 ) ;
#1279 = CARTESIAN_POINT ( 'NONE',  ( 2.500000000000000888, -0.5958816601233329902, 0.5717458507988479877 ) ) ;
#1280 = FACE_OUTER_BOUND ( 'NONE', #2362, .T. ) ;
#1281 = ORIENTED_EDGE ( 'NONE', *, *, #2586, .F. ) ;
#1282 = LINE ( 'NONE', #2829, #2921 ) ;
#1283 = ORIENTED_EDGE ( 'NONE', *, *, #2423, .F. ) ;
#1284 = CARTESIAN_POINT ( 'NONE',  ( 0.000000000000000000, 0.000000000000000000, 8.599999999999999645 ) ) ;
#1285 = CARTESIAN_POINT ( 'NONE',  ( 1.020000000000000018, -0.2499999999999998335, 0.000000000000000000 ) ) ;
#1286 = EDGE_CURVE ( 'NONE', #675, #1940, #2927, .T. ) ;
#1287 = VERTEX_POINT ( 'NONE', #1162 ) ;
#1288 = CARTESIAN_POINT ( 'NONE',  ( 2.489999999999999769, -0.5035491013290535056, 0.6611919060258002467 ) ) ;
#1289 = CARTESIAN_POINT ( 'NONE',  ( 2.490000000000000213, -0.1463414634146343873, 0.4493021067334035390 ) ) ;
#1290 = EDGE_CURVE ( 'NONE', #3200, #928, #2960, .T. ) ;
#1291 = DIRECTION ( 'NONE',  ( 0.000000000000000000, 0.3635424856527064152, -0.9315776194850602376 ) ) ;
#1292 = UNCERTAINTY_MEASURE_WITH_UNIT (LENGTH_MEASURE( 1.000000000000000082E-05 ), #2150, 'distance_accuracy_value', 'NONE');
#1293 = CARTESIAN_POINT ( 'NONE',  ( 2.490000000000000213, -0.3109756097560976151, 0.2496069847821840715 ) ) ;
#1294 = AXIS2_PLACEMENT_3D ( 'NONE', #898, #1427, #836 ) ;
#1295 = CARTESIAN_POINT ( 'NONE',  ( 2.500000000000000444, -0.6129639678246572299, 0.5130863107404902701 ) ) ;
#1296 = CARTESIAN_POINT ( 'NONE',  ( 2.500000000000000000, -0.4393102134146342208, 0.2724728384407206216 ) ) ;
#1297 = UNCERTAINTY_MEASURE_WITH_UNIT (LENGTH_MEASURE( 1.000000000000000082E-05 ), #419, 'distance_accuracy_value', 'NONE');
#1298 = COLOUR_RGB ( '',1.000000000000000000, 1.000000000000000000, 1.000000000000000000 ) ;
#1299 = ORIENTED_EDGE ( 'NONE', *, *, #2605, .T. ) ;
#1300 = DIRECTION ( 'NONE',  ( 0.000000000000000000, -1.000000000000000000, 0.000000000000000000 ) ) ;
#1301 = AXIS2_PLACEMENT_3D ( 'NONE', #2035, #2820, #1291 ) ;
#1302 = ORIENTED_EDGE ( 'NONE', *, *, #1509, .T. ) ;
#1303 = LINE ( 'NONE', #1515, #2149 ) ;
#1304 = DIRECTION ( 'NONE',  ( 1.000000000000000000, -0.000000000000000000, -0.000000000000000000 ) ) ;
#1305 = EDGE_LOOP ( 'NONE', ( #1981, #1530, #504, #3318 ) ) ;
#1306 = CARTESIAN_POINT ( 'NONE',  ( 2.500000000000000000, -0.6158536585365854688, 0.4683569847821840160 ) ) ;
#1307 = CARTESIAN_POINT ( 'NONE',  ( 2.490000000000000213, -0.6827705550099955056, 0.4551994531819626988 ) ) ;
#1308 = ADVANCED_FACE ( 'NONE', ( #3196 ), #1907, .T. ) ;
#1309 = DIRECTION ( 'NONE',  ( 1.000000000000000000, -0.000000000000000000, -0.000000000000000000 ) ) ;
#1310 = CARTESIAN_POINT ( 'NONE',  ( 2.500000000000000444, -0.5673512430813330010, 0.3252856558916842333 ) ) ;
#1311 = LINE ( 'NONE', #2806, #1169 ) ;
#1312 = ADVANCED_FACE ( 'NONE', ( #861 ), #2040, .T. ) ;
#1313 = CARTESIAN_POINT ( 'NONE',  ( 2.500000000000000000, 1.566045976336583045, 0.000000000000000000 ) ) ;
#1314 = CARTESIAN_POINT ( 'NONE',  ( 2.490000000000000213, 0.8141460919036359600, 0.6588730538942482173 ) ) ;
#1315 = VERTEX_POINT ( 'NONE', #1111 ) ;
#1316 = ORIENTED_EDGE ( 'NONE', *, *, #144, .F. ) ;
#1317 = DIRECTION ( 'NONE',  ( 1.000000000000000000, 0.000000000000000000, -0.000000000000000000 ) ) ;
#1318 =( LENGTH_UNIT ( ) NAMED_UNIT ( * ) SI_UNIT ( .MILLI., .METRE. ) );
#1319 = EDGE_LOOP ( 'NONE', ( #1407, #1703, #1963, #1739 ) ) ;
#1320 = CARTESIAN_POINT ( 'NONE',  ( 2.489999999999999325, -0.6674435907588636141, 0.3638968988836987495 ) ) ;
#1321 = CARTESIAN_POINT ( 'NONE',  ( 2.490000000000000657, 0.2980254028987007198, 0.2787332509667738156 ) ) ;
#1322 = DIRECTION ( 'NONE',  ( -0.000000000000000000, -0.000000000000000000, 1.000000000000000000 ) ) ;
#1323 = DIRECTION ( 'NONE',  ( 0.000000000000000000, -1.000000000000000000, 0.000000000000000000 ) ) ;
#1324 = CARTESIAN_POINT ( 'NONE',  ( 2.499999999999999556, -0.5263804747237509352, 0.2928750871176954429 ) ) ;
#1325 = DIRECTION ( 'NONE',  ( 1.000000000000000000, -0.000000000000000000, -0.000000000000000000 ) ) ;
#1326 = CARTESIAN_POINT ( 'NONE',  ( 2.490000000000000657, -0.4091822946474106271, 0.2194155179397346833 ) ) ;
#1327 = VERTEX_POINT ( 'NONE', #393 ) ;
#1328 = CARTESIAN_POINT ( 'NONE',  ( 0.000000000000000000, 0.000000000000000000, 1.000000000000000000 ) ) ;
#1329 = EDGE_CURVE ( 'NONE', #32, #2980, #2410, .T. ) ;
#1330 = CARTESIAN_POINT ( 'NONE',  ( 2.489999999999999325, -0.5503297470537523717, 0.6323231979320382834 ) ) ;
#1331 = CARTESIAN_POINT ( 'NONE',  ( 2.500000000000000444, -0.4332725031317559705, 0.2725521087144309185 ) ) ;
#1332 = UNCERTAINTY_MEASURE_WITH_UNIT (LENGTH_MEASURE( 1.000000000000000082E-05 ), #2241, 'distance_accuracy_value', 'NONE');
#1333 = VECTOR ( 'NONE', #3192, 1000.000000000000000 ) ;
#1334 = AXIS2_PLACEMENT_3D ( 'NONE', #2900, #1655, #84 ) ;
#1335 = EDGE_LOOP ( 'NONE', ( #846, #2245, #2178, #2477 ) ) ;
#1336 = CARTESIAN_POINT ( 'NONE',  ( 2.500000000000000444, 0.3027263011538968707, 0.7234875532916761331 ) ) ;
#1337 = CARTESIAN_POINT ( 'NONE',  ( 2.490000000000000213, 0.2195121951219514422, 0.6688143018553547314 ) ) ;
#1338 = EDGE_LOOP ( 'NONE', ( #2117, #564, #2209, #1110 ) ) ;
#1339 = DIRECTION ( 'NONE',  ( -1.000000000000000000, 0.000000000000000000, -0.000000000000000000 ) ) ;
#1340 = FILL_AREA_STYLE ('',( #328 ) ) ;
#1341 = AXIS2_PLACEMENT_3D ( 'NONE', #1236, #2548, #1779 ) ;
#1342 = EDGE_LOOP ( 'NONE', ( #2213, #2648, #24, #1204 ) ) ;
#1343 = CARTESIAN_POINT ( 'NONE',  ( 0.000000000000000000, 0.000000000000000000, -3.500000000000000000 ) ) ;
#1344 = CARTESIAN_POINT ( 'NONE',  ( -1.020000000000000018, -0.2499999999999998335, -3.500000000000000000 ) ) ;
#1345 = LINE ( 'NONE', #1862, #3295 ) ;
#1346 = CARTESIAN_POINT ( 'NONE',  ( 2.500000000000000000, 0.1524390243902441211, 0.2236923506358425850 ) ) ;
#1347 = CARTESIAN_POINT ( 'NONE',  ( 2.500000000000000000, 0.4806392962021380777, 0.2933588871937260478 ) ) ;
#1348 = ORIENTED_EDGE ( 'NONE', *, *, #1692, .F. ) ;
#1349 = DIRECTION ( 'NONE',  ( 0.000000000000000000, 0.000000000000000000, -1.000000000000000000 ) ) ;
#1350 = CARTESIAN_POINT ( 'NONE',  ( 2.500000000000000000, 0.8082893805652041630, 0.6430058272639380679 ) ) ;
#1351 = DIRECTION ( 'NONE',  ( 0.000000000000000000, 0.000000000000000000, -1.000000000000000000 ) ) ;
#1352 = EDGE_CURVE ( 'NONE', #196, #521, #3180, .T. ) ;
#1353 = ORIENTED_EDGE ( 'NONE', *, *, #2542, .F. ) ;
#1354 = DIRECTION ( 'NONE',  ( 0.000000000000000000, 0.000000000000000000, 1.000000000000000000 ) ) ;
#1355 = ORIENTED_EDGE ( 'NONE', *, *, #1086, .F. ) ;
#1356 = DIRECTION ( 'NONE',  ( 0.000000000000000000, 0.000000000000000000, 1.000000000000000000 ) ) ;
#1357 = VECTOR ( 'NONE', #3015, 1000.000000000000000 ) ;
#1358 = EDGE_CURVE ( 'NONE', #531, #145, #2427, .T. ) ;
#1359 = ORIENTED_EDGE ( 'NONE', *, *, #633, .T. ) ;
#1360 = CARTESIAN_POINT ( 'NONE',  ( 2.499999999999999112, -0.5848848831705555362, 0.2552326032304723102 ) ) ;
#1361 = CARTESIAN_POINT ( 'NONE',  ( 2.500000000000000000, 3.061616997868382648E-16, 6.099999999999999645 ) ) ;
#1362 = VECTOR ( 'NONE', #392, 1000.000000000000000 ) ;
#1363 = CARTESIAN_POINT ( 'NONE',  ( 2.490000000000000213, 0.4878048780487806990, 0.4785513445382816311 ) ) ;
#1364 = CARTESIAN_POINT ( 'NONE',  ( 2.490000000000000213, -0.4583434248397348920, 0.2729632427675136030 ) ) ;
#1365 = CARTESIAN_POINT ( 'NONE',  ( 2.499999999999999556, 0.4071226886076433904, 0.3078560854661634982 ) ) ;
#1366 = SURFACE_STYLE_USAGE ( .BOTH. , #1867 ) ;
#1367 =( GEOMETRIC_REPRESENTATION_CONTEXT ( 3 ) GLOBAL_UNCERTAINTY_ASSIGNED_CONTEXT ( ( #1369 ) ) GLOBAL_UNIT_ASSIGNED_CONTEXT ( ( #1476, #1527, #3055 ) ) REPRESENTATION_CONTEXT ( 'NONE', 'WORKASPACE' ) );
#1368 = DIRECTION ( 'NONE',  ( 1.000000000000000000, 0.000000000000000000, 0.000000000000000000 ) ) ;
#1369 = UNCERTAINTY_MEASURE_WITH_UNIT (LENGTH_MEASURE( 1.000000000000000082E-05 ), #1476, 'distance_accuracy_value', 'NONE');
#1370 = ORIENTED_EDGE ( 'NONE', *, *, #709, .F. ) ;
#1371 = CARTESIAN_POINT ( 'NONE',  ( 2.500000000000000444, 0.3538631568874748279, 0.6624959987481771062 ) ) ;
#1372 = ORIENTED_EDGE ( 'NONE', *, *, #1807, .F. ) ;
#1373 = CARTESIAN_POINT ( 'NONE',  ( 2.500000000000000000, 0.9695121951219513035, 0.2236923506358425850 ) ) ;
#1374 = VERTEX_POINT ( 'NONE', #1745 ) ;
#1375 = EDGE_CURVE ( 'NONE', #776, #3333, #939, .T. ) ;
#1376 = FILL_AREA_STYLE_COLOUR ( '', #266 ) ;
#1377 = DIRECTION ( 'NONE',  ( 0.000000000000000000, -0.000000000000000000, 1.000000000000000000 ) ) ;
#1378 = DIRECTION ( 'NONE',  ( 1.000000000000000000, -0.000000000000000000, -0.000000000000000000 ) ) ;
#1379 = CARTESIAN_POINT ( 'NONE',  ( 2.490000000000000213, 0.8211699695121952303, 0.6276557652699890077 ) ) ;
#1380 = CARTESIAN_POINT ( 'NONE',  ( 2.499999999999999556, -0.4942639298523535119, 0.2795600270628612050 ) ) ;
#1381 = CARTESIAN_POINT ( 'NONE',  ( 2.499999999999999556, 0.4872971351483575408, 0.4559156007068454475 ) ) ;
#1382 = CARTESIAN_POINT ( 'NONE',  ( 2.500000000000000000, -0.9817073170731707155, 0.2236923506358425850 ) ) ;
#1383 = CARTESIAN_POINT ( 'NONE',  ( 2.500000000000000000, 0.8211699695121953413, 0.6276557652699890077 ) ) ;
#1384 = LINE ( 'NONE', #2730, #1362 ) ;
#1385 = CARTESIAN_POINT ( 'NONE',  ( 2.500000000000000000, 0.4470201242879411341, 0.6086777766394559919 ) ) ;
#1386 = VECTOR ( 'NONE', #375, 1000.000000000000000 ) ;
#1387 = AXIS2_PLACEMENT_3D ( 'NONE', #2320, #2822, #2843 ) ;
#1388 = SURFACE_STYLE_FILL_AREA ( #3108 ) ;
#1389 = ORIENTED_EDGE ( 'NONE', *, *, #2526, .F. ) ;
#1390 = CARTESIAN_POINT ( 'NONE',  ( 2.490000000000000657, 0.2883955792682930119, 0.2236923506358425850 ) ) ;
#1391 = VECTOR ( 'NONE', #130, 1000.000000000000000 ) ;
#1392 = ORIENTED_EDGE ( 'NONE', *, *, #3294, .F. ) ;
#1393 = FACE_OUTER_BOUND ( 'NONE', #516, .T. ) ;
#1394 = CARTESIAN_POINT ( 'NONE',  ( 2.490000000000000657, -0.3523311418886923563, 0.6626084250295868339 ) ) ;
#1395 = CARTESIAN_POINT ( 'NONE',  ( 2.490000000000000213, 0.2932545731707319470, 0.6688143018553547314 ) ) ;
#1396 = EDGE_CURVE ( 'NONE', #2459, #395, #2212, .T. ) ;
#1397 = CARTESIAN_POINT ( 'NONE',  ( 2.490000000000000213, 0.7123666158536586801, 0.3639362530748669888 ) ) ;
#1398 = CARTESIAN_POINT ( 'NONE',  ( 2.500000000000000000, 0.4849278771525908915, 0.4341351445701193690 ) ) ;
#1399 = EDGE_CURVE ( 'NONE', #2964, #1215, #3007, .T. ) ;
#1400 = DIRECTION ( 'NONE',  ( -1.000000000000000000, 0.000000000000000000, 0.000000000000000000 ) ) ;
#1401 = DIRECTION ( 'NONE',  ( 0.000000000000000000, 0.000000000000000000, 1.000000000000000000 ) ) ;
#1402 = LINE ( 'NONE', #104, #1274 ) ;
#1403 = UNCERTAINTY_MEASURE_WITH_UNIT (LENGTH_MEASURE( 1.000000000000000082E-05 ), #2192, 'distance_accuracy_value', 'NONE');
#1404 = ORIENTED_EDGE ( 'NONE', *, *, #1865, .T. ) ;
#1405 = CARTESIAN_POINT ( 'NONE',  ( 2.489999999999999769, 0.3345974693327190552, 0.6661547990061061908 ) ) ;
#1406 = LINE ( 'NONE', #458, #374 ) ;
#1407 = ORIENTED_EDGE ( 'NONE', *, *, #2529, .F. ) ;
#1408 = CARTESIAN_POINT ( 'NONE',  ( 2.500000000000000444, 0.2883955792682930119, 0.2236923506358425850 ) ) ;
#1409 = VECTOR ( 'NONE', #1582, 1000.000000000000000 ) ;
#1410 = ORIENTED_EDGE ( 'NONE', *, *, #2832, .F. ) ;
#1411 = VECTOR ( 'NONE', #1189, 1000.000000000000000 ) ;
#1412 = CARTESIAN_POINT ( 'NONE',  ( 2.490000000000000213, 0.5132828259655859426, 0.6219638090712250600 ) ) ;
#1413 = CARTESIAN_POINT ( 'NONE',  ( 2.490000000000000213, 0.2932545731707319470, 0.6688143018553547314 ) ) ;
#1414 = CARTESIAN_POINT ( 'NONE',  ( 2.500000000000000888, 0.3341406151420345805, 0.2815738841938798531 ) ) ;
#1415 = VECTOR ( 'NONE', #3306, 1000.000000000000000 ) ;
#1416 = CARTESIAN_POINT ( 'NONE',  ( 2.500000000000000000, 0.2932545731707319470, 0.6688143018553547314 ) ) ;
#1417 = CARTESIAN_POINT ( 'NONE',  ( 2.499999999999999556, -0.5263804747237509352, 0.2928750871176954429 ) ) ;
#1418 = ADVANCED_FACE ( 'NONE', ( #1477 ), #2260, .F. ) ;
#1419 = CARTESIAN_POINT ( 'NONE',  ( 2.490000000000001101, 0.5132705962058894400, 0.3313429283766023969 ) ) ;
#1420 = CARTESIAN_POINT ( 'NONE',  ( 2.499999999999999556, 0.5448870500228863989, 0.3994104469823615555 ) ) ;
#1421 = CARTESIAN_POINT ( 'NONE',  ( 2.490000000000000213, -0.6158536585365854688, 0.4683569847821840160 ) ) ;
#1422 = LINE ( 'NONE', #601, #1333 ) ;
#1423 = ADVANCED_FACE ( 'NONE', ( #990 ), #3262, .F. ) ;
#1424 = CARTESIAN_POINT ( 'NONE',  ( 2.489999999999999325, 0.4747429808993601230, 0.5614328230844967127 ) ) ;
#1425 = CARTESIAN_POINT ( 'NONE',  ( 2.489999999999999769, -0.3668698776661521999, 0.6670549254444283482 ) ) ;
#1426 = VERTEX_POINT ( 'NONE', #738 ) ;
#1427 = DIRECTION ( 'NONE',  ( 0.000000000000000000, 0.000000000000000000, 1.000000000000000000 ) ) ;
#1428 = ORIENTED_EDGE ( 'NONE', *, *, #144, .T. ) ;
#1429 = CARTESIAN_POINT ( 'NONE',  ( 2.490000000000000213, -0.9817073170731707155, 0.7236923506358425850 ) ) ;
#1430 = CARTESIAN_POINT ( 'NONE',  ( 2.490000000000000657, -0.6733423324251687214, 0.5472641653250109872 ) ) ;
#1431 = CARTESIAN_POINT ( 'NONE',  ( 2.490000000000001101, -0.6428773401343208516, 0.6177212604891709757 ) ) ;
#1432 = B_SPLINE_CURVE_WITH_KNOTS ( 'NONE', 3,
 ( #2705, #383, #1944, #2483, #2981, #164, #2246, #396, #2948, #624, #2688, #1412, #2433, #1445, #2468, #1795, #2309, #2532, #708 ),
 .UNSPECIFIED., .F., .F.,
 ( 4, 1, 1, 1, 1, 1, 1, 1, 1, 1, 1, 1, 1, 1, 1, 1, 4 ),
 ( 0.000000000000000000, 0.06862508274056242086, 0.1345545136201737046, 0.1983105381726449068, 0.2607666028577417805, 0.3219705509811536248, 0.3825768364739202121, 0.4433871622520281774, 0.5049776466454753976, 0.5660526666579482891, 0.6259393368041463734, 0.6853772699598057461, 0.7450185202409496110, 0.8054331251048295615, 0.8676480231140831778, 0.9323137948382839157, 1.000000000000000000 ),
 .UNSPECIFIED. ) ;
#1433 =( NAMED_UNIT ( * ) PLANE_ANGLE_UNIT ( ) SI_UNIT ( $, .RADIAN. ) );
#1434 = CARTESIAN_POINT ( 'NONE',  ( 2.500000000000000000, 0.2979659377577969503, 0.2238655033239203562 ) ) ;
#1435 = SURFACE_SIDE_STYLE ('',( #1693 ) ) ;
#1436 = B_SPLINE_CURVE_WITH_KNOTS ( 'NONE', 3,
 ( #1596, #21, #1831, #1636, #2101, #2620, #2122, #2860, #815, #2935, #1653, #355, #2656, #3206, #1069, #3187, #1364, #871, #1850 ),
 .UNSPECIFIED., .F., .F.,
 ( 4, 1, 1, 1, 1, 1, 1, 1, 1, 1, 1, 1, 1, 1, 1, 1, 4 ),
 ( 0.000000000000000000, 0.07378258718587328568, 0.1440956521627406728, 0.2113727769445208071, 0.2761085739136399653, 0.3385597713347693327, 0.3996464779878224904, 0.4600223579231184634, 0.5203641801036607006, 0.5799897433270180258, 0.6384216733782915876, 0.6963296981378346295, 0.7539735389223941597, 0.8127841951639483975, 0.8727398202468066302, 0.9351745571517245947, 1.000000000000000000 ),
 .UNSPECIFIED. ) ;
#1437 = FACE_OUTER_BOUND ( 'NONE', #2279, .T. ) ;
#1438 = DIRECTION ( 'NONE',  ( 0.000000000000000000, -1.000000000000000000, -0.000000000000000000 ) ) ;
#1439 = EDGE_CURVE ( 'NONE', #480, #1627, #672, .T. ) ;
#1440 = DIRECTION ( 'NONE',  ( 0.000000000000000000, -0.3393303772748773595, 0.9406672605435405510 ) ) ;
#1441 = CARTESIAN_POINT ( 'NONE',  ( 2.490000000000000213, 0.04268292682926805998, 0.6688143018553547314 ) ) ;
#1442 = VERTEX_POINT ( 'NONE', #446 ) ;
#1443 =( NAMED_UNIT ( * ) PLANE_ANGLE_UNIT ( ) SI_UNIT ( $, .RADIAN. ) );
#1444 = ORIENTED_EDGE ( 'NONE', *, *, #3063, .T. ) ;
#1445 = CARTESIAN_POINT ( 'NONE',  ( 2.490000000000000213, 0.5367583964629686344, 0.5800971966841231842 ) ) ;
#1446 = EDGE_LOOP ( 'NONE', ( #958, #1701, #2759, #226 ) ) ;
#1447 = CARTESIAN_POINT ( 'NONE',  ( 2.500000000000000000, -0.3704262831464868455, 0.2802798635029681296 ) ) ;
#1448 = AXIS2_PLACEMENT_3D ( 'NONE', #639, #2164, #71 ) ;
#1449 = VECTOR ( 'NONE', #491, 1000.000000000000000 ) ;
#1450 = CARTESIAN_POINT ( 'NONE',  ( 2.490000000000000213, 0.05487804878048758300, 0.2785703994163303832 ) ) ;
#1451 = PRESENTATION_LAYER_ASSIGNMENT (  '', '', ( #3175 ) ) ;
#1452 = CARTESIAN_POINT ( 'NONE',  ( 2.489999999999999769, -0.5731255805401034298, 0.6891921766128368265 ) ) ;
#1453 = LINE ( 'NONE', #3270, #1738 ) ;
#1454 = LINE ( 'NONE', #966, #571 ) ;
#1455 = EDGE_LOOP ( 'NONE', ( #1646, #1359, #2230, #2163, #2907, #936, #3094, #276 ) ) ;
#1456 = CARTESIAN_POINT ( 'NONE',  ( -1.019999999999999796, 0.2500000000000001665, -3.500000000000000000 ) ) ;
#1457 = CARTESIAN_POINT ( 'NONE',  ( 2.500000000000000000, 0.7804878048780488076, 0.7236923506358425850 ) ) ;
#1458 = CARTESIAN_POINT ( 'NONE',  ( 2.490000000000000213, -0.3109756097560976151, 0.7099728384407205661 ) ) ;
#1459 = DIRECTION ( 'NONE',  ( 0.000000000000000000, -0.000000000000000000, 1.000000000000000000 ) ) ;
#1460 = EDGE_CURVE ( 'NONE', #1287, #2945, #974, .T. ) ;
#1461 = VERTEX_POINT ( 'NONE', #498 ) ;
#1462 = FILL_AREA_STYLE ('',( #3217 ) ) ;
#1463 = EDGE_LOOP ( 'NONE', ( #1161, #2854, #464, #1011, #429, #1943 ) ) ;
#1464 = FILL_AREA_STYLE ('',( #693 ) ) ;
#1465 = EDGE_CURVE ( 'NONE', #521, #2397, #783, .T. ) ;
#1466 = CARTESIAN_POINT ( 'NONE',  ( 2.500000000000000000, -0.6553092219566252208, 0.5957056341629031193 ) ) ;
#1467 = AXIS2_PLACEMENT_3D ( 'NONE', #1328, #3209, #1400 ) ;
#1468 = DIRECTION ( 'NONE',  ( 1.000000000000000000, -0.000000000000000000, -0.000000000000000000 ) ) ;
#1469 = CARTESIAN_POINT ( 'NONE',  ( 2.499999999999999556, 0.4579672835350870885, 0.5944135526975160566 ) ) ;
#1470 = CARTESIAN_POINT ( 'NONE',  ( 2.500000000000000000, -0.7256097560975609539, 0.2785703994163304387 ) ) ;
#1471 = DIRECTION ( 'NONE',  ( -0.000000000000000000, -0.000000000000000000, 1.000000000000000000 ) ) ;
#1472 = ORIENTED_EDGE ( 'NONE', *, *, #1505, .T. ) ;
#1473 = CARTESIAN_POINT ( 'NONE',  ( 2.500000000000000000, 0.2979659377577969503, 0.2238655033239203562 ) ) ;
#1474 = CARTESIAN_POINT ( 'NONE',  ( 2.500000000000000000, 0.2932545731707319470, 0.6688143018553547314 ) ) ;
#1475 =( GEOMETRIC_REPRESENTATION_CONTEXT ( 3 ) GLOBAL_UNCERTAINTY_ASSIGNED_CONTEXT ( ( #3122 ) ) GLOBAL_UNIT_ASSIGNED_CONTEXT ( ( #1124, #2394, #2624 ) ) REPRESENTATION_CONTEXT ( 'NONE', 'WORKASPACE' ) );
#1476 =( LENGTH_UNIT ( ) NAMED_UNIT ( * ) SI_UNIT ( .MILLI., .METRE. ) );
#1477 = FACE_OUTER_BOUND ( 'NONE', #3139, .T. ) ;
#1478 = EDGE_LOOP ( 'NONE', ( #13, #2885, #2996, #279 ) ) ;
#1479 = VECTOR ( 'NONE', #1836, 1000.000000000000000 ) ;
#1480 = ORIENTED_EDGE ( 'NONE', *, *, #3132, .F. ) ;
#1481 = CARTESIAN_POINT ( 'NONE',  ( 2.490000000000000213, 1.042682926829268331, 0.2236923506358425850 ) ) ;
#1482 = CARTESIAN_POINT ( 'NONE',  ( 2.500000000000000444, -0.6827092058280083142, 0.4739880069975787036 ) ) ;
#1483 = B_SPLINE_SURFACE_WITH_KNOTS ( 'NONE', 3, 1, ( 
 ( #1293, #237 ),
 ( #23, #1788 ),
 ( #7, #2862 ),
 ( #2305, #1570 ),
 ( #3346, #817 ),
 ( #1042, #3326 ),
 ( #1556, #2589 ),
 ( #1326, #2073 ),
 ( #272, #781 ),
 ( #1071, #3087 ),
 ( #1055, #767 ) ),
 .UNSPECIFIED., .F., .F., .F.,
 ( 4, 1, 1, 1, 1, 1, 1, 1, 4 ),
 ( 2, 2 ),
 ( 0.000000000000000000, 0.1124483899088009886, 0.2265276752126780258, 0.3444019493260277454, 0.4658649724874585063, 0.5916594493521166731, 0.7221684870248877841, 0.8586063875549264646, 1.000000000000000000 ),
 ( 0.000000000000000000, 1.000000000000000000 ),
 .UNSPECIFIED. ) ;
#1484 = SURFACE_STYLE_USAGE ( .BOTH. , #2206 ) ;
#1485 = EDGE_CURVE ( 'NONE', #1064, #2504, #329, .T. ) ;
#1486 = CARTESIAN_POINT ( 'NONE',  ( 2.500000000000000444, 0.4807133158544278362, 0.5428080294697070762 ) ) ;
#1487 = LINE ( 'NONE', #919, #1684 ) ;
#1488 = EDGE_CURVE ( 'NONE', #2448, #312, #2847, .T. ) ;
#1489 = ORIENTED_EDGE ( 'NONE', *, *, #1352, .F. ) ;
#1490 = CARTESIAN_POINT ( 'NONE',  ( 2.500000000000000000, 0.04268292682926805998, 0.7236923506358425850 ) ) ;
#1491 = CARTESIAN_POINT ( 'NONE',  ( 2.499999999999999556, -0.5971376686073915918, 0.3703139613039711509 ) ) ;
#1492 = CARTESIAN_POINT ( 'NONE',  ( 2.500000000000000000, 0.2904916158536587911, 0.2785703994163303832 ) ) ;
#1493 = FACE_OUTER_BOUND ( 'NONE', #2261, .T. ) ;
#1494 = CARTESIAN_POINT ( 'NONE',  ( 1.520000000000000240, 0.2500000000000001665, 0.000000000000000000 ) ) ;
#1495 = ORIENTED_EDGE ( 'NONE', *, *, #1079, .T. ) ;
#1496 = ORIENTED_EDGE ( 'NONE', *, *, #3067, .F. ) ;
#1497 = DIRECTION ( 'NONE',  ( 0.000000000000000000, 1.000000000000000000, -0.000000000000000000 ) ) ;
#1498 = CARTESIAN_POINT ( 'NONE',  ( 2.500000000000000444, -0.3868066585732953810, 0.2767265061419943439 ) ) ;
#1499 = CARTESIAN_POINT ( 'NONE',  ( 2.500000000000000000, -0.4286394817073171382, 0.7297899116114523466 ) ) ;
#1500 = CARTESIAN_POINT ( 'NONE',  ( 2.490000000000000213, 0.5546784324498392760, 0.4890439229422031131 ) ) ;
#1501 = CARTESIAN_POINT ( 'NONE',  ( 2.489999999999999769, -0.4675357483784615686, 0.6716646689791242464 ) ) ;
#1502 = COLOUR_RGB ( '',1.000000000000000000, 1.000000000000000000, 1.000000000000000000 ) ;
#1503 = VECTOR ( 'NONE', #1122, 1000.000000000000000 ) ;
#1504 = CARTESIAN_POINT ( 'NONE',  ( 2.489999999999999325, 0.3441520247636225549, 0.2276940765921870724 ) ) ;
#1505 = EDGE_CURVE ( 'NONE', #184, #1442, #545, .T. ) ;
#1506 = CARTESIAN_POINT ( 'NONE',  ( 2.500000000000000888, -0.5224351532214749350, 0.2267054534826528633 ) ) ;
#1507 = CARTESIAN_POINT ( 'NONE',  ( 1.020000000000000018, -0.2499999999999998335, -3.500000000000000000 ) ) ;
#1508 = DIRECTION ( 'NONE',  ( 0.000000000000000000, 0.000000000000000000, -1.000000000000000000 ) ) ;
#1509 = EDGE_CURVE ( 'NONE', #1253, #2354, #3121, .T. ) ;
#1510 = DIRECTION ( 'NONE',  ( 0.000000000000000000, 0.000000000000000000, 1.000000000000000000 ) ) ;
#1511 = CARTESIAN_POINT ( 'NONE',  ( 2.490000000000000213, -0.1463414634146343873, 0.4493021067334035390 ) ) ;
#1512 = EDGE_LOOP ( 'NONE', ( #3297, #839, #1799, #2828 ) ) ;
#1513 = ORIENTED_EDGE ( 'NONE', *, *, #2526, .T. ) ;
#1514 = FACE_OUTER_BOUND ( 'NONE', #1446, .T. ) ;
#1515 = CARTESIAN_POINT ( 'NONE',  ( 2.500000000000000000, 0.05487804878048758300, 0.2785703994163303832 ) ) ;
#1516 = LINE ( 'NONE', #250, #3337 ) ;
#1517 = DIRECTION ( 'NONE',  ( -1.191568419609975857E-12, 0.000000000000000000, -1.000000000000000000 ) ) ;
#1518 = DIRECTION ( 'NONE',  ( 0.000000000000000000, 0.000000000000000000, -1.000000000000000000 ) ) ;
#1519 = CARTESIAN_POINT ( 'NONE',  ( 2.489999999999999769, 0.3127223737585936303, 0.2790509430487303488 ) ) ;
#1520 = B_SPLINE_CURVE_WITH_KNOTS ( 'NONE', 3,
 ( #1243, #1958, #1176, #1936, #2990, #651, #1195, #1695, #1712, #2727, #3345 ),
 .UNSPECIFIED., .F., .F.,
 ( 4, 1, 1, 1, 1, 1, 1, 1, 4 ),
 ( 0.000000000000000000, 0.1124483899088009886, 0.2265276752126780258, 0.3444019493260277454, 0.4658649724874585063, 0.5916594493521166731, 0.7221684870248877841, 0.8586063875549264646, 1.000000000000000000 ),
 .UNSPECIFIED. ) ;
#1521 = LINE ( 'NONE', #2272, #2856 ) ;
#1522 = EDGE_CURVE ( 'NONE', #159, #163, #1024, .T. ) ;
#1523 = LINE ( 'NONE', #1662, #3301 ) ;
#1524 = PRESENTATION_LAYER_ASSIGNMENT (  '', '', ( #1789 ) ) ;
#1525 = MECHANICAL_DESIGN_GEOMETRIC_PRESENTATION_REPRESENTATION (  '', ( #212 ), #3138 ) ;
#1526 = ADVANCED_FACE ( 'NONE', ( #2577 ), #1726, .T. ) ;
#1527 =( NAMED_UNIT ( * ) PLANE_ANGLE_UNIT ( ) SI_UNIT ( $, .RADIAN. ) );
#1528 = CARTESIAN_POINT ( 'NONE',  ( 2.489999999999999769, 0.8191217334991176546, 0.6342044382899948429 ) ) ;
#1529 = ORIENTED_EDGE ( 'NONE', *, *, #1598, .F. ) ;
#1530 = ORIENTED_EDGE ( 'NONE', *, *, #391, .F. ) ;
#1531 = ORIENTED_EDGE ( 'NONE', *, *, #479, .F. ) ;
#1532 = DIRECTION ( 'NONE',  ( 0.000000000000000000, 0.000000000000000000, -1.000000000000000000 ) ) ;
#1533 = CARTESIAN_POINT ( 'NONE',  ( 2.500000000000000444, -0.6114276053054366056, 0.6571704533361367728 ) ) ;
#1534 = CARTESIAN_POINT ( 'NONE',  ( 2.500000000000000000, -0.6829268292682927344, 0.4642601860016962179 ) ) ;
#1535 = CARTESIAN_POINT ( 'NONE',  ( 2.490000000000000213, -0.4286394817073171382, 0.7297899116114523466 ) ) ;
#1536 = CARTESIAN_POINT ( 'NONE',  ( 2.490000000000000213, 0.4849278771525908915, 0.4341351445701193690 ) ) ;
#1537 = CARTESIAN_POINT ( 'NONE',  ( 2.490000000000000213, -0.3109756097560976151, 0.2496069847821840715 ) ) ;
#1538 =( LENGTH_UNIT ( ) NAMED_UNIT ( * ) SI_UNIT ( .MILLI., .METRE. ) );
#1539 = LINE ( 'NONE', #509, #2301 ) ;
#1540 = DIRECTION ( 'NONE',  ( 0.000000000000000000, -0.000000000000000000, 1.000000000000000000 ) ) ;
#1541 = CARTESIAN_POINT ( 'NONE',  ( 2.500000000000000000, -0.3546144861576523422, 0.2847278649279657015 ) ) ;
#1542 = EDGE_CURVE ( 'NONE', #1126, #2432, #770, .T. ) ;
#1543 = ORIENTED_EDGE ( 'NONE', *, *, #2113, .T. ) ;
#1544 = CARTESIAN_POINT ( 'NONE',  ( 0.000000000000000000, 0.000000000000000000, 8.599999999999999645 ) ) ;
#1545 = EDGE_LOOP ( 'NONE', ( #1283, #3107, #3330, #723 ) ) ;
#1546 = CARTESIAN_POINT ( 'NONE',  ( 1.520000000000000240, 0.2500000000000001665, 0.000000000000000000 ) ) ;
#1547 = DIRECTION ( 'NONE',  ( -4.336808689942017736E-16, -1.000000000000000000, -0.000000000000000000 ) ) ;
#1548 = ORIENTED_EDGE ( 'NONE', *, *, #1861, .T. ) ;
#1549 = FACE_OUTER_BOUND ( 'NONE', #2531, .T. ) ;
#1550 = DIRECTION ( 'NONE',  ( 0.000000000000000000, 0.000000000000000000, -1.000000000000000000 ) ) ;
#1551 = STYLED_ITEM ( 'NONE', ( #1583 ), #1830 ) ;
#1552 = AXIS2_PLACEMENT_3D ( 'NONE', #2892, #3166, #1377 ) ;
#1553 = CARTESIAN_POINT ( 'NONE',  ( 2.500000000000000888, -0.6474648266812450537, 0.3216418692040233229 ) ) ;
#1554 = CARTESIAN_POINT ( 'NONE',  ( 2.490000000000000213, -0.3251187419298118830, 0.2418005516495891627 ) ) ;
#1555 = CARTESIAN_POINT ( 'NONE',  ( 2.500000000000000444, -0.3242558045063159700, 0.6506164612294940142 ) ) ;
#1556 = CARTESIAN_POINT ( 'NONE',  ( 2.489999999999999769, -0.3906215900297366761, 0.2218256196331182539 ) ) ;
#1557 = COLOUR_RGB ( '',0.8509803921568627194, 0.8509803921568627194, 0.8509803921568627194 ) ;
#1558 = VECTOR ( 'NONE', #1304, 1000.000000000000000 ) ;
#1559 = SURFACE_SIDE_STYLE ('',( #3141 ) ) ;
#1560 = CARTESIAN_POINT ( 'NONE',  ( 2.490000000000000213, 0.8118330792682927344, 0.6627167408797449699 ) ) ;
#1561 = ORIENTED_EDGE ( 'NONE', *, *, #2876, .T. ) ;
#1562 = FACE_OUTER_BOUND ( 'NONE', #1856, .T. ) ;
#1563 = VERTEX_POINT ( 'NONE', #2557 ) ;
#1564 = CARTESIAN_POINT ( 'NONE',  ( 2.500000000000000000, -0.1463414634146343873, 0.5041801555138913926 ) ) ;
#1565 = CARTESIAN_POINT ( 'NONE',  ( 2.489999999999999769, 0.4872971351483575408, 0.4559156007068454475 ) ) ;
#1566 = ORIENTED_EDGE ( 'NONE', *, *, #1396, .F. ) ;
#1567 = EDGE_CURVE ( 'NONE', #3022, #1099, #820, .T. ) ;
#1568 = DIRECTION ( 'NONE',  ( 1.000000000000000000, -0.000000000000000000, -0.000000000000000000 ) ) ;
#1569 = CARTESIAN_POINT ( 'NONE',  ( 2.490000000000000213, 0.9189214939024391571, 0.3639362530748669888 ) ) ;
#1570 = CARTESIAN_POINT ( 'NONE',  ( 2.499999999999999556, -0.3402335741721097540, 0.2353635065934929771 ) ) ;
#1571 = STYLED_ITEM ( 'NONE', ( #381 ), #670 ) ;
#1572 = CARTESIAN_POINT ( 'NONE',  ( 2.490000000000000213, -0.6088888659452962315, 0.5338116185977279660 ) ) ;
#1573 = CARTESIAN_POINT ( 'NONE',  ( 2.490000000000000213, -0.4393102134146342208, 0.2724728384407206216 ) ) ;
#1574 = STYLED_ITEM ( 'NONE', ( #2719 ), #2258 ) ;
#1575 = CARTESIAN_POINT ( 'NONE',  ( -1.520000000000000018, -0.2499999999999998335, -3.500000000000000000 ) ) ;
#1576 = COLOUR_RGB ( '',0.8509803921568627194, 0.8509803921568627194, 0.8509803921568627194 ) ;
#1577 = ORIENTED_EDGE ( 'NONE', *, *, #1828, .T. ) ;
#1578 = CARTESIAN_POINT ( 'NONE',  ( 2.500000000000000000, -0.3230699268645669808, 0.7148821884000620130 ) ) ;
#1579 = VERTEX_POINT ( 'NONE', #2324 ) ;
#1580 = CARTESIAN_POINT ( 'NONE',  ( 2.490000000000000213, -0.6195339051626860272, 0.2849727916129360383 ) ) ;
#1581 = ADVANCED_FACE ( 'NONE', ( #1280 ), #408, .T. ) ;
#1582 = DIRECTION ( 'NONE',  ( -1.000000000000000000, 0.000000000000000000, 0.000000000000000000 ) ) ;
#1583 = PRESENTATION_STYLE_ASSIGNMENT (( #2336 ) ) ;
#1584 = DIRECTION ( 'NONE',  ( -1.000000000000000000, 0.000000000000000000, -0.000000000000000000 ) ) ;
#1585 = EDGE_CURVE ( 'NONE', #739, #1962, #637, .T. ) ;
#1586 = CARTESIAN_POINT ( 'NONE',  ( 2.489999999999999325, -0.6031475720538407304, 0.5533592602733590216 ) ) ;
#1587 = CARTESIAN_POINT ( 'NONE',  ( 2.490000000000000657, -0.3868066585732953810, 0.2767265061419943439 ) ) ;
#1588 = ORIENTED_EDGE ( 'NONE', *, *, #2747, .T. ) ;
#1589 = CARTESIAN_POINT ( 'NONE',  ( 2.490000000000000657, 0.5262452397905713619, 0.6017584022771551577 ) ) ;
#1590 = CARTESIAN_POINT ( 'NONE',  ( 2.500000000000000444, -0.3494659985123483303, 0.7222801398054289335 ) ) ;
#1591 = ORIENTED_EDGE ( 'NONE', *, *, #1692, .T. ) ;
#1592 = DIRECTION ( 'NONE',  ( 0.000000000000000000, 0.000000000000000000, -1.000000000000000000 ) ) ;
#1593 = VERTEX_POINT ( 'NONE', #2645 ) ;
#1594 = CARTESIAN_POINT ( 'NONE',  ( 2.489999999999999769, -0.4227917705111424729, 0.6748320925327949693 ) ) ;
#1595 = DIRECTION ( 'NONE',  ( 0.000000000000000000, 1.000000000000000000, 0.000000000000000000 ) ) ;
#1596 = CARTESIAN_POINT ( 'NONE',  ( 2.490000000000000213, -0.6158536585365854688, 0.4683569847821840160 ) ) ;
#1597 = CARTESIAN_POINT ( 'NONE',  ( 2.500000000000000000, -1.566045976336583045, 1.000000000000000000 ) ) ;
#1598 = EDGE_CURVE ( 'NONE', #692, #1699, #1422, .T. ) ;
#1599 = FACE_OUTER_BOUND ( 'NONE', #126, .T. ) ;
#1600 = DIRECTION ( 'NONE',  ( 1.000000000000000000, -0.000000000000000000, -0.000000000000000000 ) ) ;
#1601 = CARTESIAN_POINT ( 'NONE',  ( 2.499999999999999112, -0.5503297470537523717, 0.6323231979320382834 ) ) ;
#1602 = CARTESIAN_POINT ( 'NONE',  ( 2.490000000000000213, -0.2134146341463417085, 0.7236923506358425850 ) ) ;
#1603 = ADVANCED_FACE ( 'NONE', ( #2923 ), #121, .T. ) ;
#1604 = AXIS2_PLACEMENT_3D ( 'NONE', #256, #2407, #1092 ) ;
#1605 = VECTOR ( 'NONE', #1135, 1000.000000000000000 ) ;
#1606 = ORIENTED_EDGE ( 'NONE', *, *, #270, .F. ) ;
#1607 = CARTESIAN_POINT ( 'NONE',  ( 2.490000000000001101, 0.4614421432605068651, 0.6733546415807539764 ) ) ;
#1608 = CARTESIAN_POINT ( 'NONE',  ( 2.490000000000000213, 0.03048780487804853695, 0.5041801555138913926 ) ) ;
#1609 = ORIENTED_EDGE ( 'NONE', *, *, #709, .T. ) ;
#1610 = CARTESIAN_POINT ( 'NONE',  ( 2.490000000000000657, -0.3109756097560976706, 0.3044850335626719251 ) ) ;
#1611 = SURFACE_STYLE_USAGE ( .BOTH. , #75 ) ;
#1612 = ORIENTED_EDGE ( 'NONE', *, *, #53, .F. ) ;
#1613 = SURFACE_SIDE_STYLE ('',( #573 ) ) ;
#1614 = CARTESIAN_POINT ( 'NONE',  ( 2.490000000000000213, -0.3154158025699770329, 0.6454797542047527870 ) ) ;
#1615 = DIRECTION ( 'NONE',  ( -0.000000000000000000, -0.000000000000000000, -1.000000000000000000 ) ) ;
#1616 = LINE ( 'NONE', #2350, #3130 ) ;
#1617 = PRESENTATION_STYLE_ASSIGNMENT (( #1121 ) ) ;
#1618 = CARTESIAN_POINT ( 'NONE',  ( 2.500000000000001332, 0.4677927957049971552, 0.3766155172095924097 ) ) ;
#1619 = EDGE_CURVE ( 'NONE', #2635, #1970, #617, .T. ) ;
#1620 = CARTESIAN_POINT ( 'NONE',  ( 2.500000000000000000, -1.566045976336583045, 1.000000000000000000 ) ) ;
#1621 = DIRECTION ( 'NONE',  ( 0.000000000000000000, -0.3390537954853692915, 0.9407669869669987861 ) ) ;
#1622 = CARTESIAN_POINT ( 'NONE',  ( 2.500000000000000444, 0.8062193102706340930, 0.6348609216522530518 ) ) ;
#1623 = ADVANCED_FACE ( 'NONE', ( #2902, #3178, #2627, #49, #1886, #877 ), #1095, .F. ) ;
#1624 = VECTOR ( 'NONE', #996, 1000.000000000000000 ) ;
#1625 = DIRECTION ( 'NONE',  ( 1.224646799147353207E-16, 1.000000000000000000, -0.000000000000000000 ) ) ;
#1626 = LINE ( 'NONE', #3293, #2486 ) ;
#1627 = VERTEX_POINT ( 'NONE', #2680 ) ;
#1628 = CARTESIAN_POINT ( 'NONE',  ( 2.490000000000000213, 0.04268292682926805998, 0.6688143018553547314 ) ) ;
#1629 = MECHANICAL_DESIGN_GEOMETRIC_PRESENTATION_REPRESENTATION (  '', ( #1789 ), #156 ) ;
#1630 = CIRCLE ( 'NONE', #46, 2.950000000000000178 ) ;
#1631 = VECTOR ( 'NONE', #2915, 1000.000000000000000 ) ;
#1632 = ORIENTED_EDGE ( 'NONE', *, *, #2014, .T. ) ;
#1633 = CARTESIAN_POINT ( 'NONE',  ( 2.489999999999999769, -0.6824647427725550886, 0.4374685549096452575 ) ) ;
#1634 = DIRECTION ( 'NONE',  ( 0.000000000000000000, 0.000000000000000000, 1.000000000000000000 ) ) ;
#1635 = DIRECTION ( 'NONE',  ( 0.000000000000000000, 0.000000000000000000, -1.000000000000000000 ) ) ;
#1636 = CARTESIAN_POINT ( 'NONE',  ( 2.490000000000000657, -0.6131123187452874879, 0.4259302890566464828 ) ) ;
#1637 = DIRECTION ( 'NONE',  ( -4.336808689942017736E-16, -1.000000000000000000, -0.000000000000000000 ) ) ;
#1638 = CARTESIAN_POINT ( 'NONE',  ( 2.499999999999999556, 0.3542991784615982520, 0.2856250384757621497 ) ) ;
#1639 = PLANE ( 'NONE',  #430 ) ;
#1640 = DIRECTION ( 'NONE',  ( -1.000000000000000000, 0.000000000000000000, 0.000000000000000000 ) ) ;
#1641 = UNCERTAINTY_MEASURE_WITH_UNIT (LENGTH_MEASURE( 1.000000000000000082E-05 ), #158, 'distance_accuracy_value', 'NONE');
#1642 = VERTEX_POINT ( 'NONE', #2175 ) ;
#1643 = CARTESIAN_POINT ( 'NONE',  ( 2.489999999999999769, 0.3142672990559099988, 0.6683819339536504200 ) ) ;
#1644 = CARTESIAN_POINT ( 'NONE',  ( 1.020000000000000018, 0.2500000000000001665, 0.000000000000000000 ) ) ;
#1645 = EDGE_CURVE ( 'NONE', #1442, #2667, #1402, .T. ) ;
#1646 = ORIENTED_EDGE ( 'NONE', *, *, #500, .T. ) ;
#1647 = CARTESIAN_POINT ( 'NONE',  ( 1.020000000000000018, -0.2499999999999998335, 0.000000000000000000 ) ) ;
#1648 = ORIENTED_EDGE ( 'NONE', *, *, #2094, .F. ) ;
#1649 = CARTESIAN_POINT ( 'NONE',  ( 2.499999999999999112, -0.6674435907588636141, 0.3638968988836987495 ) ) ;
#1650 = EDGE_CURVE ( 'NONE', #1327, #552, #892, .T. ) ;
#1651 = CARTESIAN_POINT ( 'NONE',  ( 2.490000000000000213, -0.6829268292682927344, 0.4642601860016962179 ) ) ;
#1652 = LINE ( 'NONE', #1344, #1817 ) ;
#1653 = CARTESIAN_POINT ( 'NONE',  ( 2.489999999999999325, -0.5546928072115361319, 0.3129081585331354720 ) ) ;
#1654 = CARTESIAN_POINT ( 'NONE',  ( 2.490000000000000213, -0.1463414634146343873, 0.2785703994163303832 ) ) ;
#1655 = DIRECTION ( 'NONE',  ( 0.000000000000000000, 0.000000000000000000, 1.000000000000000000 ) ) ;
#1656 = CARTESIAN_POINT ( 'NONE',  ( 2.490000000000000213, 0.8964367378048782031, 0.4188143018553547869 ) ) ;
#1657 = CARTESIAN_POINT ( 'NONE',  ( 2.500000000000000000, 0.8134527439024390461, 0.6627167408797449699 ) ) ;
#1658 = ORIENTED_EDGE ( 'NONE', *, *, #3029, .T. ) ;
#1659 = CARTESIAN_POINT ( 'NONE',  ( 2.500000000000000000, 0.2932545731707319470, 0.6688143018553547314 ) ) ;
#1660 = VECTOR ( 'NONE', #684, 1000.000000000000000 ) ;
#1661 = VECTOR ( 'NONE', #2880, 1000.000000000000000 ) ;
#1662 = CARTESIAN_POINT ( 'NONE',  ( 2.490000000000000213, 0.2932545731707319470, 0.6688143018553547314 ) ) ;
#1663 = ORIENTED_EDGE ( 'NONE', *, *, #2317, .F. ) ;
#1664 =( LENGTH_UNIT ( ) NAMED_UNIT ( * ) SI_UNIT ( .MILLI., .METRE. ) );
#1665 = PRESENTATION_LAYER_ASSIGNMENT (  '', '', ( #1277 ) ) ;
#1666 = EDGE_CURVE ( 'NONE', #1269, #1192, #2958, .T. ) ;
#1667 = ORIENTED_EDGE ( 'NONE', *, *, #2991, .T. ) ;
#1668 = CARTESIAN_POINT ( 'NONE',  ( 2.489999999999999769, 0.8141460919036359600, 0.6588730538942482173 ) ) ;
#1669 = PRESENTATION_STYLE_ASSIGNMENT (( #1898 ) ) ;
#1670 = CARTESIAN_POINT ( 'NONE',  ( 2.489999999999999769, 0.4747429808993601230, 0.5614328230844967127 ) ) ;
#1671 = EDGE_CURVE ( 'NONE', #2414, #2762, #307, .T. ) ;
#1672 = CARTESIAN_POINT ( 'NONE',  ( 2.500000000000000000, 0.4878048780487806990, 0.4785513445382816311 ) ) ;
#1673 = CARTESIAN_POINT ( 'NONE',  ( 2.499999999999999556, -0.5787646788785794083, 0.3390725677117311654 ) ) ;
#1674 = CARTESIAN_POINT ( 'NONE',  ( 2.500000000000000000, 0.5262841260377207897, 0.3525272168882493951 ) ) ;
#1675 = CARTESIAN_POINT ( 'NONE',  ( 2.500000000000000000, -0.2134146341463417085, 0.2236923506358425850 ) ) ;
#1676 = LINE ( 'NONE', #1421, #2541 ) ;
#1677 = DIRECTION ( 'NONE',  ( 0.000000000000000000, 0.000000000000000000, -1.000000000000000000 ) ) ;
#1678 = SURFACE_STYLE_USAGE ( .BOTH. , #638 ) ;
#1679 = CARTESIAN_POINT ( 'NONE',  ( 2.490000000000000213, 0.4807133158544278362, 0.5428080294697070762 ) ) ;
#1680 = EDGE_LOOP ( 'NONE', ( #2225, #2579, #36, #2386 ) ) ;
#1681 = SURFACE_STYLE_USAGE ( .BOTH. , #807 ) ;
#1682 = AXIS2_PLACEMENT_3D ( 'NONE', #2166, #2384, #1317 ) ;
#1683 = ORIENTED_EDGE ( 'NONE', *, *, #1017, .F. ) ;
#1684 = VECTOR ( 'NONE', #664, 1000.000000000000000 ) ;
#1685 =( NAMED_UNIT ( * ) SI_UNIT ( $, .STERADIAN. ) SOLID_ANGLE_UNIT ( ) );
#1686 = DIRECTION ( 'NONE',  ( 0.000000000000000000, 0.000000000000000000, -1.000000000000000000 ) ) ;
#1687 = CARTESIAN_POINT ( 'NONE',  ( 2.500000000000000444, 0.3907638005076691234, 0.2988218143742221167 ) ) ;
#1688 = STYLED_ITEM ( 'NONE', ( #2413 ), #2440 ) ;
#1689 = CARTESIAN_POINT ( 'NONE',  ( 2.500000000000000000, 0.4848398091016566935, 0.5226871365839698136 ) ) ;
#1690 = LINE ( 'NONE', #2723, #210 ) ;
#1691 = CARTESIAN_POINT ( 'NONE',  ( 2.490000000000000657, 0.2883955792682930119, 0.2236923506358425850 ) ) ;
#1692 = EDGE_CURVE ( 'NONE', #1960, #244, #3242, .T. ) ;
#1693 = SURFACE_STYLE_FILL_AREA ( #1211 ) ;
#1694 = CARTESIAN_POINT ( 'NONE',  ( 2.500000000000000000, 0.4878048780487806990, 0.4785513445382816311 ) ) ;
#1695 = CARTESIAN_POINT ( 'NONE',  ( 2.500000000000000444, -0.4091822946474106271, 0.2194155179397346833 ) ) ;
#1696 = B_SPLINE_SURFACE_WITH_KNOTS ( 'NONE', 3, 1, ( 
 ( #1185, #2233 ),
 ( #2755, #1220 ),
 ( #1751, #2220 ),
 ( #369, #1414 ),
 ( #3235, #2737 ),
 ( #1170, #3254 ),
 ( #2721, #1687 ),
 ( #933, #115 ),
 ( #1947, #384 ),
 ( #3220, #3268 ),
 ( #662, #2997 ),
 ( #417, #3077 ),
 ( #2833, #1256 ),
 ( #3354, #1237 ),
 ( #503, #2781 ),
 ( #727, #2519 ),
 ( #1565, #1780 ),
 ( #1049, #3062 ),
 ( #1798, #468 ) ),
 .UNSPECIFIED., .F., .F., .F.,
 ( 4, 1, 1, 1, 1, 1, 1, 1, 1, 1, 1, 1, 1, 1, 1, 1, 4 ),
 ( 2, 2 ),
 ( 0.000000000000000000, 0.07083094766000895548, 0.1381775682686504914, 0.2024878388566209442, 0.2639900606219178769, 0.3234002964737123786, 0.3818212071472359415, 0.4394172165590940482, 0.4971338881340985338, 0.5548969011186466460, 0.6129801977060126417, 0.6715185466612459964, 0.7316391459054637503, 0.7942851049615082815, 0.8594735249026045354, 0.9276768581776968503, 1.000000000000000000 ),
 ( 0.000000000000000000, 1.000000000000000000 ),
 .UNSPECIFIED. ) ;
#1697 = LINE ( 'NONE', #2715, #2803 ) ;
#1698 = CARTESIAN_POINT ( 'NONE',  ( 2.489999999999999769, 0.2932545731707319470, 0.6688143018553547314 ) ) ;
#1699 = VERTEX_POINT ( 'NONE', #1972 ) ;
#1700 = SURFACE_STYLE_USAGE ( .BOTH. , #1977 ) ;
#1701 = ORIENTED_EDGE ( 'NONE', *, *, #3152, .T. ) ;
#1702 =( LENGTH_UNIT ( ) NAMED_UNIT ( * ) SI_UNIT ( .MILLI., .METRE. ) );
#1703 = ORIENTED_EDGE ( 'NONE', *, *, #954, .F. ) ;
#1704 = CARTESIAN_POINT ( 'NONE',  ( 2.490000000000000213, -0.4553857142652429357, 0.7291674344238718852 ) ) ;
#1705 = CARTESIAN_POINT ( 'NONE',  ( 2.500000000000000000, 0.3892718138675300144, 0.6504692608853015479 ) ) ;
#1706 = CARTESIAN_POINT ( 'NONE',  ( 2.499999999999999556, -0.6153444149995841439, 0.4911197524045064489 ) ) ;
#1707 = CARTESIAN_POINT ( 'NONE',  ( 2.490000000000000213, 0.4806392962021380777, 0.2933588871937260478 ) ) ;
#1708 = EDGE_LOOP ( 'NONE', ( #2718, #3113, #1658, #818 ) ) ;
#1709 = FACE_OUTER_BOUND ( 'NONE', #921, .T. ) ;
#1710 = PRODUCT_DEFINITION ( '未知', '', #1062, #2038 ) ;
#1711 = FACE_OUTER_BOUND ( 'NONE', #1335, .T. ) ;
#1712 = CARTESIAN_POINT ( 'NONE',  ( 2.500000000000000444, -0.4285799291129851474, 0.2178290264340283222 ) ) ;
#1713 = EDGE_CURVE ( 'NONE', #2609, #447, #3291, .T. ) ;
#1714 = DIRECTION ( 'NONE',  ( 0.000000000000000000, 0.000000000000000000, -1.000000000000000000 ) ) ;
#1715 = VERTEX_POINT ( 'NONE', #1474 ) ;
#1716 = VECTOR ( 'NONE', #1229, 1000.000000000000000 ) ;
#1717 = EDGE_LOOP ( 'NONE', ( #2761, #1146, #1233, #1066 ) ) ;
#1718 = CARTESIAN_POINT ( 'NONE',  ( 2.490000000000000213, 0.8211699695121953413, 0.6276557652699890077 ) ) ;
#1719 = CARTESIAN_POINT ( 'NONE',  ( 2.490000000000001101, -0.6653537604718505749, 0.5721956776630960917 ) ) ;
#1720 = COLOUR_RGB ( '',1.000000000000000000, 1.000000000000000000, 1.000000000000000000 ) ;
#1721 = VECTOR ( 'NONE', #3357, 1000.000000000000000 ) ;
#1722 = PRESENTATION_STYLE_ASSIGNMENT (( #1484 ) ) ;
#1723 = CARTESIAN_POINT ( 'NONE',  ( 0.000000000000000000, 0.000000000000000000, 1.000000000000000000 ) ) ;
#1724 = LINE ( 'NONE', #1754, #2003 ) ;
#1725 = CARTESIAN_POINT ( 'NONE',  ( -1.520000000000000018, 0.2500000000000001665, -3.500000000000000000 ) ) ;
#1726 = B_SPLINE_SURFACE_WITH_KNOTS ( 'NONE', 3, 1, ( 
 ( #1573, #1296 ),
 ( #2865, #1331 ),
 ( #1007, #3348 ),
 ( #3328, #259 ),
 ( #1587, #2543 ),
 ( #2607, #10 ),
 ( #2592, #1541 ),
 ( #2810, #223 ),
 ( #288, #2824 ),
 ( #2042, #27 ),
 ( #3089, #3071 ) ),
 .UNSPECIFIED., .F., .F., .F.,
 ( 4, 1, 1, 1, 1, 1, 1, 1, 4 ),
 ( 2, 2 ),
 ( 0.000000000000000000, 0.1352946047634291105, 0.2667656579247481008, 0.3948160188358722511, 0.5200516544342459468, 0.6421757029708216047, 0.7626518205584230659, 0.8818340043805018569, 1.000000000000000000 ),
 ( 0.000000000000000000, 1.000000000000000000 ),
 .UNSPECIFIED. ) ;
#1727 = ORIENTED_EDGE ( 'NONE', *, *, #539, .T. ) ;
#1728 = CARTESIAN_POINT ( 'NONE',  ( 2.500000000000000000, -0.4280678353658536883, 0.6749118628309644929 ) ) ;
#1729 = SURFACE_STYLE_USAGE ( .BOTH. , #927 ) ;
#1730 = ORIENTED_EDGE ( 'NONE', *, *, #3313, .T. ) ;
#1731 = EDGE_CURVE ( 'NONE', #2516, #57, #390, .T. ) ;
#1732 = ORIENTED_EDGE ( 'NONE', *, *, #2903, .F. ) ;
#1733 = CARTESIAN_POINT ( 'NONE',  ( 2.490000000000000213, 0.2195121951219514422, 0.2785703994163303832 ) ) ;
#1734 = STYLED_ITEM ( 'NONE', ( #3140 ), #704 ) ;
#1735 = DIRECTION ( 'NONE',  ( -4.336808689942017736E-16, -1.000000000000000000, 0.000000000000000000 ) ) ;
#1736 = CARTESIAN_POINT ( 'NONE',  ( 2.490000000000000213, -0.2134146341463417085, 0.2236923506358425850 ) ) ;
#1737 = PLANE ( 'NONE',  #1769 ) ;
#1738 = VECTOR ( 'NONE', #646, 1000.000000000000000 ) ;
#1739 = ORIENTED_EDGE ( 'NONE', *, *, #900, .T. ) ;
#1740 = CARTESIAN_POINT ( 'NONE',  ( 2.500000000000000000, 0.9189214939024391571, 0.3639362530748669888 ) ) ;
#1741 = LINE ( 'NONE', #2507, #2618 ) ;
#1742 = PRESENTATION_LAYER_ASSIGNMENT (  '', '', ( #1734 ) ) ;
#1743 = CARTESIAN_POINT ( 'NONE',  ( 2.499999999999999112, -0.4123440683672711660, 0.6746741308059869269 ) ) ;
#1744 = CARTESIAN_POINT ( 'NONE',  ( 2.500000000000000444, 0.5262452397905713619, 0.6017584022771551577 ) ) ;
#1745 = CARTESIAN_POINT ( 'NONE',  ( -1.020000000000000018, -0.2499999999999998335, 0.000000000000000000 ) ) ;
#1746 = EDGE_LOOP ( 'NONE', ( #292, #1096, #448, #175 ) ) ;
#1747 = ORIENTED_EDGE ( 'NONE', *, *, #2963, .F. ) ;
#1748 = EDGE_CURVE ( 'NONE', #928, #1699, #3019, .T. ) ;
#1749 = CARTESIAN_POINT ( 'NONE',  ( 2.490000000000000213, -0.6829268292682927344, 0.4642601860016962179 ) ) ;
#1750 = B_SPLINE_CURVE_WITH_KNOTS ( 'NONE', 3,
 ( #2987, #2455, #2501, #132, #182, #455, #421, #1969, #1952, #1707, #2002, #1208, #2711, #1225, #1190, #950, #3034, #647, #401 ),
 .UNSPECIFIED., .F., .F.,
 ( 4, 1, 1, 1, 1, 1, 1, 1, 1, 1, 1, 1, 1, 1, 1, 1, 4 ),
 ( 0.000000000000000000, 0.06806869584499410097, 0.1334274328189550551, 0.1961460338131565118, 0.2570485924493128294, 0.3168826631591620813, 0.3761872086663216597, 0.4359603353635462808, 0.4965352368627264368, 0.5574653434807332886, 0.6176868634101470024, 0.6779436406969062689, 0.7388052848060404632, 0.8009493367665844188, 0.8648146674702269499, 0.9310247810786572709, 1.000000000000000000 ),
 .UNSPECIFIED. ) ;
#1751 = CARTESIAN_POINT ( 'NONE',  ( 2.489999999999999769, 0.3127223737585936303, 0.2790509430487303488 ) ) ;
#1752 = CARTESIAN_POINT ( 'NONE',  ( 2.500000000000000444, 0.5448900527884154021, 0.5570430274836248863 ) ) ;
#1753 = EDGE_CURVE ( 'NONE', #1642, #296, #1757, .T. ) ;
#1754 = CARTESIAN_POINT ( 'NONE',  ( 2.490000000000000213, -0.9817073170731707155, 0.2236923506358425850 ) ) ;
#1755 = DIRECTION ( 'NONE',  ( 0.000000000000000000, 1.000000000000000000, 0.000000000000000000 ) ) ;
#1756 = CARTESIAN_POINT ( 'NONE',  ( 2.499999999999999556, 0.4613397204180565425, 0.2770961051194250624 ) ) ;
#1757 = LINE ( 'NONE', #171, #2031 ) ;
#1758 = CARTESIAN_POINT ( 'NONE',  ( 2.500000000000000444, 0.5448900527884154021, 0.5570430274836248863 ) ) ;
#1759 = DIRECTION ( 'NONE',  ( -0.000000000000000000, -0.000000000000000000, -1.000000000000000000 ) ) ;
#1760 = ORIENTED_EDGE ( 'NONE', *, *, #1142, .F. ) ;
#1761 = VERTEX_POINT ( 'NONE', #1492 ) ;
#1762 = FILL_AREA_STYLE ('',( #994 ) ) ;
#1763 = ORIENTED_EDGE ( 'NONE', *, *, #1748, .F. ) ;
#1764 = CARTESIAN_POINT ( 'NONE',  ( 2.500000000000000444, -0.5296546553236208821, 0.7120467362267794975 ) ) ;
#1765 = EDGE_CURVE ( 'NONE', #692, #1813, #443, .T. ) ;
#1766 = CARTESIAN_POINT ( 'NONE',  ( 2.489999999999999769, -0.3775696315506346101, 0.2245311228833850870 ) ) ;
#1767 = CARTESIAN_POINT ( 'NONE',  ( 2.489999999999999769, -0.4990054727099657583, 0.2213398840766934439 ) ) ;
#1768 = AXIS2_PLACEMENT_3D ( 'NONE', #3158, #1640, #908 ) ;
#1769 = AXIS2_PLACEMENT_3D ( 'NONE', #2769, #2740, #934 ) ;
#1770 = CARTESIAN_POINT ( 'NONE',  ( 2.489999999999999769, 0.4071226886076433904, 0.3078560854661634982 ) ) ;
#1771 = ADVANCED_FACE ( 'NONE', ( #2210 ), #3309, .T. ) ;
#1772 = CARTESIAN_POINT ( 'NONE',  ( 2.500000000000000000, -0.1463414634146343873, 0.6688143018553547314 ) ) ;
#1773 = CARTESIAN_POINT ( 'NONE',  ( 2.500000000000000000, 0.5548780487804880757, 0.4799804603919401447 ) ) ;
#1774 = CARTESIAN_POINT ( 'NONE',  ( 2.490000000000000657, -0.3242558045063159700, 0.6506164612294940142 ) ) ;
#1775 = CARTESIAN_POINT ( 'NONE',  ( 2.500000000000000000, 0.5548780487804880757, 0.4799804603919401447 ) ) ;
#1776 = ORIENTED_EDGE ( 'NONE', *, *, #3002, .F. ) ;
#1777 = ORIENTED_EDGE ( 'NONE', *, *, #1188, .T. ) ;
#1778 = ORIENTED_EDGE ( 'NONE', *, *, #2944, .F. ) ;
#1779 = DIRECTION ( 'NONE',  ( -1.000000000000000000, 0.000000000000000000, 0.000000000000000000 ) ) ;
#1780 = CARTESIAN_POINT ( 'NONE',  ( 2.499999999999999556, 0.4872971351483575408, 0.4559156007068454475 ) ) ;
#1781 = CARTESIAN_POINT ( 'NONE',  ( 2.490000000000000213, 0.5542881074801210284, 0.5067663995250276665 ) ) ;
#1782 = PLANE ( 'NONE',  #3025 ) ;
#1783 = CARTESIAN_POINT ( 'NONE',  ( 2.490000000000000213, 0.03048780487804853695, 0.5041801555138913926 ) ) ;
#1784 = AXIS2_PLACEMENT_3D ( 'NONE', #2363, #2343, #14 ) ;
#1785 = CARTESIAN_POINT ( 'NONE',  ( 2.490000000000000213, 0.4878048780487806990, 0.4785513445382816311 ) ) ;
#1786 = DIRECTION ( 'NONE',  ( 1.000000000000000000, 0.000000000000000000, -0.000000000000000000 ) ) ;
#1787 = EDGE_CURVE ( 'NONE', #2024, #1872, #2457, .T. ) ;
#1788 = CARTESIAN_POINT ( 'NONE',  ( 2.499999999999999556, -0.3156673051435922583, 0.2470173599472375303 ) ) ;
#1789 = STYLED_ITEM ( 'NONE', ( #2873 ), #2236 ) ;
#1790 = CARTESIAN_POINT ( 'NONE',  ( 2.490000000000000213, 0.03048780487804853695, 0.4493021067334035390 ) ) ;
#1791 = ADVANCED_FACE ( 'NONE', ( #2273 ), #2760, .T. ) ;
#1792 = ORIENTED_EDGE ( 'NONE', *, *, #768, .F. ) ;
#1793 = B_SPLINE_CURVE_WITH_KNOTS ( 'NONE', 3,
 ( #181, #2986, #1155, #3221, #1222, #965, #2001, #131, #3238, #714, #1951, #420, #2768, #454, #2437, #118, #1706, #3256, #3322 ),
 .UNSPECIFIED., .F., .F.,
 ( 4, 1, 1, 1, 1, 1, 1, 1, 1, 1, 1, 1, 1, 1, 1, 1, 4 ),
 ( 0.000000000000000000, 0.06460651091172689431, 0.1267073966769823867, 0.1867641584560547074, 0.2456160792896875389, 0.3036342601009776598, 0.3614875846788058178, 0.4202270435406769700, 0.4800225128200916735, 0.5406696917432136651, 0.6011857431162469512, 0.6623298436784399446, 0.7250194742551526739, 0.7894594567563147924, 0.8564992169370777564, 0.9263091979800034403, 1.000000000000000000 ),
 .UNSPECIFIED. ) ;
#1794 = ORIENTED_EDGE ( 'NONE', *, *, #852, .F. ) ;
#1795 = CARTESIAN_POINT ( 'NONE',  ( 2.489999999999999769, 0.5506540866102590526, 0.5326106901106186786 ) ) ;
#1796 = ORIENTED_EDGE ( 'NONE', *, *, #3363, .F. ) ;
#1797 = DIRECTION ( 'NONE',  ( -1.000000000000000000, 0.000000000000000000, 0.000000000000000000 ) ) ;
#1798 = CARTESIAN_POINT ( 'NONE',  ( 2.490000000000000213, 0.4878048780487806990, 0.4785513445382816311 ) ) ;
#1799 = ORIENTED_EDGE ( 'NONE', *, *, #58, .T. ) ;
#1800 = DIRECTION ( 'NONE',  ( 1.000000000000000000, 0.000000000000000000, -0.000000000000000000 ) ) ;
#1801 = LINE ( 'NONE', #1783, #1449 ) ;
#1802 = CARTESIAN_POINT ( 'NONE',  ( 2.499999999999999556, -0.4990054727099657583, 0.2213398840766934439 ) ) ;
#1803 = DIRECTION ( 'NONE',  ( 1.000000000000000000, -0.000000000000000000, -0.000000000000000000 ) ) ;
#1804 = LINE ( 'NONE', #2338, #3332 ) ;
#1805 = CARTESIAN_POINT ( 'NONE',  ( 2.500000000000000000, -0.6156808776037937525, 0.4760801504915891935 ) ) ;
#1806 = CARTESIAN_POINT ( 'NONE',  ( 2.490000000000000213, 0.7123666158536586801, 0.3639362530748669888 ) ) ;
#1807 = EDGE_CURVE ( 'NONE', #1426, #1842, #1741, .T. ) ;
#1808 = ORIENTED_EDGE ( 'NONE', *, *, #998, .F. ) ;
#1809 = LINE ( 'NONE', #978, #1025 ) ;
#1810 = ORIENTED_EDGE ( 'NONE', *, *, #474, .F. ) ;
#1811 = CARTESIAN_POINT ( 'NONE',  ( 2.499999999999999556, -0.3638328332527673292, 0.7249565195013689678 ) ) ;
#1812 = CARTESIAN_POINT ( 'NONE',  ( 2.490000000000000213, 0.8134527439024390461, 0.6627167408797449699 ) ) ;
#1813 = VERTEX_POINT ( 'NONE', #1989 ) ;
#1814 = CARTESIAN_POINT ( 'NONE',  ( 2.490000000000000213, -0.5638301046618540147, 0.6192240549220856538 ) ) ;
#1815 = CARTESIAN_POINT ( 'NONE',  ( 2.490000000000000213, -0.6792951742959072448, 0.4116008185653479701 ) ) ;
#1816 = VECTOR ( 'NONE', #1920, 1000.000000000000000 ) ;
#1817 = VECTOR ( 'NONE', #1322, 1000.000000000000000 ) ;
#1818 = DIRECTION ( 'NONE',  ( 0.000000000000000000, 1.000000000000000000, 0.000000000000000000 ) ) ;
#1819 = CARTESIAN_POINT ( 'NONE',  ( 2.500000000000000000, -0.3109756097560976706, 0.3044850335626719251 ) ) ;
#1820 = VECTOR ( 'NONE', #964, 1000.000000000000000 ) ;
#1821 = CARTESIAN_POINT ( 'NONE',  ( 2.500000000000000444, 0.8101486246691071980, 0.6524303159925495255 ) ) ;
#1822 = VERTEX_POINT ( 'NONE', #3037 ) ;
#1823 = CARTESIAN_POINT ( 'NONE',  ( 2.500000000000000888, -0.4114767199714086665, 0.7296668843613081101 ) ) ;
#1824 = ADVANCED_FACE ( 'NONE', ( #136 ), #700, .F. ) ;
#1825 = CARTESIAN_POINT ( 'NONE',  ( 2.489999999999999769, -0.3638328332527673292, 0.7249565195013689678 ) ) ;
#1826 = VERTEX_POINT ( 'NONE', #1507 ) ;
#1827 = CARTESIAN_POINT ( 'NONE',  ( 2.490000000000000213, -0.4485518292682927344, 0.2175947896602328235 ) ) ;
#1828 = EDGE_CURVE ( 'NONE', #810, #3352, #1520, .T. ) ;
#1829 = CARTESIAN_POINT ( 'NONE',  ( 2.489999999999999325, 0.4587940853905138061, 0.3600703385204816476 ) ) ;
#1830 = MANIFOLD_SOLID_BREP ( '凸台-拉伸3', #376 ) ;
#1831 = CARTESIAN_POINT ( 'NONE',  ( 2.490000000000000213, -0.6154435547096063219, 0.4467688983061606778 ) ) ;
#1832 = CARTESIAN_POINT ( 'NONE',  ( 2.490000000000000213, -0.3546144861576523422, 0.2847278649279657015 ) ) ;
#1833 = UNCERTAINTY_MEASURE_WITH_UNIT (LENGTH_MEASURE( 1.000000000000000082E-05 ), #2418, 'distance_accuracy_value', 'NONE');
#1834 = DIRECTION ( 'NONE',  ( -1.000000000000000000, 0.000000000000000000, -0.000000000000000000 ) ) ;
#1835 = VECTOR ( 'NONE', #765, 1000.000000000000000 ) ;
#1836 = DIRECTION ( 'NONE',  ( 0.000000000000000000, 1.000000000000000000, 0.000000000000000000 ) ) ;
#1837 = CARTESIAN_POINT ( 'NONE',  ( 2.500000000000000000, 0.7292301829268293956, 0.4188143018553547869 ) ) ;
#1838 = VECTOR ( 'NONE', #2180, 1000.000000000000000 ) ;
#1839 = ORIENTED_EDGE ( 'NONE', *, *, #2855, .T. ) ;
#1840 = DIRECTION ( 'NONE',  ( 0.000000000000000000, -0.3363908276654484220, -0.9417224702971437322 ) ) ;
#1841 = CARTESIAN_POINT ( 'NONE',  ( 1.520000000000000240, 0.2500000000000001665, -3.500000000000000000 ) ) ;
#1842 = VERTEX_POINT ( 'NONE', #1773 ) ;
#1843 = CARTESIAN_POINT ( 'NONE',  ( -1.019999999999999796, 0.2500000000000001665, -3.500000000000000000 ) ) ;
#1844 = CARTESIAN_POINT ( 'NONE',  ( 0.000000000000000000, 0.000000000000000000, 0.000000000000000000 ) ) ;
#1845 = EDGE_CURVE ( 'NONE', #1955, #466, #657, .T. ) ;
#1846 = ORIENTED_EDGE ( 'NONE', *, *, #935, .F. ) ;
#1847 =( NAMED_UNIT ( * ) SI_UNIT ( $, .STERADIAN. ) SOLID_ANGLE_UNIT ( ) );
#1848 = CARTESIAN_POINT ( 'NONE',  ( 2.490000000000000213, 0.6646341463414634498, 0.2236923506358425850 ) ) ;
#1849 = EDGE_CURVE ( 'NONE', #660, #991, #2072, .T. ) ;
#1850 = CARTESIAN_POINT ( 'NONE',  ( 2.490000000000000213, -0.4393102134146342208, 0.2724728384407206216 ) ) ;
#1851 = CARTESIAN_POINT ( 'NONE',  ( 2.489999999999999769, -0.5107801034039830546, 0.2853809698617769119 ) ) ;
#1852 = SURFACE_SIDE_STYLE ('',( #64 ) ) ;
#1853 = ORIENTED_EDGE ( 'NONE', *, *, #3299, .F. ) ;
#1854 = SURFACE_STYLE_USAGE ( .BOTH. , #1559 ) ;
#1855 = ORIENTED_EDGE ( 'NONE', *, *, #1650, .F. ) ;
#1856 = EDGE_LOOP ( 'NONE', ( #2558, #110, #2484 ) ) ;
#1857 = DIRECTION ( 'NONE',  ( 0.000000000000000000, -0.3222024856061135867, -0.9466707760722531395 ) ) ;
#1858 =( NAMED_UNIT ( * ) SI_UNIT ( $, .STERADIAN. ) SOLID_ANGLE_UNIT ( ) );
#1859 = ORIENTED_EDGE ( 'NONE', *, *, #3043, .F. ) ;
#1860 = CARTESIAN_POINT ( 'NONE',  ( 1.530808498934191571E-16, 0.000000000000000000, 8.599999999999999645 ) ) ;
#1861 = EDGE_CURVE ( 'NONE', #466, #2630, #3325, .T. ) ;
#1862 = CARTESIAN_POINT ( 'NONE',  ( 2.490000000000000213, -0.1463414634146343873, 0.5041801555138913926 ) ) ;
#1863 = CARTESIAN_POINT ( 'NONE',  ( 2.500000000000000000, 1.566045976336583045, 1.000000000000000000 ) ) ;
#1864 = CARTESIAN_POINT ( 'NONE',  ( 2.490000000000000213, 0.6646341463414634498, 0.2236923506358425850 ) ) ;
#1865 = EDGE_CURVE ( 'NONE', #1327, #1826, #3102, .T. ) ;
#1866 = VECTOR ( 'NONE', #2005, 1000.000000000000000 ) ;
#1867 = SURFACE_SIDE_STYLE ('',( #1141 ) ) ;
#1868 = FACE_OUTER_BOUND ( 'NONE', #2962, .T. ) ;
#1869 = CARTESIAN_POINT ( 'NONE',  ( 2.490000000000000213, -0.9146341463414634498, 0.2785703994163303832 ) ) ;
#1870 = VECTOR ( 'NONE', #2438, 1000.000000000000000 ) ;
#1871 = STYLED_ITEM ( 'NONE', ( #2931 ), #3204 ) ;
#1872 = VERTEX_POINT ( 'NONE', #2539 ) ;
#1873 = CARTESIAN_POINT ( 'NONE',  ( 2.500000000000000444, 0.4204154633882445369, 0.6324575817067066286 ) ) ;
#1874 = CARTESIAN_POINT ( 'NONE',  ( 2.500000000000000000, 0.7123666158536586801, 0.3639362530748669888 ) ) ;
#1875 = ORIENTED_EDGE ( 'NONE', *, *, #229, .F. ) ;
#1876 = CARTESIAN_POINT ( 'NONE',  ( 2.500000000000000000, 0.7123666158536586801, 0.3639362530748669888 ) ) ;
#1877 = EDGE_LOOP ( 'NONE', ( #501, #1129, #2583, #790 ) ) ;
#1878 = CARTESIAN_POINT ( 'NONE',  ( 2.490000000000000213, -0.6344276792902512341, 0.3025887750226535777 ) ) ;
#1879 = CARTESIAN_POINT ( 'NONE',  ( 2.500000000000000000, -0.4393102134146342208, 0.2724728384407206216 ) ) ;
#1880 = CARTESIAN_POINT ( 'NONE',  ( 2.490000000000000213, -0.3109756097560976151, 0.7099728384407205661 ) ) ;
#1881 = CARTESIAN_POINT ( 'NONE',  ( 2.499999999999999112, -0.5546928072115361319, 0.3129081585331354720 ) ) ;
#1882 = CARTESIAN_POINT ( 'NONE',  ( 2.499999999999999556, 0.5448870500228863989, 0.3994104469823615555 ) ) ;
#1883 = DIRECTION ( 'NONE',  ( 0.000000000000000000, -1.000000000000000000, -0.000000000000000000 ) ) ;
#1884 = EDGE_CURVE ( 'NONE', #1033, #3092, #2352, .T. ) ;
#1885 = CARTESIAN_POINT ( 'NONE',  ( 2.490000000000000213, 0.8134527439024390461, 0.6627167408797449699 ) ) ;
#1886 = FACE_BOUND ( 'NONE', #2131, .T. ) ;
#1887 = VECTOR ( 'NONE', #358, 1000.000000000000000 ) ;
#1888 = VECTOR ( 'NONE', #551, 1000.000000000000000 ) ;
#1889 = EDGE_CURVE ( 'NONE', #3092, #145, #2629, .T. ) ;
#1890 = EDGE_LOOP ( 'NONE', ( #1302, #211, #1077, #2402, #3263, #2067 ) ) ;
#1891 = CARTESIAN_POINT ( 'NONE',  ( 2.499999999999999112, 0.4873237586209716032, 0.5010986632631188042 ) ) ;
#1892 = ORIENTED_EDGE ( 'NONE', *, *, #3212, .T. ) ;
#1893 = DIRECTION ( 'NONE',  ( 1.000000000000000000, -0.000000000000000000, -0.000000000000000000 ) ) ;
#1894 = AXIS2_PLACEMENT_3D ( 'NONE', #2332, #3356, #1800 ) ;
#1895 = MECHANICAL_DESIGN_GEOMETRIC_PRESENTATION_REPRESENTATION (  '', ( #1571 ), #2744 ) ;
#1896 = ORIENTED_EDGE ( 'NONE', *, *, #2991, .F. ) ;
#1897 = CARTESIAN_POINT ( 'NONE',  ( 2.500000000000000000, -0.6344276792902512341, 0.3025887750226535777 ) ) ;
#1898 = SURFACE_STYLE_USAGE ( .BOTH. , #2950 ) ;
#1899 = DIRECTION ( 'NONE',  ( 1.000000000000000000, 0.000000000000000000, -0.000000000000000000 ) ) ;
#1900 = CARTESIAN_POINT ( 'NONE',  ( 2.490000000000000213, 0.04268292682926805998, 0.6688143018553547314 ) ) ;
#1901 = FILL_AREA_STYLE ('',( #2156 ) ) ;
#1902 = CARTESIAN_POINT ( 'NONE',  ( 2.500000000000000888, 0.4222168278909073091, 0.3185876416745202500 ) ) ;
#1903 = CARTESIAN_POINT ( 'NONE',  ( 2.490000000000000213, 0.2932545731707319470, 0.6688143018553547314 ) ) ;
#1904 = CARTESIAN_POINT ( 'NONE',  ( 2.500000000000000444, 0.8172553295144937557, 0.6420639680769230084 ) ) ;
#1905 = SURFACE_STYLE_FILL_AREA ( #2442 ) ;
#1906 = ORIENTED_EDGE ( 'NONE', *, *, #912, .T. ) ;
#1907 = PLANE ( 'NONE',  #1448 ) ;
#1908 = SURFACE_SIDE_STYLE ('',( #125 ) ) ;
#1909 = ORIENTED_EDGE ( 'NONE', *, *, #1396, .T. ) ;
#1910 = PLANE ( 'NONE',  #2372 ) ;
#1911 = ADVANCED_FACE ( 'NONE', ( #473 ), #2574, .T. ) ;
#1912 = ORIENTED_EDGE ( 'NONE', *, *, #1232, .T. ) ;
#1913 = CARTESIAN_POINT ( 'NONE',  ( 2.490000000000000213, -0.4280678353658536883, 0.6749118628309644929 ) ) ;
#1914 = LINE ( 'NONE', #352, #134 ) ;
#1915 =( NAMED_UNIT ( * ) PLANE_ANGLE_UNIT ( ) SI_UNIT ( $, .RADIAN. ) );
#1916 = CARTESIAN_POINT ( 'NONE',  ( 2.490000000000000213, 0.05487804878048758300, 0.2236923506358425850 ) ) ;
#1917 = CARTESIAN_POINT ( 'NONE',  ( 2.499999999999999556, 0.3731999763739955456, 0.2913007871615728717 ) ) ;
#1918 = DIRECTION ( 'NONE',  ( 0.000000000000000000, 0.000000000000000000, 1.000000000000000000 ) ) ;
#1919 = CARTESIAN_POINT ( 'NONE',  ( 2.500000000000000444, -0.6131123187452874879, 0.4259302890566464828 ) ) ;
#1920 = DIRECTION ( 'NONE',  ( -0.000000000000000000, -0.000000000000000000, 1.000000000000000000 ) ) ;
#1921 = DIRECTION ( 'NONE',  ( -0.000000000000000000, -0.000000000000000000, -1.000000000000000000 ) ) ;
#1922 = CARTESIAN_POINT ( 'NONE',  ( 2.499999999999999556, 0.3721065914857923373, 0.6572247212180161169 ) ) ;
#1923 = MECHANICAL_DESIGN_GEOMETRIC_PRESENTATION_REPRESENTATION (  '', ( #2893 ), #701 ) ;
#1924 = VECTOR ( 'NONE', #439, 1000.000000000000000 ) ;
#1925 = PRESENTATION_STYLE_ASSIGNMENT (( #719 ) ) ;
#1926 = VERTEX_POINT ( 'NONE', #236 ) ;
#1927 = CARTESIAN_POINT ( 'NONE',  ( 2.500000000000000000, 0.05487804878048758300, 0.2236923506358425850 ) ) ;
#1928 = MECHANICAL_DESIGN_GEOMETRIC_PRESENTATION_REPRESENTATION (  '', ( #3175 ), #2466 ) ;
#1929 = ORIENTED_EDGE ( 'NONE', *, *, #912, .F. ) ;
#1930 = ADVANCED_FACE ( 'NONE', ( #1276 ), #1020, .F. ) ;
#1931 = CARTESIAN_POINT ( 'NONE',  ( 2.490000000000000213, -0.6822832953199228223, 0.4930263108563237018 ) ) ;
#1932 =( LENGTH_UNIT ( ) NAMED_UNIT ( * ) SI_UNIT ( .MILLI., .METRE. ) );
#1933 = LINE ( 'NONE', #3156, #1870 ) ;
#1934 = CARTESIAN_POINT ( 'NONE',  ( 2.499999999999999556, 0.3950711594167480856, 0.2407969423518674101 ) ) ;
#1935 = CARTESIAN_POINT ( 'NONE',  ( 2.489999999999999769, -0.5971376686073915918, 0.3703139613039711509 ) ) ;
#1936 = CARTESIAN_POINT ( 'NONE',  ( 2.499999999999999556, -0.3402335741721097540, 0.2353635065934929771 ) ) ;
#1937 = ORIENTED_EDGE ( 'NONE', *, *, #3067, .T. ) ;
#1938 = CARTESIAN_POINT ( 'NONE',  ( 2.500000000000000000, 0.3142672990559099988, 0.6683819339536504200 ) ) ;
#1939 = DIRECTION ( 'NONE',  ( -0.000000000000000000, -0.000000000000000000, -1.000000000000000000 ) ) ;
#1940 = VERTEX_POINT ( 'NONE', #1346 ) ;
#1941 = DIRECTION ( 'NONE',  ( 0.000000000000000000, 0.000000000000000000, 1.000000000000000000 ) ) ;
#1942 = VECTOR ( 'NONE', #568, 1000.000000000000000 ) ;
#1943 = ORIENTED_EDGE ( 'NONE', *, *, #2161, .T. ) ;
#1944 = CARTESIAN_POINT ( 'NONE',  ( 2.490000000000000657, 0.3207372805922880654, 0.7230860032179341479 ) ) ;
#1945 = VERTEX_POINT ( 'NONE', #2936 ) ;
#1946 = CARTESIAN_POINT ( 'NONE',  ( 2.490000000000001101, -0.4813558984699881638, 0.7256443135957374446 ) ) ;
#1947 = CARTESIAN_POINT ( 'NONE',  ( 2.490000000000001101, 0.4222168278909073091, 0.3185876416745202500 ) ) ;
#1948 = EDGE_CURVE ( 'NONE', #395, #1117, #372, .T. ) ;
#1949 = VECTOR ( 'NONE', #655, 1000.000000000000000 ) ;
#1950 = FILL_AREA_STYLE ('',( #3255 ) ) ;
#1951 = CARTESIAN_POINT ( 'NONE',  ( 2.500000000000000000, -0.5761359759601083486, 0.6047438974713337245 ) ) ;
#1952 = CARTESIAN_POINT ( 'NONE',  ( 2.489999999999999325, 0.4980903209863234427, 0.3115296658277703634 ) ) ;
#1953 = AXIS2_PLACEMENT_3D ( 'NONE', #653, #137, #2992 ) ;
#1954 = EDGE_CURVE ( 'NONE', #2151, #2665, #2510, .T. ) ;
#1955 = VERTEX_POINT ( 'NONE', #2173 ) ;
#1956 = PRESENTATION_STYLE_ASSIGNMENT (( #2473 ) ) ;
#1957 =( NAMED_UNIT ( * ) SI_UNIT ( $, .STERADIAN. ) SOLID_ANGLE_UNIT ( ) );
#1958 = CARTESIAN_POINT ( 'NONE',  ( 2.499999999999999556, -0.3156673051435922583, 0.2470173599472375303 ) ) ;
#1959 = AXIS2_PLACEMENT_3D ( 'NONE', #2809, #497, #1540 ) ;
#1960 = VERTEX_POINT ( 'NONE', #1863 ) ;
#1961 = SURFACE_SIDE_STYLE ('',( #3278 ) ) ;
#1962 = VERTEX_POINT ( 'NONE', #2898 ) ;
#1963 = ORIENTED_EDGE ( 'NONE', *, *, #1671, .T. ) ;
#1964 = DIRECTION ( 'NONE',  ( 1.000000000000000000, 0.000000000000000000, 0.000000000000000000 ) ) ;
#1965 = ORIENTED_EDGE ( 'NONE', *, *, #2903, .T. ) ;
#1966 = CARTESIAN_POINT ( 'NONE',  ( 2.500000000000000000, -0.5731255805401034298, 0.6891921766128368265 ) ) ;
#1967 = FACE_OUTER_BOUND ( 'NONE', #3350, .T. ) ;
#1968 = CARTESIAN_POINT ( 'NONE',  ( 2.490000000000001101, -0.5519129238497079148, 0.7016391584110439616 ) ) ;
#1969 = CARTESIAN_POINT ( 'NONE',  ( 2.490000000000001101, 0.5132705962058894400, 0.3313429283766023969 ) ) ;
#1970 = VERTEX_POINT ( 'NONE', #1916 ) ;
#1971 = CARTESIAN_POINT ( 'NONE',  ( 2.499999999999999112, 0.4980903209863234427, 0.3115296658277703634 ) ) ;
#1972 = CARTESIAN_POINT ( 'NONE',  ( 2.500000000000000000, 0.8475609756097559622, 0.7236923506358425850 ) ) ;
#1973 = ADVANCED_FACE ( 'NONE', ( #2640 ), #816, .F. ) ;
#1974 = CARTESIAN_POINT ( 'NONE',  ( 2.500000000000000000, -0.4481302321314790116, 0.6744834077329971977 ) ) ;
#1975 = CARTESIAN_POINT ( 'NONE',  ( 2.490000000000000213, -0.4286394817073171382, 0.7297899116114523466 ) ) ;
#1976 = ORIENTED_EDGE ( 'NONE', *, *, #53, .T. ) ;
#1977 = SURFACE_SIDE_STYLE ('',( #674 ) ) ;
#1978 = AXIS2_PLACEMENT_3D ( 'NONE', #2090, #3119, #1584 ) ;
#1979 = ORIENTED_EDGE ( 'NONE', *, *, #2444, .F. ) ;
#1980 = FACE_OUTER_BOUND ( 'NONE', #3219, .T. ) ;
#1981 = ORIENTED_EDGE ( 'NONE', *, *, #1017, .T. ) ;
#1982 = DIRECTION ( 'NONE',  ( 0.000000000000000000, 1.000000000000000000, 0.000000000000000000 ) ) ;
#1983 =( GEOMETRIC_REPRESENTATION_CONTEXT ( 3 ) GLOBAL_UNCERTAINTY_ASSIGNED_CONTEXT ( ( #1641 ) ) GLOBAL_UNIT_ASSIGNED_CONTEXT ( ( #158, #1249, #2276 ) ) REPRESENTATION_CONTEXT ( 'NONE', 'WORKASPACE' ) );
#1984 = CARTESIAN_POINT ( 'NONE',  ( 2.490000000000000657, -0.6733423324251687214, 0.5472641653250109872 ) ) ;
#1985 = CARTESIAN_POINT ( 'NONE',  ( 2.490000000000000213, 0.2904916158536587911, 0.2785703994163303832 ) ) ;
#1986 = DIRECTION ( 'NONE',  ( 1.000000000000000000, -0.000000000000000000, -0.000000000000000000 ) ) ;
#1987 = ORIENTED_EDGE ( 'NONE', *, *, #3063, .F. ) ;
#1988 = CARTESIAN_POINT ( 'NONE',  ( 2.500000000000000000, 0.4806392962021380777, 0.2933588871937260478 ) ) ;
#1989 = CARTESIAN_POINT ( 'NONE',  ( 2.490000000000000213, 1.042682926829268331, 0.2236923506358425850 ) ) ;
#1990 = B_SPLINE_CURVE_WITH_KNOTS ( 'NONE', 3,
 ( #2065, #3304, #487, #198, #3096, #451, #997, #775, #2312, #1533, #3111, #215, #2295, #1764, #982, #2015, #792, #2549, #1499 ),
 .UNSPECIFIED., .F., .F.,
 ( 4, 1, 1, 1, 1, 1, 1, 1, 1, 1, 1, 1, 1, 1, 1, 1, 4 ),
 ( 0.000000000000000000, 0.07063927843666165107, 0.1382480257201391949, 0.2033513422613805188, 0.2663073546514734824, 0.3280959248530532779, 0.3887239736335393325, 0.4495937647983102026, 0.5110273866450998348, 0.5720856998822558825, 0.6318755274497673824, 0.6911366246534705882, 0.7503757200018624784, 0.8100448404501349176, 0.8713705360282543166, 0.9344312626533162192, 1.000000000000000000 ),
 .UNSPECIFIED. ) ;
#1991 = EDGE_CURVE ( 'NONE', #1813, #1593, #2421, .T. ) ;
#1992 = CARTESIAN_POINT ( 'NONE',  ( 0.000000000000000000, 0.000000000000000000, -3.500000000000000000 ) ) ;
#1993 = ORIENTED_EDGE ( 'NONE', *, *, #1713, .F. ) ;
#1994 = EDGE_CURVE ( 'NONE', #1099, #1327, #2917, .T. ) ;
#1995 = ORIENTED_EDGE ( 'NONE', *, *, #3275, .T. ) ;
#1996 = PRESENTATION_STYLE_ASSIGNMENT (( #2813 ) ) ;
#1997 = ORIENTED_EDGE ( 'NONE', *, *, #1358, .F. ) ;
#1998 = CARTESIAN_POINT ( 'NONE',  ( 2.490000000000001101, -0.6428773401343208516, 0.6177212604891709757 ) ) ;
#1999 = MECHANICAL_DESIGN_GEOMETRIC_PRESENTATION_REPRESENTATION (  '', ( #1734 ), #1475 ) ;
#2000 = LINE ( 'NONE', #713, #2249 ) ;
#2001 = CARTESIAN_POINT ( 'NONE',  ( 2.500000000000000888, -0.5201753781452915781, 0.6534398034743152950 ) ) ;
#2002 = CARTESIAN_POINT ( 'NONE',  ( 2.489999999999999769, 0.4613397204180565425, 0.2770961051194250624 ) ) ;
#2003 = VECTOR ( 'NONE', #168, 1000.000000000000000 ) ;
#2004 = ORIENTED_EDGE ( 'NONE', *, *, #1522, .T. ) ;
#2005 = DIRECTION ( 'NONE',  ( -0.000000000000000000, -0.000000000000000000, -1.000000000000000000 ) ) ;
#2006 = MECHANICAL_DESIGN_GEOMETRIC_PRESENTATION_REPRESENTATION (  '', ( #2162 ), #1131 ) ;
#2007 = DIRECTION ( 'NONE',  ( 0.000000000000000000, -1.000000000000000000, 0.000000000000000000 ) ) ;
#2008 = CARTESIAN_POINT ( 'NONE',  ( 2.500000000000000000, -0.4280678353658536883, 0.6749118628309644929 ) ) ;
#2009 = DIRECTION ( 'NONE',  ( 1.000000000000000000, -0.000000000000000000, -0.000000000000000000 ) ) ;
#2010 = ADVANCED_FACE ( 'NONE', ( #2657 ), #301, .F. ) ;
#2011 = ORIENTED_EDGE ( 'NONE', *, *, #1286, .F. ) ;
#2012 = ORIENTED_EDGE ( 'NONE', *, *, #2198, .T. ) ;
#2013 = FACE_OUTER_BOUND ( 'NONE', #1478, .T. ) ;
#2014 = EDGE_CURVE ( 'NONE', #2378, #184, #1453, .T. ) ;
#2015 = CARTESIAN_POINT ( 'NONE',  ( 2.500000000000000888, -0.4813558984699881638, 0.7256443135957374446 ) ) ;
#2016 = CARTESIAN_POINT ( 'NONE',  ( 2.500000000000000444, 0.3964043596830683081, 0.7075330311440403142 ) ) ;
#2017 = FACE_OUTER_BOUND ( 'NONE', #881, .T. ) ;
#2018 = LINE ( 'NONE', #2758, #1924 ) ;
#2019 = CARTESIAN_POINT ( 'NONE',  ( 2.500000000000000000, 0.5914634146341464227, 0.2236923506358425850 ) ) ;
#2020 = CARTESIAN_POINT ( 'NONE',  ( 2.490000000000000213, -0.3109756097560976151, 0.6428996677090133005 ) ) ;
#2021 =( NAMED_UNIT ( * ) PLANE_ANGLE_UNIT ( ) SI_UNIT ( $, .RADIAN. ) );
#2022 = CARTESIAN_POINT ( 'NONE',  ( 1.020000000000000018, -0.2499999999999998335, -3.500000000000000000 ) ) ;
#2023 = ORIENTED_EDGE ( 'NONE', *, *, #835, .F. ) ;
#2024 = VERTEX_POINT ( 'NONE', #1736 ) ;
#2025 = ORIENTED_EDGE ( 'NONE', *, *, #2582, .F. ) ;
#2026 =( LENGTH_UNIT ( ) NAMED_UNIT ( * ) SI_UNIT ( .MILLI., .METRE. ) );
#2027 = CARTESIAN_POINT ( 'NONE',  ( 2.500000000000000000, -0.4485518292682927344, 0.2175947896602328235 ) ) ;
#2028 = EDGE_CURVE ( 'NONE', #2081, #312, #2757, .T. ) ;
#2029 = PLANE ( 'NONE',  #242 ) ;
#2030 = CARTESIAN_POINT ( 'NONE',  ( 2.500000000000000000, -0.9146341463414634498, 0.2785703994163303832 ) ) ;
#2031 = VECTOR ( 'NONE', #1212, 1000.000000000000114 ) ;
#2032 = VECTOR ( 'NONE', #3257, 1000.000000000000000 ) ;
#2033 = CARTESIAN_POINT ( 'NONE',  ( 2.490000000000000213, -0.6584940720764861366, 0.3420743049033029282 ) ) ;
#2034 = VECTOR ( 'NONE', #2282, 1000.000000000000000 ) ;
#2035 = CARTESIAN_POINT ( 'NONE',  ( 2.490000000000000213, 0.8475609756097561842, 0.7236923506358425850 ) ) ;
#2036 = CARTESIAN_POINT ( 'NONE',  ( 2.489999999999999769, -0.5787646788785794083, 0.3390725677117311654 ) ) ;
#2037 = CARTESIAN_POINT ( 'NONE',  ( 2.500000000000000444, -0.3968518678333565197, 0.6730538140114585843 ) ) ;
#2038 = PRODUCT_DEFINITION_CONTEXT ( 'detailed design', #629, 'design' ) ;
#2039 = DIRECTION ( 'NONE',  ( 1.000000000000000000, -0.000000000000000000, -0.000000000000000000 ) ) ;
#2040 = B_SPLINE_SURFACE_WITH_KNOTS ( 'NONE', 3, 1, ( 
 ( #362, #879 ),
 ( #378, #3228 ),
 ( #2905, #1891 ),
 ( #840, #2412 ),
 ( #1679, #52 ),
 ( #1424, #3214 ),
 ( #109, #2398 ),
 ( #324, #2129 ),
 ( #2194, #1385 ),
 ( #654, #2663 ),
 ( #604, #1873 ),
 ( #910, #1127 ),
 ( #2942, #619 ),
 ( #2446, #1922 ),
 ( #124, #1371 ),
 ( #1405, #1097 ),
 ( #1643, #1938 ),
 ( #2683, #2975 ),
 ( #1698, #1659 ) ),
 .UNSPECIFIED., .F., .F., .F.,
 ( 4, 1, 1, 1, 1, 1, 1, 1, 1, 1, 1, 1, 1, 1, 1, 1, 4 ),
 ( 2, 2 ),
 ( 0.000000000000000000, 0.07430465465554854376, 0.1443952781181648271, 0.2105019273834622673, 0.2732522160305339010, 0.3338170502200543677, 0.3925226560944680698, 0.4500811030809437341, 0.5078149268581264586, 0.5654598938738770730, 0.6231443696816657551, 0.6812935117568543752, 0.7409105056939426781, 0.8018534636194392107, 0.8652396812501955692, 0.9309408594192735142, 1.000000000000000000 ),
 ( 0.000000000000000000, 1.000000000000000000 ),
 .UNSPECIFIED. ) ;
#2041 = FACE_OUTER_BOUND ( 'NONE', #3315, .T. ) ;
#2042 = CARTESIAN_POINT ( 'NONE',  ( 2.490000000000000213, -0.3155717748205159046, 0.3018962564736530907 ) ) ;
#2043 = ORIENTED_EDGE ( 'NONE', *, *, #1845, .F. ) ;
#2044 = VERTEX_POINT ( 'NONE', #1470 ) ;
#2045 = ORIENTED_EDGE ( 'NONE', *, *, #602, .T. ) ;
#2046 = FILL_AREA_STYLE_COLOUR ( '', #2106 ) ;
#2047 = FACE_OUTER_BOUND ( 'NONE', #2472, .T. ) ;
#2048 = CARTESIAN_POINT ( 'NONE',  ( 2.489999999999998881, -0.3948270974870726202, 0.7286466847284116533 ) ) ;
#2049 = CARTESIAN_POINT ( 'NONE',  ( 2.489999999999999325, -0.6674435907588636141, 0.3638968988836987495 ) ) ;
#2050 = EDGE_CURVE ( 'NONE', #2633, #740, #1724, .T. ) ;
#2051 = CIRCLE ( 'NONE', #592, 2.500000000000000000 ) ;
#2052 = CARTESIAN_POINT ( 'NONE',  ( 2.500000000000000000, -0.4767542180190583734, 0.2754876826378731547 ) ) ;
#2053 = CARTESIAN_POINT ( 'NONE',  ( 2.499999999999999556, -0.3816842251632442951, 0.6706455086550514588 ) ) ;
#2054 = PLANE ( 'NONE',  #243 ) ;
#2055 = VECTOR ( 'NONE', #113, 1000.000000000000000 ) ;
#2056 = EDGE_CURVE ( 'NONE', #3239, #2652, #1690, .T. ) ;
#2057 = AXIS2_PLACEMENT_3D ( 'NONE', #1575, #824, #2906 ) ;
#2058 = VECTOR ( 'NONE', #832, 1000.000000000000000 ) ;
#2059 = CARTESIAN_POINT ( 'NONE',  ( -1.520000000000000018, -0.2499999999999998335, -3.500000000000000000 ) ) ;
#2060 = CARTESIAN_POINT ( 'NONE',  ( 2.490000000000000657, 0.8172553295144937557, 0.6420639680769230084 ) ) ;
#2061 = EDGE_LOOP ( 'NONE', ( #961, #929, #1859, #3059, #3247 ) ) ;
#2062 = LINE ( 'NONE', #3044, #2321 ) ;
#2063 = ORIENTED_EDGE ( 'NONE', *, *, #981, .T. ) ;
#2064 = CARTESIAN_POINT ( 'NONE',  ( 2.489999999999998881, -0.3948270974870726202, 0.7286466847284116533 ) ) ;
#2065 = CARTESIAN_POINT ( 'NONE',  ( 2.500000000000000000, -0.6829268292682927344, 0.4642601860016962179 ) ) ;
#2066 = AXIS2_PLACEMENT_3D ( 'NONE', #2240, #2259, #3021 ) ;
#2067 = ORIENTED_EDGE ( 'NONE', *, *, #2968, .T. ) ;
#2068 = DIRECTION ( 'NONE',  ( 0.000000000000000000, 1.000000000000000000, 0.000000000000000000 ) ) ;
#2069 = CARTESIAN_POINT ( 'NONE',  ( 2.490000000000000213, -0.6344276792902512341, 0.3025887750226535777 ) ) ;
#2070 = CARTESIAN_POINT ( 'NONE',  ( 2.500000000000000000, -0.6344276792902512341, 0.3025887750226535777 ) ) ;
#2071 = CARTESIAN_POINT ( 'NONE',  ( 2.489999999999999769, -0.3402335741721097540, 0.2353635065934929771 ) ) ;
#2072 = LINE ( 'NONE', #2602, #188 ) ;
#2073 = CARTESIAN_POINT ( 'NONE',  ( 2.500000000000000444, -0.4091822946474106271, 0.2194155179397346833 ) ) ;
#2074 = CARTESIAN_POINT ( 'NONE',  ( 2.490000000000000213, -0.7256097560975609539, 0.2236923506358425850 ) ) ;
#2075 = CARTESIAN_POINT ( 'NONE',  ( 2.490000000000000657, 0.8101486246691071980, 0.6524303159925495255 ) ) ;
#2076 = UNCERTAINTY_MEASURE_WITH_UNIT (LENGTH_MEASURE( 1.000000000000000082E-05 ), #1702, 'distance_accuracy_value', 'NONE');
#2077 = APPLICATION_CONTEXT ( 'automotive_design' ) ;
#2078 = ADVANCED_FACE ( 'NONE', ( #3287 ), #3033, .T. ) ;
#2079 = EDGE_LOOP ( 'NONE', ( #404, #2547, #3124, #108 ) ) ;
#2080 = DIRECTION ( 'NONE',  ( 1.000000000000000000, 0.000000000000000000, -0.000000000000000000 ) ) ;
#2081 = VERTEX_POINT ( 'NONE', #2454 ) ;
#2082 = CARTESIAN_POINT ( 'NONE',  ( 2.489999999999999769, -0.3359067750317611400, 0.7187913505427298011 ) ) ;
#2083 = CARTESIAN_POINT ( 'NONE',  ( -2.950000000000000178, 0.000000000000000000, 0.000000000000000000 ) ) ;
#2084 = ORIENTED_EDGE ( 'NONE', *, *, #2788, .F. ) ;
#2085 = CARTESIAN_POINT ( 'NONE',  ( 2.490000000000000657, -0.4348428862332496259, 0.6747671739826163195 ) ) ;
#2086 = CARTESIAN_POINT ( 'NONE',  ( 2.490000000000000213, -0.9817073170731707155, 0.7236923506358425850 ) ) ;
#2087 = STYLED_ITEM ( 'NONE', ( #856 ), #1623 ) ;
#2088 = VECTOR ( 'NONE', #2353, 1000.000000000000000 ) ;
#2089 = LINE ( 'NONE', #2771, #1835 ) ;
#2090 = CARTESIAN_POINT ( 'NONE',  ( 2.490000000000000213, -0.2134146341463417085, 0.7236923506358425850 ) ) ;
#2091 = B_SPLINE_SURFACE_WITH_KNOTS ( 'NONE', 3, 1, ( 
 ( #2789, #1728 ),
 ( #2527, #2494 ),
 ( #477, #1974 ),
 ( #3070, #2288 ),
 ( #3006, #3327 ),
 ( #753, #2323 ),
 ( #2576, #2644 ),
 ( #2591, #799 ),
 ( #1330, #1601 ),
 ( #3157, #819 ),
 ( #9, #287 ),
 ( #2375, #544 ),
 ( #562, #1279 ),
 ( #1586, #258 ),
 ( #1572, #1043 ),
 ( #2306, #1295 ),
 ( #1074, #2626 ),
 ( #2901, #1805 ),
 ( #306, #3088 ) ),
 .UNSPECIFIED., .F., .F., .F.,
 ( 4, 1, 1, 1, 1, 1, 1, 1, 1, 1, 1, 1, 1, 1, 1, 1, 4 ),
 ( 2, 2 ),
 ( 0.000000000000000000, 0.06460651091172689431, 0.1267073966769823867, 0.1867641584560547074, 0.2456160792896875389, 0.3036342601009776598, 0.3614875846788058178, 0.4202270435406769700, 0.4800225128200916735, 0.5406696917432136651, 0.6011857431162469512, 0.6623298436784399446, 0.7250194742551526739, 0.7894594567563147924, 0.8564992169370777564, 0.9263091979800034403, 1.000000000000000000 ),
 ( 0.000000000000000000, 1.000000000000000000 ),
 .UNSPECIFIED. ) ;
#2092 = FACE_OUTER_BOUND ( 'NONE', #2216, .T. ) ;
#2093 = CARTESIAN_POINT ( 'NONE',  ( 2.490000000000000213, 0.8205460169504996681, 0.6296506824965441007 ) ) ;
#2094 = EDGE_CURVE ( 'NONE', #3216, #1761, #2709, .T. ) ;
#2095 = LINE ( 'NONE', #1841, #1082 ) ;
#2096 = ORIENTED_EDGE ( 'NONE', *, *, #2691, .F. ) ;
#2097 = LINE ( 'NONE', #1876, #206 ) ;
#2098 = EDGE_CURVE ( 'NONE', #2184, #244, #1487, .T. ) ;
#2099 = ORIENTED_EDGE ( 'NONE', *, *, #1828, .F. ) ;
#2100 = CARTESIAN_POINT ( 'NONE',  ( 2.489999999999999769, -0.3668698776661521999, 0.6670549254444283482 ) ) ;
#2101 = CARTESIAN_POINT ( 'NONE',  ( 2.490000000000000213, -0.6093382724322714550, 0.4062261103780558935 ) ) ;
#2102 = CARTESIAN_POINT ( 'NONE',  ( 2.499999999999999112, -0.5546928072115361319, 0.3129081585331354720 ) ) ;
#2103 = UNCERTAINTY_MEASURE_WITH_UNIT (LENGTH_MEASURE( 1.000000000000000082E-05 ), #1318, 'distance_accuracy_value', 'NONE');
#2104 = CARTESIAN_POINT ( 'NONE',  ( 2.490000000000000213, -0.4393102134146342208, 0.2724728384407206216 ) ) ;
#2105 = ORIENTED_EDGE ( 'NONE', *, *, #187, .T. ) ;
#2106 = COLOUR_RGB ( '',1.000000000000000000, 1.000000000000000000, 1.000000000000000000 ) ;
#2107 = CARTESIAN_POINT ( 'NONE',  ( 2.490000000000000213, -0.9146341463414634498, 0.7236923506358425850 ) ) ;
#2108 = COLOUR_RGB ( '',0.8509803921568627194, 0.8509803921568627194, 0.8509803921568627194 ) ;
#2109 = LINE ( 'NONE', #2395, #976 ) ;
#2110 = DIRECTION ( 'NONE',  ( 0.000000000000000000, -1.000000000000000000, 0.000000000000000000 ) ) ;
#2111 = B_SPLINE_CURVE_WITH_KNOTS ( 'NONE', 3,
 ( #1363, #2672, #334, #1088, #2655, #1670, #886, #2617, #41, #2894, #595, #2404, #3168, #830, #869, #96, #577, #2934, #1395 ),
 .UNSPECIFIED., .F., .F.,
 ( 4, 1, 1, 1, 1, 1, 1, 1, 1, 1, 1, 1, 1, 1, 1, 1, 4 ),
 ( 0.000000000000000000, 0.07430465465554854376, 0.1443952781181648271, 0.2105019273834622673, 0.2732522160305339010, 0.3338170502200543677, 0.3925226560944680698, 0.4500811030809437341, 0.5078149268581264586, 0.5654598938738770730, 0.6231443696816657551, 0.6812935117568543752, 0.7409105056939426781, 0.8018534636194392107, 0.8652396812501955692, 0.9309408594192735142, 1.000000000000000000 ),
 .UNSPECIFIED. ) ;
#2112 = CARTESIAN_POINT ( 'NONE',  ( 2.500000000000000000, 0.5132828259655859426, 0.6219638090712250600 ) ) ;
#2113 = EDGE_CURVE ( 'NONE', #145, #2151, #1793, .T. ) ;
#2114 = FILL_AREA_STYLE_COLOUR ( '', #2647 ) ;
#2115 = ORIENTED_EDGE ( 'NONE', *, *, #1765, .F. ) ;
#2116 = PLANE ( 'NONE',  #3243 ) ;
#2117 = ORIENTED_EDGE ( 'NONE', *, *, #1645, .F. ) ;
#2118 = EDGE_CURVE ( 'NONE', #2667, #1117, #505, .T. ) ;
#2119 = CARTESIAN_POINT ( 'NONE',  ( 2.500000000000000888, -0.6474648266812450537, 0.3216418692040233229 ) ) ;
#2120 = CARTESIAN_POINT ( 'NONE',  ( 2.490000000000000213, -0.7256097560975609539, 0.2236923506358425850 ) ) ;
#2121 = LINE ( 'NONE', #2690, #351 ) ;
#2122 = CARTESIAN_POINT ( 'NONE',  ( 2.489999999999999769, -0.5971376686073915918, 0.3703139613039711509 ) ) ;
#2123 = CARTESIAN_POINT ( 'NONE',  ( 2.499999999999999556, -0.5107801034039830546, 0.2853809698617769119 ) ) ;
#2124 = CARTESIAN_POINT ( 'NONE',  ( 2.500000000000000000, -0.6158536585365854688, 0.4683569847821840160 ) ) ;
#2125 = CARTESIAN_POINT ( 'NONE',  ( 2.499999999999999556, 0.4613397204180565425, 0.2770961051194250624 ) ) ;
#2126 = CYLINDRICAL_SURFACE ( 'NONE', #1467, 2.950000000000000178 ) ;
#2127 = LINE ( 'NONE', #583, #3201 ) ;
#2128 = EDGE_LOOP ( 'NONE', ( #537, #1987, #1566, #1796, #174, #3143, #2429, #2496, #707, #2325, #1896, #1663 ) ) ;
#2129 = CARTESIAN_POINT ( 'NONE',  ( 2.499999999999999556, 0.4579672835350870885, 0.5944135526975160566 ) ) ;
#2130 = CARTESIAN_POINT ( 'NONE',  ( 2.499999999999998668, -0.3948270974870726202, 0.7286466847284116533 ) ) ;
#2131 = EDGE_LOOP ( 'NONE', ( #2511, #1115, #591, #2063, #2779, #1912, #926, #1892, #3231, #742, #3272, #1965 ) ) ;
#2132 = LINE ( 'NONE', #313, #1076 ) ;
#2133 = ORIENTED_EDGE ( 'NONE', *, *, #391, .T. ) ;
#2134 = SURFACE_STYLE_USAGE ( .BOTH. , #1613 ) ;
#2135 = CARTESIAN_POINT ( 'NONE',  ( 2.500000000000000000, -0.3109756097560976151, 0.6428996677090133005 ) ) ;
#2136 = LINE ( 'NONE', #1120, #422 ) ;
#2137 = DIRECTION ( 'NONE',  ( 0.000000000000000000, 0.000000000000000000, 1.000000000000000000 ) ) ;
#2138 = CARTESIAN_POINT ( 'NONE',  ( 2.490000000000000213, -0.7256097560975609539, 0.2785703994163303832 ) ) ;
#2139 = ADVANCED_FACE ( 'NONE', ( #1549 ), #1782, .T. ) ;
#2140 = VECTOR ( 'NONE', #2289, 1000.000000000000000 ) ;
#2141 = CARTESIAN_POINT ( 'NONE',  ( 2.499999999999991118, 0.2195121951219514145, 0.6688143018553547314 ) ) ;
#2142 = FACE_OUTER_BOUND ( 'NONE', #123, .T. ) ;
#2143 = STYLED_ITEM ( 'NONE', ( #1669 ), #3005 ) ;
#2144 = ORIENTED_EDGE ( 'NONE', *, *, #1787, .F. ) ;
#2145 = DIRECTION ( 'NONE',  ( -1.000000000000000000, 1.224646799147353207E-16, 0.000000000000000000 ) ) ;
#2146 = CARTESIAN_POINT ( 'NONE',  ( 2.490000000000000213, -0.2134146341463417085, 0.7236923506358425850 ) ) ;
#2147 = ORIENTED_EDGE ( 'NONE', *, *, #1542, .T. ) ;
#2148 = CARTESIAN_POINT ( 'NONE',  ( 2.500000000000000000, 0.8475609756097561842, 0.7236923506358425850 ) ) ;
#2149 = VECTOR ( 'NONE', #3369, 1000.000000000000000 ) ;
#2150 =( LENGTH_UNIT ( ) NAMED_UNIT ( * ) SI_UNIT ( .MILLI., .METRE. ) );
#2151 = VERTEX_POINT ( 'NONE', #1306 ) ;
#2152 =( NAMED_UNIT ( * ) SI_UNIT ( $, .STERADIAN. ) SOLID_ANGLE_UNIT ( ) );
#2153 = FILL_AREA_STYLE ('',( #2616 ) ) ;
#2154 = LINE ( 'NONE', #20, #1605 ) ;
#2155 = DIRECTION ( 'NONE',  ( 0.000000000000000000, -1.000000000000000000, 0.000000000000000000 ) ) ;
#2156 = FILL_AREA_STYLE_COLOUR ( '', #1136 ) ;
#2157 = EDGE_CURVE ( 'NONE', #3041, #3092, #1015, .T. ) ;
#2158 = CARTESIAN_POINT ( 'NONE',  ( 2.499999999999999556, 0.4808284194116039800, 0.4136700295926151183 ) ) ;
#2159 = CARTESIAN_POINT ( 'NONE',  ( 2.490000000000000213, -0.3109756097560976151, 0.7099728384407205661 ) ) ;
#2160 = DIRECTION ( 'NONE',  ( 0.000000000000000000, 1.000000000000000000, 0.000000000000000000 ) ) ;
#2161 = EDGE_CURVE ( 'NONE', #1962, #2044, #1034, .T. ) ;
#2162 = STYLED_ITEM ( 'NONE', ( #1956 ), #831 ) ;
#2163 = ORIENTED_EDGE ( 'NONE', *, *, #835, .T. ) ;
#2164 = DIRECTION ( 'NONE',  ( 0.000000000000000000, 1.000000000000000000, -0.000000000000000000 ) ) ;
#2165 = ORIENTED_EDGE ( 'NONE', *, *, #2542, .T. ) ;
#2166 = CARTESIAN_POINT ( 'NONE',  ( 2.490000000000000213, 0.04268292682926805998, 0.6688143018553547314 ) ) ;
#2167 = SURFACE_STYLE_FILL_AREA ( #1340 ) ;
#2168 = ORIENTED_EDGE ( 'NONE', *, *, #2802, .T. ) ;
#2169 = FILL_AREA_STYLE ('',( #1376 ) ) ;
#2170 = LINE ( 'NONE', #3203, #2677 ) ;
#2171 = DIRECTION ( 'NONE',  ( 1.000000000000000000, -0.000000000000000000, -0.000000000000000000 ) ) ;
#2172 = CARTESIAN_POINT ( 'NONE',  ( 2.490000000000000213, -0.3109756097560976151, 0.7099728384407205661 ) ) ;
#2173 = CARTESIAN_POINT ( 'NONE',  ( 2.490000000000000213, -0.4393102134146342208, 0.2724728384407206216 ) ) ;
#2174 = DIRECTION ( 'NONE',  ( 0.000000000000000000, 0.000000000000000000, -1.000000000000000000 ) ) ;
#2175 = CARTESIAN_POINT ( 'NONE',  ( 2.490000000000000213, 0.9695121951219513035, 0.2236923506358425850 ) ) ;
#2176 = UNCERTAINTY_MEASURE_WITH_UNIT (LENGTH_MEASURE( 1.000000000000000082E-05 ), #2933, 'distance_accuracy_value', 'NONE');
#2177 = ADVANCED_FACE ( 'NONE', ( #2017 ), #470, .T. ) ;
#2178 = ORIENTED_EDGE ( 'NONE', *, *, #2337, .T. ) ;
#2179 = CARTESIAN_POINT ( 'NONE',  ( 2.490000000000000213, -0.4280678353658536883, 0.6749118628309644929 ) ) ;
#2180 = DIRECTION ( 'NONE',  ( 0.000000000000000000, 0.000000000000000000, -1.000000000000000000 ) ) ;
#2181 = VERTEX_POINT ( 'NONE', #2551 ) ;
#2182 = DIRECTION ( 'NONE',  ( -1.000000000000000000, 0.000000000000000000, 0.000000000000000000 ) ) ;
#2183 = EDGE_CURVE ( 'NONE', #1287, #1083, #2827, .T. ) ;
#2184 = VERTEX_POINT ( 'NONE', #253 ) ;
#2185 = CARTESIAN_POINT ( 'NONE',  ( 2.490000000000000657, 0.8154254375407996580, 0.6517807940665286681 ) ) ;
#2186 = LINE ( 'NONE', #1184, #16 ) ;
#2187 = FILL_AREA_STYLE ('',( #2470 ) ) ;
#2188 = CARTESIAN_POINT ( 'NONE',  ( 2.490000000000001101, -0.6653537604718505749, 0.5721956776630960917 ) ) ;
#2189 =( NAMED_UNIT ( * ) SI_UNIT ( $, .STERADIAN. ) SOLID_ANGLE_UNIT ( ) );
#2190 = CARTESIAN_POINT ( 'NONE',  ( 2.490000000000000213, 0.5367801690928424296, 0.3752440545629748270 ) ) ;
#2191 = CARTESIAN_POINT ( 'NONE',  ( 2.490000000000000657, 0.8101486246691071980, 0.6524303159925495255 ) ) ;
#2192 =( LENGTH_UNIT ( ) NAMED_UNIT ( * ) SI_UNIT ( .MILLI., .METRE. ) );
#2193 = FACE_OUTER_BOUND ( 'NONE', #209, .T. ) ;
#2194 = CARTESIAN_POINT ( 'NONE',  ( 2.489999999999999769, 0.4470201242879411341, 0.6086777766394559919 ) ) ;
#2195 = VECTOR ( 'NONE', #955, 1000.000000000000000 ) ;
#2196 = VECTOR ( 'NONE', #1986, 1000.000000000000000 ) ;
#2197 = CARTESIAN_POINT ( 'NONE',  ( 2.490000000000000213, -0.4280678353658536883, 0.6749118628309644929 ) ) ;
#2198 = EDGE_CURVE ( 'NONE', #531, #377, #3285, .T. ) ;
#2199 = VERTEX_POINT ( 'NONE', #2584 ) ;
#2200 = DIRECTION ( 'NONE',  ( 0.000000000000000000, -1.000000000000000000, 0.000000000000000000 ) ) ;
#2201 = EDGE_LOOP ( 'NONE', ( #2096, #1648, #3159, #959 ) ) ;
#2202 = FACE_OUTER_BOUND ( 'NONE', #127, .T. ) ;
#2203 = ADVANCED_FACE ( 'NONE', ( #2299 ), #2493, .T. ) ;
#2204 = CARTESIAN_POINT ( 'NONE',  ( 2.490000000000000657, -0.5296546553236208821, 0.7120467362267794975 ) ) ;
#2205 = B_SPLINE_SURFACE_WITH_KNOTS ( 'NONE', 3, 1, ( 
 ( #1718, #2497 ),
 ( #960, #2231 ),
 ( #176, #1217 ),
 ( #2217, #914 ),
 ( #2185, #659 ),
 ( #1668, #2736 ),
 ( #3266, #414 ) ),
 .UNSPECIFIED., .F., .F., .F.,
 ( 4, 1, 1, 1, 4 ),
 ( 2, 2 ),
 ( 0.000000000000000000, 0.1744817153170502844, 0.3982857591281139809, 0.6738978473986654283, 1.000000000000000000 ),
 ( 0.000000000000000000, 1.000000000000000000 ),
 .UNSPECIFIED. ) ;
#2206 = SURFACE_SIDE_STYLE ('',( #678 ) ) ;
#2207 = SURFACE_SIDE_STYLE ('',( #645 ) ) ;
#2208 = DIRECTION ( 'NONE',  ( 0.000000000000000000, 1.000000000000000000, -0.000000000000000000 ) ) ;
#2209 = ORIENTED_EDGE ( 'NONE', *, *, #3363, .T. ) ;
#2210 = FACE_OUTER_BOUND ( 'NONE', #1708, .T. ) ;
#2211 = EDGE_LOOP ( 'NONE', ( #1995, #251, #1776, #2342 ) ) ;
#2212 = LINE ( 'NONE', #1511, #2568 ) ;
#2213 = ORIENTED_EDGE ( 'NONE', *, *, #3086, .F. ) ;
#2214 =( NAMED_UNIT ( * ) PLANE_ANGLE_UNIT ( ) SI_UNIT ( $, .RADIAN. ) );
#2215 = VECTOR ( 'NONE', #141, 1000.000000000000000 ) ;
#2216 = EDGE_LOOP ( 'NONE', ( #2115, #2025, #1853, #2830, #2792, #1202, #2725, #705 ) ) ;
#2217 = CARTESIAN_POINT ( 'NONE',  ( 2.490000000000000213, 0.8172553295144937557, 0.6420639680769230084 ) ) ;
#2218 = EDGE_LOOP ( 'NONE', ( #1763, #3164, #152, #771 ) ) ;
#2219 = DIRECTION ( 'NONE',  ( 0.000000000000000000, 1.000000000000000000, 0.000000000000000000 ) ) ;
#2220 = CARTESIAN_POINT ( 'NONE',  ( 2.499999999999999556, 0.3127223737585936303, 0.2790509430487303488 ) ) ;
#2221 = ADVANCED_FACE ( 'NONE', ( #280 ), #297, .T. ) ;
#2222 = SURFACE_STYLE_USAGE ( .BOTH. , #2207 ) ;
#2223 = DIRECTION ( 'NONE',  ( 0.000000000000000000, 0.000000000000000000, -1.000000000000000000 ) ) ;
#2224 = CARTESIAN_POINT ( 'NONE',  ( 2.500000000000000444, 0.2883955792682930119, 0.2236923506358425850 ) ) ;
#2225 = ORIENTED_EDGE ( 'NONE', *, *, #3339, .F. ) ;
#2226 =( NAMED_UNIT ( * ) SI_UNIT ( $, .STERADIAN. ) SOLID_ANGLE_UNIT ( ) );
#2227 = CARTESIAN_POINT ( 'NONE',  ( 2.500000000000000000, 0.5132828259655859426, 0.6219638090712250600 ) ) ;
#2228 = ORIENTED_EDGE ( 'NONE', *, *, #747, .T. ) ;
#2229 = LINE ( 'NONE', #2464, #2215 ) ;
#2230 = ORIENTED_EDGE ( 'NONE', *, *, #523, .T. ) ;
#2231 = CARTESIAN_POINT ( 'NONE',  ( 2.500000000000000000, 0.8205460169504996681, 0.6296506824965441007 ) ) ;
#2232 = CARTESIAN_POINT ( 'NONE',  ( 2.500000000000001332, -0.6653537604718505749, 0.5721956776630960917 ) ) ;
#2233 = CARTESIAN_POINT ( 'NONE',  ( 2.500000000000000000, 0.2904916158536587911, 0.2785703994163303832 ) ) ;
#2234 = DIRECTION ( 'NONE',  ( 0.000000000000000000, 0.000000000000000000, 1.000000000000000000 ) ) ;
#2235 = CARTESIAN_POINT ( 'NONE',  ( -1.020000000000000018, -0.2499999999999998335, 0.000000000000000000 ) ) ;
#2236 = ADVANCED_FACE ( 'NONE', ( #1393 ), #2615, .F. ) ;
#2237 = ORIENTED_EDGE ( 'NONE', *, *, #1142, .T. ) ;
#2238 = CARTESIAN_POINT ( 'NONE',  ( 2.490000000000000213, 0.1524390243902441211, 0.2236923506358425850 ) ) ;
#2239 = EDGE_CURVE ( 'NONE', #740, #2516, #2653, .T. ) ;
#2240 = CARTESIAN_POINT ( 'NONE',  ( 2.490000000000000213, 0.2932545731707319470, 0.6688143018553547314 ) ) ;
#2241 =( LENGTH_UNIT ( ) NAMED_UNIT ( * ) SI_UNIT ( .MILLI., .METRE. ) );
#2242 = ORIENTED_EDGE ( 'NONE', *, *, #1765, .T. ) ;
#2243 = COLOUR_RGB ( '',1.000000000000000000, 1.000000000000000000, 1.000000000000000000 ) ;
#2244 = AXIS2_PLACEMENT_3D ( 'NONE', #3186, #2347, #1899 ) ;
#2245 = ORIENTED_EDGE ( 'NONE', *, *, #1542, .F. ) ;
#2246 = CARTESIAN_POINT ( 'NONE',  ( 2.490000000000000657, 0.4193083540477331450, 0.6982815804155321215 ) ) ;
#2247 = ORIENTED_EDGE ( 'NONE', *, *, #1105, .T. ) ;
#2248 = CARTESIAN_POINT ( 'NONE',  ( 2.500000000000000444, -0.6788937982549133610, 0.5208638723568240758 ) ) ;
#2249 = VECTOR ( 'NONE', #1840, 1000.000000000000114 ) ;
#2250 = CARTESIAN_POINT ( 'NONE',  ( 2.500000000000000444, 0.3538631568874748279, 0.6624959987481771062 ) ) ;
#2251 = CARTESIAN_POINT ( 'NONE',  ( 2.490000000000000657, 0.3703077036300180813, 0.2330015658202250206 ) ) ;
#2252 = ORIENTED_EDGE ( 'NONE', *, *, #791, .F. ) ;
#2253 = CARTESIAN_POINT ( 'NONE',  ( 2.490000000000000213, 0.8082893805652041630, 0.6430058272639380679 ) ) ;
#2254 = EDGE_CURVE ( 'NONE', #1926, #2199, #2863, .T. ) ;
#2255 = CARTESIAN_POINT ( 'NONE',  ( 2.499999999999999556, -0.5787646788785794083, 0.3390725677117311654 ) ) ;
#2256 = CARTESIAN_POINT ( 'NONE',  ( 2.490000000000000213, 0.2195121951219514422, 0.6688143018553547314 ) ) ;
#2257 = CARTESIAN_POINT ( 'NONE',  ( 2.490000000000000657, -0.3968518678333565197, 0.6730538140114585843 ) ) ;
#2258 = ADVANCED_FACE ( 'NONE', ( #2965 ), #3250, .F. ) ;
#2259 = DIRECTION ( 'NONE',  ( 0.000000000000000000, 0.000000000000000000, 1.000000000000000000 ) ) ;
#2260 = PLANE ( 'NONE',  #951 ) ;
#2261 = EDGE_LOOP ( 'NONE', ( #1250, #1496, #1591, #194 ) ) ;
#2262 = ORIENTED_EDGE ( 'NONE', *, *, #2444, .T. ) ;
#2263 = SURFACE_STYLE_USAGE ( .BOTH. , #3367 ) ;
#2264 = CARTESIAN_POINT ( 'NONE',  ( 2.490000000000000657, -0.4228260513954066324, 0.7297482393936483014 ) ) ;
#2265 = VECTOR ( 'NONE', #1349, 1000.000000000000000 ) ;
#2266 = DIRECTION ( 'NONE',  ( -0.000000000000000000, -0.000000000000000000, 1.000000000000000000 ) ) ;
#2267 =( GEOMETRIC_REPRESENTATION_CONTEXT ( 3 ) GLOBAL_UNCERTAINTY_ASSIGNED_CONTEXT ( ( #2076 ) ) GLOBAL_UNIT_ASSIGNED_CONTEXT ( ( #1702, #943, #1685 ) ) REPRESENTATION_CONTEXT ( 'NONE', 'WORKASPACE' ) );
#2268 = CARTESIAN_POINT ( 'NONE',  ( 2.490000000000000213, -0.9146341463414634498, 0.2785703994163303832 ) ) ;
#2269 = CARTESIAN_POINT ( 'NONE',  ( 2.490000000000000657, -0.3494659985123483303, 0.7222801398054289335 ) ) ;
#2270 = CARTESIAN_POINT ( 'NONE',  ( 2.499999999999999112, 0.3441520247636225549, 0.2276940765921870724 ) ) ;
#2271 =( GEOMETRIC_REPRESENTATION_CONTEXT ( 3 ) GLOBAL_UNCERTAINTY_ASSIGNED_CONTEXT ( ( #1197 ) ) GLOBAL_UNIT_ASSIGNED_CONTEXT ( ( #3229, #2021, #1244 ) ) REPRESENTATION_CONTEXT ( 'NONE', 'WORKASPACE' ) );
#2272 = CARTESIAN_POINT ( 'NONE',  ( 2.500000000000000000, 0.03048780487804853695, 0.5041801555138913926 ) ) ;
#2273 = FACE_OUTER_BOUND ( 'NONE', #2733, .T. ) ;
#2274 = CARTESIAN_POINT ( 'NONE',  ( 2.490000000000000213, -0.3154158025699770329, 0.6454797542047527870 ) ) ;
#2275 = CARTESIAN_POINT ( 'NONE',  ( 2.500000000000000000, 0.5542881074801210284, 0.5067663995250276665 ) ) ;
#2276 =( NAMED_UNIT ( * ) SI_UNIT ( $, .STERADIAN. ) SOLID_ANGLE_UNIT ( ) );
#2277 = VERTEX_POINT ( 'NONE', #676 ) ;
#2278 = ADVANCED_FACE ( 'NONE', ( #1980 ), #1152, .T. ) ;
#2279 = EDGE_LOOP ( 'NONE', ( #1009, #673, #2977, #1299 ) ) ;
#2280 = ORIENTED_EDGE ( 'NONE', *, *, #3275, .F. ) ;
#2281 = ADVANCED_FACE ( 'NONE', ( #2202 ), #2205, .T. ) ;
#2282 = DIRECTION ( 'NONE',  ( 0.000000000000000000, 1.000000000000000000, 0.000000000000000000 ) ) ;
#2283 = CARTESIAN_POINT ( 'NONE',  ( 2.490000000000000213, 0.5914634146341464227, 0.2236923506358425850 ) ) ;
#2284 = CARTESIAN_POINT ( 'NONE',  ( 2.490000000000000657, -0.6129639678246572299, 0.5130863107404902701 ) ) ;
#2285 = CARTESIAN_POINT ( 'NONE',  ( 2.490000000000001545, 0.4677927957049971552, 0.3766155172095924097 ) ) ;
#2286 = LINE ( 'NONE', #2801, #3020 ) ;
#2287 =( NAMED_UNIT ( * ) PLANE_ANGLE_UNIT ( ) SI_UNIT ( $, .RADIAN. ) );
#2288 = CARTESIAN_POINT ( 'NONE',  ( 2.499999999999999556, -0.4675357483784615686, 0.6716646689791242464 ) ) ;
#2289 = DIRECTION ( 'NONE',  ( 1.000000000000000000, -0.000000000000000000, -0.000000000000000000 ) ) ;
#2290 = ORIENTED_EDGE ( 'NONE', *, *, #2651, .F. ) ;
#2291 = ORIENTED_EDGE ( 'NONE', *, *, #1991, .T. ) ;
#2292 = EDGE_CURVE ( 'NONE', #865, #1426, #1432, .T. ) ;
#2293 = EDGE_LOOP ( 'NONE', ( #2165, #2417, #2544, #589, #1777 ) ) ;
#2294 = CARTESIAN_POINT ( 'NONE',  ( 2.490000000000000213, -0.6158536585365854688, 0.4683569847821840160 ) ) ;
#2295 = CARTESIAN_POINT ( 'NONE',  ( 2.500000000000000888, -0.5519129238497079148, 0.7016391584110439616 ) ) ;
#2296 = COLOUR_RGB ( '',1.000000000000000000, 1.000000000000000000, 1.000000000000000000 ) ;
#2297 = CARTESIAN_POINT ( 'NONE',  ( 2.490000000000001101, 0.4980351702342496467, 0.6407489095545410018 ) ) ;
#2298 = ADVANCED_FACE ( 'NONE', ( #1514 ), #3026, .T. ) ;
#2299 = FACE_OUTER_BOUND ( 'NONE', #29, .T. ) ;
#2300 = VECTOR ( 'NONE', #342, 1000.000000000000000 ) ;
#2301 = VECTOR ( 'NONE', #750, 1000.000000000000000 ) ;
#2302 = CARTESIAN_POINT ( 'NONE',  ( 2.490000000000000657, -0.4742040637798604630, 0.2181699650064974905 ) ) ;
#2303 = CARTESIAN_POINT ( 'NONE',  ( 2.490000000000000213, 0.2195121951219514422, 0.6688143018553547314 ) ) ;
#2304 = CARTESIAN_POINT ( 'NONE',  ( 2.499999999999999112, -0.3381595203132156668, 0.6570383559425421183 ) ) ;
#2305 = CARTESIAN_POINT ( 'NONE',  ( 2.489999999999999769, -0.3402335741721097540, 0.2353635065934929771 ) ) ;
#2306 = CARTESIAN_POINT ( 'NONE',  ( 2.490000000000000657, -0.6129639678246572299, 0.5130863107404902701 ) ) ;
#2307 = CARTESIAN_POINT ( 'NONE',  ( 2.490000000000000213, 0.8118330792682927344, 0.6627167408797449699 ) ) ;
#2308 = ORIENTED_EDGE ( 'NONE', *, *, #3317, .F. ) ;
#2309 = CARTESIAN_POINT ( 'NONE',  ( 2.490000000000000213, 0.5542881074801210284, 0.5067663995250276665 ) ) ;
#2310 = ORIENTED_EDGE ( 'NONE', *, *, #2481, .F. ) ;
#2311 = FACE_OUTER_BOUND ( 'NONE', #1512, .T. ) ;
#2312 = CARTESIAN_POINT ( 'NONE',  ( 2.500000000000000444, -0.6282731187467689438, 0.6382985933144245116 ) ) ;
#2313 = ORIENTED_EDGE ( 'NONE', *, *, #935, .T. ) ;
#2314 = PRESENTATION_LAYER_ASSIGNMENT (  '', '', ( #1571 ) ) ;
#2315 = CARTESIAN_POINT ( 'NONE',  ( 2.490000000000000213, -0.5761359759601083486, 0.6047438974713337245 ) ) ;
#2316 = CARTESIAN_POINT ( 'NONE',  ( 2.489999999999999325, -0.5446168912452445943, 0.2339902657615163251 ) ) ;
#2317 = EDGE_CURVE ( 'NONE', #1970, #2024, #1809, .T. ) ;
#2318 = CARTESIAN_POINT ( 'NONE',  ( 2.500000000000000000, -0.4485518292682927344, 0.2175947896602328235 ) ) ;
#2319 = SURFACE_STYLE_FILL_AREA ( #1054 ) ;
#2320 = CARTESIAN_POINT ( 'NONE',  ( 0.000000000000000000, 0.000000000000000000, 0.000000000000000000 ) ) ;
#2321 = VECTOR ( 'NONE', #227, 1000.000000000000000 ) ;
#2322 = VECTOR ( 'NONE', #1053, 1000.000000000000000 ) ;
#2323 = CARTESIAN_POINT ( 'NONE',  ( 2.499999999999999556, -0.5035491013290535056, 0.6611919060258002467 ) ) ;
#2324 = CARTESIAN_POINT ( 'NONE',  ( 2.490000000000000213, -0.1463414634146343873, 0.5041801555138913926 ) ) ;
#2325 = ORIENTED_EDGE ( 'NONE', *, *, #1666, .F. ) ;
#2326 = SURFACE_STYLE_FILL_AREA ( #1762 ) ;
#2327 = AXIS2_PLACEMENT_3D ( 'NONE', #2606, #1094, #782 ) ;
#2328 = EDGE_LOOP ( 'NONE', ( #2597, #2463, #2237, #2168 ) ) ;
#2329 = CARTESIAN_POINT ( 'NONE',  ( 2.500000000000000444, -0.3494659985123483303, 0.7222801398054289335 ) ) ;
#2330 = CARTESIAN_POINT ( 'NONE',  ( 2.500000000000000000, 0.05487804878048758300, 0.2236923506358425850 ) ) ;
#2331 = ORIENTED_EDGE ( 'NONE', *, *, #2694, .T. ) ;
#2332 = CARTESIAN_POINT ( 'NONE',  ( 2.490000000000000213, 0.6646341463414634498, 0.2236923506358425850 ) ) ;
#2333 = CARTESIAN_POINT ( 'NONE',  ( 2.490000000000000213, 0.4480723509810953797, 0.3448901576796450374 ) ) ;
#2334 = CARTESIAN_POINT ( 'NONE',  ( 2.500000000000000000, 0.03048780487804853695, 0.5041801555138913926 ) ) ;
#2335 = CARTESIAN_POINT ( 'NONE',  ( 2.489999999999999325, -0.5546928072115361319, 0.3129081585331354720 ) ) ;
#2336 = SURFACE_STYLE_USAGE ( .BOTH. , #542 ) ;
#2337 = EDGE_CURVE ( 'NONE', #1126, #3075, #1282, .T. ) ;
#2338 = CARTESIAN_POINT ( 'NONE',  ( -1.019999999999999796, 0.2500000000000001665, 0.000000000000000000 ) ) ;
#2339 = DIRECTION ( 'NONE',  ( -1.000000000000000000, 0.000000000000000000, -0.000000000000000000 ) ) ;
#2340 = DIRECTION ( 'NONE',  ( -0.000000000000000000, -0.000000000000000000, 1.000000000000000000 ) ) ;
#2341 = EDGE_CURVE ( 'NONE', #2514, #1579, #2062, .T. ) ;
#2342 = ORIENTED_EDGE ( 'NONE', *, *, #106, .T. ) ;
#2343 = DIRECTION ( 'NONE',  ( 0.000000000000000000, -1.000000000000000000, -0.000000000000000000 ) ) ;
#2344 = VERTEX_POINT ( 'NONE', #2763 ) ;
#2345 = CARTESIAN_POINT ( 'NONE',  ( 2.500000000000000000, -0.6195339051626860272, 0.2849727916129360383 ) ) ;
#2346 = LINE ( 'NONE', #1289, #3170 ) ;
#2347 = DIRECTION ( 'NONE',  ( 0.000000000000000000, 0.000000000000000000, 1.000000000000000000 ) ) ;
#2348 = VECTOR ( 'NONE', #2340, 1000.000000000000000 ) ;
#2349 = VECTOR ( 'NONE', #1000, 1000.000000000000000 ) ;
#2350 = CARTESIAN_POINT ( 'NONE',  ( 2.490000000000000213, 0.8211699695121952303, 0.6276557652699888967 ) ) ;
#2351 = CARTESIAN_POINT ( 'NONE',  ( 2.490000000000000213, -0.4457335799464277604, 0.2726383410807856067 ) ) ;
#2352 = LINE ( 'NONE', #2020, #2895 ) ;
#2353 = DIRECTION ( 'NONE',  ( 0.000000000000000000, 1.000000000000000000, 0.000000000000000000 ) ) ;
#2354 = VERTEX_POINT ( 'NONE', #724 ) ;
#2355 = ADVANCED_FACE ( 'NONE', ( #2013 ), #2515, .T. ) ;
#2356 = LINE ( 'NONE', #2920, #3082 ) ;
#2357 = CARTESIAN_POINT ( 'NONE',  ( 2.500000000000000000, 0.8045857424527086410, 0.6299347042733699498 ) ) ;
#2358 = CARTESIAN_POINT ( 'NONE',  ( -1.019999999999999796, 0.2500000000000001665, -3.500000000000000000 ) ) ;
#2359 = ADVANCED_FACE ( 'NONE', ( #517, #1562, #262 ), #1235, .F. ) ;
#2360 = CARTESIAN_POINT ( 'NONE',  ( 2.490000000000000657, 0.4193083540477331450, 0.6982815804155321215 ) ) ;
#2361 = SURFACE_STYLE_USAGE ( .BOTH. , #2850 ) ;
#2362 = EDGE_LOOP ( 'NONE', ( #944, #347, #975, #93 ) ) ;
#2363 = CARTESIAN_POINT ( 'NONE',  ( 2.490000000000000213, -0.7256097560975609539, 0.2785703994163303832 ) ) ;
#2364 =( NAMED_UNIT ( * ) SI_UNIT ( $, .STERADIAN. ) SOLID_ANGLE_UNIT ( ) );
#2365 = ORIENTED_EDGE ( 'NONE', *, *, #981, .F. ) ;
#2366 = CARTESIAN_POINT ( 'NONE',  ( 2.490000000000000657, -0.4285799291129851474, 0.2178290264340283222 ) ) ;
#2367 = CARTESIAN_POINT ( 'NONE',  ( 2.489999999999999325, -0.5848848831705555362, 0.2552326032304723102 ) ) ;
#2368 = DIRECTION ( 'NONE',  ( 1.000000000000000000, -6.621999515029754267E-14, -8.525974975256529705E-13 ) ) ;
#2369 = CARTESIAN_POINT ( 'NONE',  ( 2.500000000000000888, -0.5887249747344370787, 0.3541177474861802454 ) ) ;
#2370 = CARTESIAN_POINT ( 'NONE',  ( 2.490000000000000657, 0.5506623980646333516, 0.4250089634534959804 ) ) ;
#2371 = ORIENTED_EDGE ( 'NONE', *, *, #2094, .T. ) ;
#2372 = AXIS2_PLACEMENT_3D ( 'NONE', #411, #2182, #1941 ) ;
#2373 = DIRECTION ( 'NONE',  ( 0.000000000000000000, 0.9407669869669988971, 0.3390537954853693470 ) ) ;
#2374 =( GEOMETRIC_REPRESENTATION_CONTEXT ( 3 ) GLOBAL_UNCERTAINTY_ASSIGNED_CONTEXT ( ( #784 ) ) GLOBAL_UNIT_ASSIGNED_CONTEXT ( ( #3093, #3334, #3074 ) ) REPRESENTATION_CONTEXT ( 'NONE', 'WORKASPACE' ) );
#2375 = CARTESIAN_POINT ( 'NONE',  ( 2.489999999999999769, -0.5866929831863368916, 0.5887786499939665630 ) ) ;
#2376 = CARTESIAN_POINT ( 'NONE',  ( 2.500000000000000000, 0.8038300304878049918, 0.6276557652699888967 ) ) ;
#2377 = AXIS2_PLACEMENT_3D ( 'NONE', #2632, #2928, #1114 ) ;
#2378 = VERTEX_POINT ( 'NONE', #1608 ) ;
#2379 = DIRECTION ( 'NONE',  ( 1.000000000000000000, -0.000000000000000000, -0.000000000000000000 ) ) ;
#2380 = AXIS2_PLACEMENT_3D ( 'NONE', #3213, #603, #1440 ) ;
#2381 = FACE_OUTER_BOUND ( 'NONE', #140, .T. ) ;
#2382 = EDGE_CURVE ( 'NONE', #776, #3314, #1630, .T. ) ;
#2383 = VERTEX_POINT ( 'NONE', #566 ) ;
#2384 = DIRECTION ( 'NONE',  ( 0.000000000000000000, 0.000000000000000000, 1.000000000000000000 ) ) ;
#2385 = AXIS2_PLACEMENT_3D ( 'NONE', #1885, #1401, #2922 ) ;
#2386 = ORIENTED_EDGE ( 'NONE', *, *, #1460, .T. ) ;
#2387 =( NAMED_UNIT ( * ) PLANE_ANGLE_UNIT ( ) SI_UNIT ( $, .RADIAN. ) );
#2388 = ADVANCED_FACE ( 'NONE', ( #2381 ), #54, .T. ) ;
#2389 = LINE ( 'NONE', #625, #736 ) ;
#2390 = FACE_OUTER_BOUND ( 'NONE', #759, .T. ) ;
#2391 = CARTESIAN_POINT ( 'NONE',  ( 2.490000000000000213, 0.7292301829268293956, 0.4188143018553547869 ) ) ;
#2392 =( LENGTH_UNIT ( ) NAMED_UNIT ( * ) SI_UNIT ( .MILLI., .METRE. ) );
#2393 = CARTESIAN_POINT ( 'NONE',  ( 2.490000000000000213, 0.4185497136480041402, 0.2506155361583989327 ) ) ;
#2394 =( NAMED_UNIT ( * ) PLANE_ANGLE_UNIT ( ) SI_UNIT ( $, .RADIAN. ) );
#2395 = CARTESIAN_POINT ( 'NONE',  ( -1.520000000000000018, -0.2499999999999998335, 0.000000000000000000 ) ) ;
#2396 = DIRECTION ( 'NONE',  ( -1.000000000000000000, 0.000000000000000000, -0.000000000000000000 ) ) ;
#2397 = VERTEX_POINT ( 'NONE', #1098 ) ;
#2398 = CARTESIAN_POINT ( 'NONE',  ( 2.500000000000000000, 0.4672792127874043633, 0.5786893683911880082 ) ) ;
#2399 = FACE_OUTER_BOUND ( 'NONE', #413, .T. ) ;
#2400 = VERTEX_POINT ( 'NONE', #1644 ) ;
#2401 = CARTESIAN_POINT ( 'NONE',  ( 2.490000000000000213, -0.9817073170731707155, 0.7236923506358425850 ) ) ;
#2402 = ORIENTED_EDGE ( 'NONE', *, *, #2028, .T. ) ;
#2403 = CARTESIAN_POINT ( 'NONE',  ( 2.490000000000000657, -0.3968518678333565197, 0.6730538140114585843 ) ) ;
#2404 = CARTESIAN_POINT ( 'NONE',  ( 2.489999999999999325, 0.4054168803303309643, 0.6422484309946466796 ) ) ;
#2405 = EDGE_CURVE ( 'NONE', #1269, #1822, #291, .T. ) ;
#2406 = LINE ( 'NONE', #335, #599 ) ;
#2407 = DIRECTION ( 'NONE',  ( -1.000000000000000000, 0.000000000000000000, -0.000000000000000000 ) ) ;
#2408 = CARTESIAN_POINT ( 'NONE',  ( 2.500000000000000444, 0.5546761151791655964, 0.4705366681387654348 ) ) ;
#2409 = CIRCLE ( 'NONE', #1387, 2.950000000000000178 ) ;
#2410 = CIRCLE ( 'NONE', #2681, 2.500000000000000000 ) ;
#2411 = FILL_AREA_STYLE_COLOUR ( '', #716 ) ;
#2412 = CARTESIAN_POINT ( 'NONE',  ( 2.500000000000000000, 0.4848398091016566935, 0.5226871365839698136 ) ) ;
#2413 = PRESENTATION_STYLE_ASSIGNMENT (( #2361 ) ) ;
#2414 = VERTEX_POINT ( 'NONE', #1337 ) ;
#2415 = CARTESIAN_POINT ( 'NONE',  ( 0.000000000000000000, 0.000000000000000000, 1.000000000000000000 ) ) ;
#2416 = APPLICATION_PROTOCOL_DEFINITION ( 'draft international standard', 'automotive_design', 1998, #629 ) ;
#2417 = ORIENTED_EDGE ( 'NONE', *, *, #2529, .T. ) ;
#2418 =( LENGTH_UNIT ( ) NAMED_UNIT ( * ) SI_UNIT ( .MILLI., .METRE. ) );
#2419 = DIRECTION ( 'NONE',  ( 1.000000000000000000, 0.000000000000000000, 0.000000000000000000 ) ) ;
#2420 = CARTESIAN_POINT ( 'NONE',  ( 2.490000000000000213, -0.9146341463414634498, 0.2785703994163303832 ) ) ;
#2421 = LINE ( 'NONE', #3172, #481 ) ;
#2422 = CARTESIAN_POINT ( 'NONE',  ( 2.500000000000000000, 0.4878048780487806990, 0.4785513445382816311 ) ) ;
#2423 = EDGE_CURVE ( 'NONE', #2945, #3041, #937, .T. ) ;
#2424 = CARTESIAN_POINT ( 'NONE',  ( 2.500000000000000000, -0.6154435547096063219, 0.4467688983061606778 ) ) ;
#2425 = VECTOR ( 'NONE', #1818, 1000.000000000000000 ) ;
#2426 = FACE_OUTER_BOUND ( 'NONE', #3179, .T. ) ;
#2427 = LINE ( 'NONE', #2179, #2518 ) ;
#2428 = CARTESIAN_POINT ( 'NONE',  ( 2.490000000000000213, -0.3109756097560976151, 0.6428996677090133005 ) ) ;
#2429 = ORIENTED_EDGE ( 'NONE', *, *, #2341, .F. ) ;
#2430 = CARTESIAN_POINT ( 'NONE',  ( 2.500000000000000000, 0.6646341463414634498, 0.2236923506358425850 ) ) ;
#2431 = VECTOR ( 'NONE', #85, 1000.000000000000000 ) ;
#2432 = VERTEX_POINT ( 'NONE', #1874 ) ;
#2433 = CARTESIAN_POINT ( 'NONE',  ( 2.490000000000000657, 0.5262452397905713619, 0.6017584022771551577 ) ) ;
#2434 = DIRECTION ( 'NONE',  ( 0.000000000000000000, -0.3363908276654484220, -0.9417224702971437322 ) ) ;
#2435 = PLANE ( 'NONE',  #1008 ) ;
#2436 = CARTESIAN_POINT ( 'NONE',  ( 2.490000000000000213, 0.04268292682926805998, 0.7236923506358425850 ) ) ;
#2437 = CARTESIAN_POINT ( 'NONE',  ( 2.500000000000000000, -0.6088888659452962315, 0.5338116185977279660 ) ) ;
#2438 = DIRECTION ( 'NONE',  ( 0.000000000000000000, -1.000000000000000000, 0.000000000000000000 ) ) ;
#2439 = CARTESIAN_POINT ( 'NONE',  ( 2.490000000000000213, 0.8112500380320645244, 0.6591562947356345292 ) ) ;
#2440 = ADVANCED_FACE ( 'NONE', ( #2399 ), #805, .F. ) ;
#2441 = CARTESIAN_POINT ( 'NONE',  ( 2.499999999999999556, 0.8191217334991176546, 0.6342044382899948429 ) ) ;
#2442 = FILL_AREA_STYLE ('',( #3211 ) ) ;
#2443 = UNCERTAINTY_MEASURE_WITH_UNIT (LENGTH_MEASURE( 1.000000000000000082E-05 ), #465, 'distance_accuracy_value', 'NONE');
#2444 = EDGE_CURVE ( 'NONE', #1099, #415, #2095, .T. ) ;
#2445 = ORIENTED_EDGE ( 'NONE', *, *, #3194, .T. ) ;
#2446 = CARTESIAN_POINT ( 'NONE',  ( 2.489999999999999325, 0.3721065914857923373, 0.6572247212180161169 ) ) ;
#2447 = CARTESIAN_POINT ( 'NONE',  ( 2.500000000000000000, -0.3154158025699770329, 0.6454797542047527870 ) ) ;
#2448 = VERTEX_POINT ( 'NONE', #588 ) ;
#2449 = ORIENTED_EDGE ( 'NONE', *, *, #2056, .F. ) ;
#2450 = SURFACE_STYLE_FILL_AREA ( #1464 ) ;
#2451 = CARTESIAN_POINT ( 'NONE',  ( 2.500000000000000888, -0.6282731187467689438, 0.6382985933144245116 ) ) ;
#2452 = FACE_OUTER_BOUND ( 'NONE', #1746, .T. ) ;
#2453 = PLANE ( 'NONE',  #1226 ) ;
#2454 = CARTESIAN_POINT ( 'NONE',  ( 2.500000000000000000, 0.8134527439024390461, 0.6627167408797449699 ) ) ;
#2455 = CARTESIAN_POINT ( 'NONE',  ( 2.490000000000000657, 0.5546761151791655964, 0.4705366681387654348 ) ) ;
#2456 = CARTESIAN_POINT ( 'NONE',  ( 2.500000000000000000, -0.6157147804115380429, 0.4610463654318743831 ) ) ;
#2457 = LINE ( 'NONE', #203, #1660 ) ;
#2458 = EDGE_CURVE ( 'NONE', #2504, #2448, #1626, .T. ) ;
#2459 = VERTEX_POINT ( 'NONE', #620 ) ;
#2460 = DIRECTION ( 'NONE',  ( 0.000000000000000000, 0.000000000000000000, -1.000000000000000000 ) ) ;
#2461 = AXIS2_PLACEMENT_3D ( 'NONE', #425, #185, #457 ) ;
#2462 = VECTOR ( 'NONE', #764, 1000.000000000000000 ) ;
#2463 = ORIENTED_EDGE ( 'NONE', *, *, #1585, .F. ) ;
#2464 = CARTESIAN_POINT ( 'NONE',  ( 2.500000000000000000, 1.042682926829268331, 0.2236923506358425850 ) ) ;
#2465 = EDGE_CURVE ( 'NONE', #2635, #827, #2773, .T. ) ;
#2466 =( GEOMETRIC_REPRESENTATION_CONTEXT ( 3 ) GLOBAL_UNCERTAINTY_ASSIGNED_CONTEXT ( ( #2603 ) ) GLOBAL_UNIT_ASSIGNED_CONTEXT ( ( #1932, #2984, #2967 ) ) REPRESENTATION_CONTEXT ( 'NONE', 'WORKASPACE' ) );
#2467 = ORIENTED_EDGE ( 'NONE', *, *, #1358, .T. ) ;
#2468 = CARTESIAN_POINT ( 'NONE',  ( 2.490000000000000657, 0.5448900527884154021, 0.5570430274836248863 ) ) ;
#2469 = LINE ( 'NONE', #945, #2565 ) ;
#2470 = FILL_AREA_STYLE_COLOUR ( '', #1060 ) ;
#2471 = CARTESIAN_POINT ( 'NONE',  ( 2.490000000000000213, 0.2883955792682929564, 0.2236923506358425850 ) ) ;
#2472 = EDGE_LOOP ( 'NONE', ( #1808, #560, #344, #2872 ) ) ;
#2473 = SURFACE_STYLE_USAGE ( .BOTH. , #1435 ) ;
#2474 = CARTESIAN_POINT ( 'NONE',  ( 2.490000000000000213, 0.8475609756097561842, 0.7236923506358425850 ) ) ;
#2475 = CARTESIAN_POINT ( 'NONE',  ( -1.520000000000000018, -0.2499999999999998335, -3.500000000000000000 ) ) ;
#2476 = CARTESIAN_POINT ( 'NONE',  ( 2.490000000000000213, -0.6829268292682927344, 0.4642601860016962179 ) ) ;
#2477 = ORIENTED_EDGE ( 'NONE', *, *, #2651, .T. ) ;
#2478 = SPHERICAL_SURFACE ( 'NONE', #706, 2.500000000000000000 ) ;
#2479 = COLOUR_RGB ( '',1.000000000000000000, 1.000000000000000000, 1.000000000000000000 ) ;
#2480 = ORIENTED_EDGE ( 'NONE', *, *, #3174, .T. ) ;
#2481 = EDGE_CURVE ( 'NONE', #466, #2344, #1406, .T. ) ;
#2482 = PRESENTATION_LAYER_ASSIGNMENT (  '', '', ( #317 ) ) ;
#2483 = CARTESIAN_POINT ( 'NONE',  ( 2.490000000000000657, 0.3471497367237482701, 0.7200372503098677601 ) ) ;
#2484 = ORIENTED_EDGE ( 'NONE', *, *, #686, .F. ) ;
#2485 = CARTESIAN_POINT ( 'NONE',  ( 2.500000000000000000, -0.3546144861576523422, 0.2847278649279657015 ) ) ;
#2486 = VECTOR ( 'NONE', #2007, 1000.000000000000000 ) ;
#2487 = CARTESIAN_POINT ( 'NONE',  ( 2.499999999999999112, 0.4054168803303309643, 0.6422484309946466796 ) ) ;
#2488 = LINE ( 'NONE', #3271, #2196 ) ;
#2489 = EDGE_LOOP ( 'NONE', ( #2045, #3056, #142, #87 ) ) ;
#2490 = CARTESIAN_POINT ( 'NONE',  ( 2.490000000000000657, 0.2883955792682930119, 0.2236923506358425850 ) ) ;
#2491 = CARTESIAN_POINT ( 'NONE',  ( 2.490000000000001101, -0.5887249747344370787, 0.3541177474861802454 ) ) ;
#2492 = DIRECTION ( 'NONE',  ( 0.000000000000000000, 0.000000000000000000, 1.000000000000000000 ) ) ;
#2493 = B_SPLINE_SURFACE_WITH_KNOTS ( 'NONE', 3, 1, ( 
 ( #1827, #3341 ),
 ( #2857, #2521 ),
 ( #200, #730 ),
 ( #1767, #610 ),
 ( #2636, #1085 ),
 ( #94, #593 ),
 ( #331, #315 ),
 ( #2367, #1360 ),
 ( #1067, #553 ),
 ( #39, #2345 ),
 ( #1878, #1897 ),
 ( #18, #2119 ),
 ( #867, #3151 ),
 ( #1320, #1649 ),
 ( #2669, #3131 ),
 ( #348, #828 ),
 ( #1633, #3184 ),
 ( #847, #812 ),
 ( #2598, #2891 ) ),
 .UNSPECIFIED., .F., .F., .F.,
 ( 4, 1, 1, 1, 1, 1, 1, 1, 1, 1, 1, 1, 1, 1, 1, 1, 4 ),
 ( 2, 2 ),
 ( 0.000000000000000000, 0.06783158586376515642, 0.1326522851224863631, 0.1950461033562796709, 0.2554977019454355291, 0.3148166283941512544, 0.3736158258703717316, 0.4325595036265800220, 0.4924430698020240138, 0.5526822199844775296, 0.6125225414881987351, 0.6726182746753726072, 0.7338448929319389968, 0.7965992240402545166, 0.8614531951541315458, 0.9292006776838773741, 0.9999999999999998890 ),
 ( 0.000000000000000000, 1.000000000000000000 ),
 .UNSPECIFIED. ) ;
#2494 = CARTESIAN_POINT ( 'NONE',  ( 2.500000000000000444, -0.4348428862332496259, 0.6747671739826163195 ) ) ;
#2495 = EDGE_LOOP ( 'NONE', ( #485, #1778, #710 ) ) ;
#2496 = ORIENTED_EDGE ( 'NONE', *, *, #1105, .F. ) ;
#2497 = CARTESIAN_POINT ( 'NONE',  ( 2.500000000000000444, 0.8211699695121953413, 0.6276557652699890077 ) ) ;
#2498 = CARTESIAN_POINT ( 'NONE',  ( 2.500000000000001332, -0.5519129238497079148, 0.7016391584110439616 ) ) ;
#2499 = ADVANCED_FACE ( 'NONE', ( #1128 ), #687, .T. ) ;
#2500 = FACE_OUTER_BOUND ( 'NONE', #2888, .T. ) ;
#2501 = CARTESIAN_POINT ( 'NONE',  ( 2.490000000000000657, 0.5542802873806471631, 0.4520250609928600505 ) ) ;
#2502 = ADVANCED_FACE ( 'NONE', ( #1493 ), #2943, .T. ) ;
#2503 = B_SPLINE_CURVE_WITH_KNOTS ( 'NONE', 3,
 ( #2784, #3099, #2302, #538, #2537, #2316, #19, #1035, #218, #1580, #2069, #3342, #2033, #2049, #3117, #1815, #2799, #1307, #1068 ),
 .UNSPECIFIED., .F., .F.,
 ( 4, 1, 1, 1, 1, 1, 1, 1, 1, 1, 1, 1, 1, 1, 1, 1, 4 ),
 ( 0.000000000000000000, 0.06783158586376515642, 0.1326522851224863631, 0.1950461033562796709, 0.2554977019454355291, 0.3148166283941512544, 0.3736158258703717316, 0.4325595036265800220, 0.4924430698020240138, 0.5526822199844775296, 0.6125225414881987351, 0.6726182746753726072, 0.7338448929319389968, 0.7965992240402545166, 0.8614531951541315458, 0.9292006776838773741, 0.9999999999999998890 ),
 .UNSPECIFIED. ) ;
#2504 = VERTEX_POINT ( 'NONE', #204 ) ;
#2505 = DIRECTION ( 'NONE',  ( 0.000000000000000000, 0.000000000000000000, -1.000000000000000000 ) ) ;
#2506 = CARTESIAN_POINT ( 'NONE',  ( 2.500000000000000888, -0.5887249747344370787, 0.3541177474861802454 ) ) ;
#2507 = CARTESIAN_POINT ( 'NONE',  ( 2.490000000000000213, 0.5548780487804880757, 0.4799804603919401447 ) ) ;
#2508 = CARTESIAN_POINT ( 'NONE',  ( 2.489999999999999325, -0.3381595203132156668, 0.6570383559425421183 ) ) ;
#2509 = FILL_AREA_STYLE ('',( #3312 ) ) ;
#2510 = B_SPLINE_CURVE_WITH_KNOTS ( 'NONE', 3,
 ( #2124, #872, #2675, #3207, #3155, #336, #851, #2369, #1673, #98, #1881, #3137, #1417, #319, #1380, #83, #1138, #2879, #833 ),
 .UNSPECIFIED., .F., .F.,
 ( 4, 1, 1, 1, 1, 1, 1, 1, 1, 1, 1, 1, 1, 1, 1, 1, 4 ),
 ( 0.000000000000000000, 0.07378258718587328568, 0.1440956521627406728, 0.2113727769445208071, 0.2761085739136399653, 0.3385597713347693327, 0.3996464779878224904, 0.4600223579231184634, 0.5203641801036607006, 0.5799897433270180258, 0.6384216733782915876, 0.6963296981378346295, 0.7539735389223941597, 0.8127841951639483975, 0.8727398202468066302, 0.9351745571517245947, 1.000000000000000000 ),
 .UNSPECIFIED. ) ;
#2511 = ORIENTED_EDGE ( 'NONE', *, *, #353, .T. ) ;
#2512 = VECTOR ( 'NONE', #1075, 1000.000000000000000 ) ;
#2513 = VECTOR ( 'NONE', #1468, 1000.000000000000000 ) ;
#2514 = VERTEX_POINT ( 'NONE', #734 ) ;
#2515 = PLANE ( 'NONE',  #870 ) ;
#2516 = VERTEX_POINT ( 'NONE', #475 ) ;
#2517 = CARTESIAN_POINT ( 'NONE',  ( 2.490000000000000213, -0.4286394817073171382, 0.7297899116114523466 ) ) ;
#2518 = VECTOR ( 'NONE', #894, 1000.000000000000000 ) ;
#2519 = CARTESIAN_POINT ( 'NONE',  ( 2.500000000000000000, 0.4849278771525908915, 0.4341351445701193690 ) ) ;
#2520 = CARTESIAN_POINT ( 'NONE',  ( 2.500000000000000000, 0.5546784324498392760, 0.4890439229422031131 ) ) ;
#2521 = CARTESIAN_POINT ( 'NONE',  ( 2.500000000000000444, -0.4572309900372314995, 0.2177893941224020025 ) ) ;
#2522 = CARTESIAN_POINT ( 'NONE',  ( 2.489999999999658264, 0.2195121951219514145, 0.2785703994163303832 ) ) ;
#2523 = CIRCLE ( 'NONE', #1341, 2.500000000000000000 ) ;
#2524 = DIRECTION ( 'NONE',  ( 0.000000000000000000, 0.3536223923290755522, 0.9353882635801357148 ) ) ;
#2525 = DIRECTION ( 'NONE',  ( 0.000000000000000000, 0.000000000000000000, -1.000000000000000000 ) ) ;
#2526 = EDGE_CURVE ( 'NONE', #2982, #1715, #1523, .T. ) ;
#2527 = CARTESIAN_POINT ( 'NONE',  ( 2.490000000000000657, -0.4348428862332496259, 0.6747671739826163195 ) ) ;
#2528 = PRESENTATION_STYLE_ASSIGNMENT (( #1729 ) ) ;
#2529 = EDGE_CURVE ( 'NONE', #773, #1563, #363, .T. ) ;
#2530 = ORIENTED_EDGE ( 'NONE', *, *, #3148, .T. ) ;
#2531 = EDGE_LOOP ( 'NONE', ( #2449, #1218, #642, #314 ) ) ;
#2532 = CARTESIAN_POINT ( 'NONE',  ( 2.490000000000000213, 0.5546784324498392760, 0.4890439229422031131 ) ) ;
#2533 = PRESENTATION_LAYER_ASSIGNMENT (  '', '', ( #644 ) ) ;
#2534 = CARTESIAN_POINT ( 'NONE',  ( 1.020000000000000018, 0.2500000000000001665, -3.500000000000000000 ) ) ;
#2535 = CARTESIAN_POINT ( 'NONE',  ( 2.500000000000000000, 0.5548780487804880757, 0.4799804603919401447 ) ) ;
#2536 = CARTESIAN_POINT ( 'NONE',  ( 2.490000000000001101, -0.4114767199714086665, 0.7296668843613081101 ) ) ;
#2537 = CARTESIAN_POINT ( 'NONE',  ( 2.490000000000001101, -0.5224351532214749350, 0.2267054534826528633 ) ) ;
#2538 = CARTESIAN_POINT ( 'NONE',  ( 2.500000000000000000, 0.7804878048780488076, 0.7236923506358425850 ) ) ;
#2539 = CARTESIAN_POINT ( 'NONE',  ( 2.500000000000000000, -0.2134146341463417085, 0.2236923506358425850 ) ) ;
#2540 = CARTESIAN_POINT ( 'NONE',  ( 2.490000000000000213, 0.05487804878048758300, 0.2785703994163303832 ) ) ;
#2541 = VECTOR ( 'NONE', #339, 1000.000000000000000 ) ;
#2542 = EDGE_CURVE ( 'NONE', #1715, #773, #1539, .T. ) ;
#2543 = CARTESIAN_POINT ( 'NONE',  ( 2.500000000000000444, -0.3868066585732953810, 0.2767265061419943439 ) ) ;
#2544 = ORIENTED_EDGE ( 'NONE', *, *, #2752, .T. ) ;
#2545 = EDGE_CURVE ( 'NONE', #244, #3333, #2409, .T. ) ;
#2546 = EDGE_LOOP ( 'NONE', ( #2023, #913, #2331, #2147 ) ) ;
#2547 = ORIENTED_EDGE ( 'NONE', *, *, #3279, .F. ) ;
#2548 = DIRECTION ( 'NONE',  ( -0.000000000000000000, -0.000000000000000000, -1.000000000000000000 ) ) ;
#2549 = CARTESIAN_POINT ( 'NONE',  ( 2.500000000000000000, -0.4376700323802781845, 0.7295797395143904795 ) ) ;
#2550 = DIRECTION ( 'NONE',  ( 0.000000000000000000, 0.9353882635801357148, -0.3536223923290756077 ) ) ;
#2551 = CARTESIAN_POINT ( 'NONE',  ( 2.490000000000000213, 0.4878048780487806990, 0.4785513445382816311 ) ) ;
#2552 = CARTESIAN_POINT ( 'NONE',  ( 2.490000000000000213, 0.2935403963414636719, 0.7236923506358425850 ) ) ;
#2553 = CARTESIAN_POINT ( 'NONE',  ( 2.500000000000000444, -0.4742040637798604630, 0.2181699650064974905 ) ) ;
#2554 = CARTESIAN_POINT ( 'NONE',  ( 2.490000000000000657, -0.3868066585732953810, 0.2767265061419943439 ) ) ;
#2555 = CARTESIAN_POINT ( 'NONE',  ( 2.490000000000000213, 0.8964367378048782031, 0.4188143018553547869 ) ) ;
#2556 = CARTESIAN_POINT ( 'NONE',  ( 2.499999999999999556, 0.3723462666522662778, 0.7147427893813803612 ) ) ;
#2557 = CARTESIAN_POINT ( 'NONE',  ( 2.500000000000000000, 0.2195121951219514145, 0.2785703994163304387 ) ) ;
#2558 = ORIENTED_EDGE ( 'NONE', *, *, #2545, .F. ) ;
#2559 = ORIENTED_EDGE ( 'NONE', *, *, #452, .T. ) ;
#2560 = FILL_AREA_STYLE ('',( #213 ) ) ;
#2561 = ADVANCED_FACE ( 'NONE', ( #257 ), #2054, .T. ) ;
#2562 = VERTEX_POINT ( 'NONE', #2555 ) ;
#2563 = CARTESIAN_POINT ( 'NONE',  ( 2.490000000000000213, -0.1463414634146343873, 0.2785703994163303832 ) ) ;
#2564 = LINE ( 'NONE', #2795, #1558 ) ;
#2565 = VECTOR ( 'NONE', #1686, 1000.000000000000000 ) ;
#2566 = EDGE_LOOP ( 'NONE', ( #2011, #940, #658, #2866 ) ) ;
#2567 = CARTESIAN_POINT ( 'NONE',  ( 2.490000000000000657, -0.4228260513954066324, 0.7297482393936483014 ) ) ;
#2568 = VECTOR ( 'NONE', #2460, 1000.000000000000000 ) ;
#2569 = VECTOR ( 'NONE', #1270, 1000.000000000000000 ) ;
#2570 = CARTESIAN_POINT ( 'NONE',  ( 2.500000000000000000, 0.8038300304878049918, 0.6276557652699888967 ) ) ;
#2571 = B_SPLINE_SURFACE_WITH_KNOTS ( 'NONE', 3, 1, ( 
 ( #1048, #1031 ),
 ( #2264, #2831 ),
 ( #2580, #726 ),
 ( #2064, #2815 ),
 ( #3095, #774 ),
 ( #1825, #1811 ),
 ( #264, #2329 ),
 ( #2082, #3110 ),
 ( #2852, #1578 ),
 ( #980, #2780 ),
 ( #2889, #590 ) ),
 .UNSPECIFIED., .F., .F., .F.,
 ( 4, 1, 1, 1, 1, 1, 1, 1, 4 ),
 ( 2, 2 ),
 ( 0.000000000000000000, 0.1451868664724688951, 0.2834426109197292210, 0.4165243659288286882, 0.5431811235350828548, 0.6651530826377133332, 0.7813602063127152997, 0.8927566556418089494, 1.000000000000000000 ),
 ( 0.000000000000000000, 1.000000000000000000 ),
 .UNSPECIFIED. ) ;
#2572 = AXIS2_PLACEMENT_3D ( 'NONE', #1844, #92, #2871 ) ;
#2573 = CARTESIAN_POINT ( 'NONE',  ( 2.500000000000000444, 0.2883955792682930119, 0.2236923506358425850 ) ) ;
#2574 = PLANE ( 'NONE',  #2954 ) ;
#2575 = CARTESIAN_POINT ( 'NONE',  ( 2.490000000000000213, -0.9817073170731707155, 0.2236923506358425850 ) ) ;
#2576 = CARTESIAN_POINT ( 'NONE',  ( 2.490000000000001101, -0.5201753781452915781, 0.6534398034743152950 ) ) ;
#2577 = FACE_OUTER_BOUND ( 'NONE', #952, .T. ) ;
#2578 = ORIENTED_EDGE ( 'NONE', *, *, #2239, .T. ) ;
#2579 = ORIENTED_EDGE ( 'NONE', *, *, #1399, .F. ) ;
#2580 = CARTESIAN_POINT ( 'NONE',  ( 2.490000000000001101, -0.4114767199714086665, 0.7296668843613081101 ) ) ;
#2581 = DIRECTION ( 'NONE',  ( 0.000000000000000000, 0.3536223923290755522, 0.9353882635801357148 ) ) ;
#2582 = EDGE_CURVE ( 'NONE', #3200, #692, #285, .T. ) ;
#2583 = ORIENTED_EDGE ( 'NONE', *, *, #686, .T. ) ;
#2584 = CARTESIAN_POINT ( 'NONE',  ( 2.500000000000000000, 0.000000000000000000, 1.000000000000000000 ) ) ;
#2585 = CARTESIAN_POINT ( 'NONE',  ( 1.520000000000000018, -0.2499999999999998335, 0.000000000000000000 ) ) ;
#2586 = EDGE_CURVE ( 'NONE', #196, #2633, #1311, .T. ) ;
#2587 = CARTESIAN_POINT ( 'NONE',  ( 2.499999999999999112, -0.5848848831705555362, 0.2552326032304723102 ) ) ;
#2588 = CARTESIAN_POINT ( 'NONE',  ( 2.490000000000000213, -0.3704262831464868455, 0.2802798635029681296 ) ) ;
#2589 = CARTESIAN_POINT ( 'NONE',  ( 2.499999999999999556, -0.3906215900297366761, 0.2218256196331182539 ) ) ;
#2590 = AXIS2_PLACEMENT_3D ( 'NONE', #1597, #2692, #2137 ) ;
#2591 = CARTESIAN_POINT ( 'NONE',  ( 2.489999999999999325, -0.5356883422703848652, 0.6436583228438939042 ) ) ;
#2592 = CARTESIAN_POINT ( 'NONE',  ( 2.490000000000000213, -0.3546144861576523422, 0.2847278649279657015 ) ) ;
#2593 = ORIENTED_EDGE ( 'NONE', *, *, #284, .T. ) ;
#2594 =( NAMED_UNIT ( * ) PLANE_ANGLE_UNIT ( ) SI_UNIT ( $, .RADIAN. ) );
#2595 = EDGE_LOOP ( 'NONE', ( #2280, #2814, #2750, #1316 ) ) ;
#2596 = PLANE ( 'NONE',  #752 ) ;
#2597 = ORIENTED_EDGE ( 'NONE', *, *, #2161, .F. ) ;
#2598 = CARTESIAN_POINT ( 'NONE',  ( 2.490000000000000213, -0.6829268292682927344, 0.4642601860016962179 ) ) ;
#2599 = ADVANCED_FACE ( 'NONE', ( #527 ), #1483, .T. ) ;
#2600 = CARTESIAN_POINT ( 'NONE',  ( 2.490000000000000213, 0.9695121951219513035, 0.2236923506358425850 ) ) ;
#2601 = CARTESIAN_POINT ( 'NONE',  ( 2.500000000000000888, -0.5410008047416681176, 0.3020690981457891389 ) ) ;
#2602 = CARTESIAN_POINT ( 'NONE',  ( 2.500000000000000000, 0.6646341463414634498, 0.2236923506358425850 ) ) ;
#2603 = UNCERTAINTY_MEASURE_WITH_UNIT (LENGTH_MEASURE( 1.000000000000000082E-05 ), #1932, 'distance_accuracy_value', 'NONE');
#2604 = DIRECTION ( 'NONE',  ( 0.000000000000000000, 0.000000000000000000, -1.000000000000000000 ) ) ;
#2605 = EDGE_CURVE ( 'NONE', #1955, #2665, #1003, .T. ) ;
#2606 = CARTESIAN_POINT ( 'NONE',  ( 2.490000000000000213, 0.8038300304878049918, 0.6276557652699888967 ) ) ;
#2607 = CARTESIAN_POINT ( 'NONE',  ( 2.490000000000000213, -0.3704262831464868455, 0.2802798635029681296 ) ) ;
#2608 = UNCERTAINTY_MEASURE_WITH_UNIT (LENGTH_MEASURE( 1.000000000000000082E-05 ), #1108, 'distance_accuracy_value', 'NONE');
#2609 = VERTEX_POINT ( 'NONE', #1021 ) ;
#2610 = CARTESIAN_POINT ( 'NONE',  ( 2.500000000000000444, 0.3207372805922880654, 0.7230860032179341479 ) ) ;
#2611 = ORIENTED_EDGE ( 'NONE', *, *, #308, .F. ) ;
#2612 = CARTESIAN_POINT ( 'NONE',  ( 2.490000000000000213, -0.9146341463414634498, 0.7236923506358425850 ) ) ;
#2613 = APPLICATION_PROTOCOL_DEFINITION ( 'draft international standard', 'automotive_design', 1998, #2077 ) ;
#2614 = ORIENTED_EDGE ( 'NONE', *, *, #1485, .T. ) ;
#2615 = PLANE ( 'NONE',  #972 ) ;
#2616 = FILL_AREA_STYLE_COLOUR ( '', #1278 ) ;
#2617 = CARTESIAN_POINT ( 'NONE',  ( 2.489999999999999769, 0.4579672835350870885, 0.5944135526975160566 ) ) ;
#2618 = VECTOR ( 'NONE', #2772, 1000.000000000000000 ) ;
#2619 = VECTOR ( 'NONE', #594, 1000.000000000000000 ) ;
#2620 = CARTESIAN_POINT ( 'NONE',  ( 2.490000000000001101, -0.6040265442526390194, 0.3876784787311133851 ) ) ;
#2621 = CARTESIAN_POINT ( 'NONE',  ( 1.520000000000000018, -0.2499999999999998335, -3.500000000000000000 ) ) ;
#2622 = CARTESIAN_POINT ( 'NONE',  ( 2.499999999999999112, 0.4980903209863234427, 0.3115296658277703634 ) ) ;
#2623 = VERTEX_POINT ( 'NONE', #543 ) ;
#2624 =( NAMED_UNIT ( * ) SI_UNIT ( $, .STERADIAN. ) SOLID_ANGLE_UNIT ( ) );
#2625 = EDGE_CURVE ( 'NONE', #1945, #163, #1804, .T. ) ;
#2626 = CARTESIAN_POINT ( 'NONE',  ( 2.499999999999999556, -0.6153444149995841439, 0.4911197524045064489 ) ) ;
#2627 = FACE_OUTER_BOUND ( 'NONE', #441, .T. ) ;
#2628 = EDGE_CURVE ( 'NONE', #1192, #842, #3103, .T. ) ;
#2629 = B_SPLINE_CURVE_WITH_KNOTS ( 'NONE', 3,
 ( #3053, #733, #1555, #2304, #220, #1261, #2053, #2037, #2787, #2842, #508 ),
 .UNSPECIFIED., .F., .F.,
 ( 4, 1, 1, 1, 1, 1, 1, 1, 4 ),
 ( 0.000000000000000000, 0.1252796967356256952, 0.2494199707420511614, 0.3733567994928196354, 0.4966812787822859065, 0.6202029157439823415, 0.7450863201614562614, 0.8712691950190979417, 1.000000000000000000 ),
 .UNSPECIFIED. ) ;
#2630 = VERTEX_POINT ( 'NONE', #1819 ) ;
#2631 = CARTESIAN_POINT ( 'NONE',  ( 2.500000000000000000, 0.04268292682926805998, 0.6688143018553547314 ) ) ;
#2632 = CARTESIAN_POINT ( 'NONE',  ( 2.490000000000000213, -0.3109756097560976151, 0.3044850335626718696 ) ) ;
#2633 = VERTEX_POINT ( 'NONE', #2575 ) ;
#2634 = LINE ( 'NONE', #1843, #3353 ) ;
#2635 = VERTEX_POINT ( 'NONE', #2540 ) ;
#2636 = CARTESIAN_POINT ( 'NONE',  ( 2.490000000000001101, -0.5224351532214749350, 0.2267054534826528633 ) ) ;
#2637 = FACE_OUTER_BOUND ( 'NONE', #1305, .T. ) ;
#2638 = DIRECTION ( 'NONE',  ( 1.000000000000000000, -0.000000000000000000, -0.000000000000000000 ) ) ;
#2639 = LINE ( 'NONE', #2391, #3193 ) ;
#2640 = FACE_OUTER_BOUND ( 'NONE', #1890, .T. ) ;
#2641 = CARTESIAN_POINT ( 'NONE',  ( 2.500000000000000000, 0.2935403963414636719, 0.7236923506358425850 ) ) ;
#2642 = VECTOR ( 'NONE', #2200, 1000.000000000000000 ) ;
#2643 = LINE ( 'NONE', #321, #2265 ) ;
#2644 = CARTESIAN_POINT ( 'NONE',  ( 2.500000000000000888, -0.5201753781452915781, 0.6534398034743152950 ) ) ;
#2645 = CARTESIAN_POINT ( 'NONE',  ( 2.500000000000000000, 1.042682926829268331, 0.2236923506358425850 ) ) ;
#2646 = ADVANCED_FACE ( 'NONE', ( #221 ), #3362, .T. ) ;
#2647 = COLOUR_RGB ( '',0.8509803921568627194, 0.8509803921568627194, 0.8509803921568627194 ) ;
#2648 = ORIENTED_EDGE ( 'NONE', *, *, #993, .F. ) ;
#2649 =( NAMED_UNIT ( * ) SI_UNIT ( $, .STERADIAN. ) SOLID_ANGLE_UNIT ( ) );
#2650 = ORIENTED_EDGE ( 'NONE', *, *, #1567, .F. ) ;
#2651 = EDGE_CURVE ( 'NONE', #3075, #660, #2676, .T. ) ;
#2652 = VERTEX_POINT ( 'NONE', #2641 ) ;
#2653 = LINE ( 'NONE', #1429, #2055 ) ;
#2654 = CARTESIAN_POINT ( 'NONE',  ( -1.520000000000000018, 0.2500000000000001665, -3.500000000000000000 ) ) ;
#2655 = CARTESIAN_POINT ( 'NONE',  ( 2.490000000000000657, 0.4807133158544278362, 0.5428080294697070762 ) ) ;
#2656 = CARTESIAN_POINT ( 'NONE',  ( 2.489999999999999769, -0.5263804747237509352, 0.2928750871176954429 ) ) ;
#2657 = FACE_OUTER_BOUND ( 'NONE', #2211, .T. ) ;
#2658 = CARTESIAN_POINT ( 'NONE',  ( 2.500000000000000000, -0.1463414634146343873, 0.4493021067334035390 ) ) ;
#2659 = CARTESIAN_POINT ( 'NONE',  ( 2.490000000000000213, 0.8475609756097561842, 0.7236923506358425850 ) ) ;
#2660 = DIRECTION ( 'NONE',  ( 0.000000000000000000, 0.000000000000000000, -1.000000000000000000 ) ) ;
#2661 = SURFACE_SIDE_STYLE ('',( #1905 ) ) ;
#2662 = PLANE ( 'NONE',  #2380 ) ;
#2663 = CARTESIAN_POINT ( 'NONE',  ( 2.500000000000000444, 0.4343971559900886015, 0.6213320649624946013 ) ) ;
#2664 = CARTESIAN_POINT ( 'NONE',  ( 2.500000000000000000, -0.3230699268645669808, 0.7148821884000620130 ) ) ;
#2665 = VERTEX_POINT ( 'NONE', #598 ) ;
#2666 = CARTESIAN_POINT ( 'NONE',  ( 2.490000000000000213, 0.7292301829268293956, 0.4188143018553547869 ) ) ;
#2667 = VERTEX_POINT ( 'NONE', #2658 ) ;
#2668 = EDGE_CURVE ( 'NONE', #2623, #196, #1139, .T. ) ;
#2669 = CARTESIAN_POINT ( 'NONE',  ( 2.490000000000000657, -0.6744179052638624716, 0.3870654617829962785 ) ) ;
#2670 = CARTESIAN_POINT ( 'NONE',  ( 2.500000000000000000, -0.4213677138847096715, 0.2727084090100499458 ) ) ;
#2671 = B_SPLINE_CURVE_WITH_KNOTS ( 'NONE', 3,
 ( #1383, #67, #2441, #1904, #2939, #616, #1657 ),
 .UNSPECIFIED., .F., .F.,
 ( 4, 1, 1, 1, 4 ),
 ( 0.000000000000000000, 0.1744817153170502844, 0.3982857591281139809, 0.6738978473986654283, 1.000000000000000000 ),
 .UNSPECIFIED. ) ;
#2672 = CARTESIAN_POINT ( 'NONE',  ( 2.490000000000000213, 0.4876414147478185801, 0.4862119355133649456 ) ) ;
#2673 = LINE ( 'NONE', #2172, #1631 ) ;
#2674 = ADVANCED_FACE ( 'NONE', ( #2937 ), #3222, .T. ) ;
#2675 = CARTESIAN_POINT ( 'NONE',  ( 2.500000000000000000, -0.6154435547096063219, 0.4467688983061606778 ) ) ;
#2676 = LINE ( 'NONE', #1864, #1503 ) ;
#2677 = VECTOR ( 'NONE', #2434, 1000.000000000000114 ) ;
#2678 = FACE_OUTER_BOUND ( 'NONE', #968, .T. ) ;
#2679 = CARTESIAN_POINT ( 'NONE',  ( 2.500000000000000000, -0.6158536585365854688, 0.4683569847821840160 ) ) ;
#2680 = CARTESIAN_POINT ( 'NONE',  ( 2.500000000000000000, 0.04268292682926805998, 0.6688143018553547314 ) ) ;
#2681 = AXIS2_PLACEMENT_3D ( 'NONE', #587, #1625, #2145 ) ;
#2682 = DIRECTION ( 'NONE',  ( 0.000000000000000000, 0.000000000000000000, -1.000000000000000000 ) ) ;
#2683 = CARTESIAN_POINT ( 'NONE',  ( 2.490000000000000213, 0.3003742112840660505, 0.6686678047750246323 ) ) ;
#2684 = CARTESIAN_POINT ( 'NONE',  ( 2.499999999999999556, -0.3816842251632442951, 0.6706455086550514588 ) ) ;
#2685 = ORIENTED_EDGE ( 'NONE', *, *, #2118, .F. ) ;
#2686 = LINE ( 'NONE', #1200, #801 ) ;
#2687 = EDGE_LOOP ( 'NONE', ( #1875, #1370, #3024, #3072 ) ) ;
#2688 = CARTESIAN_POINT ( 'NONE',  ( 2.490000000000001101, 0.4980351702342496467, 0.6407489095545410018 ) ) ;
#2689 = CARTESIAN_POINT ( 'NONE',  ( 0.000000000000000000, 0.000000000000000000, 6.099999999999999645 ) ) ;
#2690 = CARTESIAN_POINT ( 'NONE',  ( 2.500000000000000000, -0.7256097560975609539, 0.2785703994163303832 ) ) ;
#2691 = EDGE_CURVE ( 'NONE', #1761, #309, #3114, .T. ) ;
#2692 = DIRECTION ( 'NONE',  ( -1.000000000000000000, 0.000000000000000000, 0.000000000000000000 ) ) ;
#2693 = CARTESIAN_POINT ( 'NONE',  ( 2.500000000000000888, 0.5132705962058894400, 0.3313429283766023969 ) ) ;
#2694 = EDGE_CURVE ( 'NONE', #296, #1126, #1933, .T. ) ;
#2695 = CARTESIAN_POINT ( 'NONE',  ( 2.490000000000000213, -0.9817073170731707155, 0.7236923506358425850 ) ) ;
#2696 = CARTESIAN_POINT ( 'NONE',  ( 2.490000000000001101, -0.6040265442526390194, 0.3876784787311133851 ) ) ;
#2697 = CARTESIAN_POINT ( 'NONE',  ( 2.490000000000000657, 0.8062193102706340930, 0.6348609216522530518 ) ) ;
#2698 = AXIS2_PLACEMENT_3D ( 'NONE', #1456, #424, #699 ) ;
#2699 = PRESENTATION_LAYER_ASSIGNMENT (  '', '', ( #536 ) ) ;
#2700 = PRESENTATION_STYLE_ASSIGNMENT (( #1678 ) ) ;
#2701 = CARTESIAN_POINT ( 'NONE',  ( 2.490000000000000213, 0.7804878048780488076, 0.7236923506358425850 ) ) ;
#2702 = ORIENTED_EDGE ( 'NONE', *, *, #2292, .F. ) ;
#2703 = MECHANICAL_DESIGN_GEOMETRIC_PRESENTATION_REPRESENTATION (  '', ( #1688 ), #161 ) ;
#2704 = ORIENTED_EDGE ( 'NONE', *, *, #2198, .F. ) ;
#2705 = CARTESIAN_POINT ( 'NONE',  ( 2.490000000000000213, 0.2935403963414636719, 0.7236923506358425850 ) ) ;
#2706 = CARTESIAN_POINT ( 'NONE',  ( 2.500000000000000444, -0.6822832953199228223, 0.4930263108563237018 ) ) ;
#2707 = LINE ( 'NONE', #3030, #2513 ) ;
#2708 = CARTESIAN_POINT ( 'NONE',  ( 2.490000000000000213, -0.5928876144367650758, 0.6741321962493060926 ) ) ;
#2709 = LINE ( 'NONE', #1985, #1357 ) ;
#2710 = ADVANCED_FACE ( 'NONE', ( #1599 ), #440, .T. ) ;
#2711 = CARTESIAN_POINT ( 'NONE',  ( 2.490000000000000213, 0.4185497136480041402, 0.2506155361583989327 ) ) ;
#2712 =( NAMED_UNIT ( * ) PLANE_ANGLE_UNIT ( ) SI_UNIT ( $, .RADIAN. ) );
#2713 = MECHANICAL_DESIGN_GEOMETRIC_PRESENTATION_REPRESENTATION (  '', ( #116 ), #1367 ) ;
#2714 = EDGE_CURVE ( 'NONE', #51, #991, #2999, .T. ) ;
#2715 = CARTESIAN_POINT ( 'NONE',  ( -2.500000000000000000, 0.000000000000000000, 8.599999999999999645 ) ) ;
#2716 = ORIENTED_EDGE ( 'NONE', *, *, #1567, .T. ) ;
#2717 = PRESENTATION_STYLE_ASSIGNMENT (( #1681 ) ) ;
#2718 = ORIENTED_EDGE ( 'NONE', *, *, #2925, .F. ) ;
#2719 = PRESENTATION_STYLE_ASSIGNMENT (( #1203 ) ) ;
#2720 = LINE ( 'NONE', #1733, #514 ) ;
#2721 = CARTESIAN_POINT ( 'NONE',  ( 2.490000000000000657, 0.3907638005076691234, 0.2988218143742221167 ) ) ;
#2722 = CARTESIAN_POINT ( 'NONE',  ( 2.500000000000000000, 0.3142672990559099988, 0.6683819339536504200 ) ) ;
#2723 = CARTESIAN_POINT ( 'NONE',  ( 2.500000000000000000, 0.1524390243902441211, 0.7236923506358425850 ) ) ;
#2724 = CARTESIAN_POINT ( 'NONE',  ( 2.499999999999999556, 0.3950711594167480856, 0.2407969423518674101 ) ) ;
#2725 = ORIENTED_EDGE ( 'NONE', *, *, #1753, .F. ) ;
#2726 = CARTESIAN_POINT ( 'NONE',  ( 2.490000000000000213, 0.8038300304878049918, 0.6276557652699888967 ) ) ;
#2727 = CARTESIAN_POINT ( 'NONE',  ( 2.500000000000000444, -0.4418158324514969149, 0.2176737915654293198 ) ) ;
#2728 =( GEOMETRIC_REPRESENTATION_CONTEXT ( 3 ) GLOBAL_UNCERTAINTY_ASSIGNED_CONTEXT ( ( #1332 ) ) GLOBAL_UNIT_ASSIGNED_CONTEXT ( ( #2241, #957, #3296 ) ) REPRESENTATION_CONTEXT ( 'NONE', 'WORKASPACE' ) );
#2729 = ADVANCED_FACE ( 'NONE', ( #666 ), #1737, .T. ) ;
#2730 = CARTESIAN_POINT ( 'NONE',  ( 2.490000000000000213, -0.3109756097560976151, 0.2496069847821840715 ) ) ;
#2731 = VECTOR ( 'NONE', #428, 1000.000000000000000 ) ;
#2732 = CIRCLE ( 'NONE', #1005, 2.500000000000000000 ) ;
#2733 = EDGE_LOOP ( 'NONE', ( #2989, #878, #1632, #1472 ) ) ;
#2734 = EDGE_CURVE ( 'NONE', #2748, #90, #2018, .T. ) ;
#2735 = ORIENTED_EDGE ( 'NONE', *, *, #1232, .F. ) ;
#2736 = CARTESIAN_POINT ( 'NONE',  ( 2.500000000000000000, 0.8141460919036359600, 0.6588730538942482173 ) ) ;
#2737 = CARTESIAN_POINT ( 'NONE',  ( 2.499999999999999556, 0.3542991784615982520, 0.2856250384757621497 ) ) ;
#2738 = CARTESIAN_POINT ( 'NONE',  ( 2.499999999999999556, 0.4747429808993601230, 0.5614328230844967127 ) ) ;
#2739 = CARTESIAN_POINT ( 'NONE',  ( 2.490000000000000213, -0.9817073170731707155, 0.2236923506358425850 ) ) ;
#2740 = DIRECTION ( 'NONE',  ( 0.000000000000000000, -1.000000000000000000, -0.000000000000000000 ) ) ;
#2741 = EDGE_LOOP ( 'NONE', ( #2310, #2043, #1047, #2704, #3045, #1612, #2811, #567, #247, #76 ) ) ;
#2742 = CARTESIAN_POINT ( 'NONE',  ( 2.500000000000000444, 0.3167229944959293886, 0.2242048672879972393 ) ) ;
#2743 = DIRECTION ( 'NONE',  ( 0.000000000000000000, 0.3635424856527063597, -0.9315776194850602376 ) ) ;
#2744 =( GEOMETRIC_REPRESENTATION_CONTEXT ( 3 ) GLOBAL_UNCERTAINTY_ASSIGNED_CONTEXT ( ( #857 ) ) GLOBAL_UNIT_ASSIGNED_CONTEXT ( ( #1180, #2214, #3248 ) ) REPRESENTATION_CONTEXT ( 'NONE', 'WORKASPACE' ) );
#2745 = DIRECTION ( 'NONE',  ( 1.000000000000000000, -0.000000000000000000, -0.000000000000000000 ) ) ;
#2746 = CARTESIAN_POINT ( 'NONE',  ( -2.950000000000000178, 0.000000000000000000, 1.000000000000000000 ) ) ;
#2747 = EDGE_CURVE ( 'NONE', #1426, #822, #1750, .T. ) ;
#2748 = VERTEX_POINT ( 'NONE', #715 ) ;
#2749 = VECTOR ( 'NONE', #3199, 1000.000000000000000 ) ;
#2750 = ORIENTED_EDGE ( 'NONE', *, *, #2849, .F. ) ;
#2751 = PRESENTATION_LAYER_ASSIGNMENT (  '', '', ( #1574 ) ) ;
#2752 = EDGE_CURVE ( 'NONE', #1563, #1761, #1454, .T. ) ;
#2753 = ORIENTED_EDGE ( 'NONE', *, *, #3002, .T. ) ;
#2754 = CARTESIAN_POINT ( 'NONE',  ( 2.490000000000000657, -0.6282731187467689438, 0.6382985933144245116 ) ) ;
#2755 = CARTESIAN_POINT ( 'NONE',  ( 2.490000000000000657, 0.2980254028987007198, 0.2787332509667738156 ) ) ;
#2756 = COLOUR_RGB ( '',1.000000000000000000, 1.000000000000000000, 1.000000000000000000 ) ;
#2757 = LINE ( 'NONE', #905, #1411 ) ;
#2758 = CARTESIAN_POINT ( 'NONE',  ( -1.020000000000000018, -0.2499999999999998335, -3.500000000000000000 ) ) ;
#2759 = ORIENTED_EDGE ( 'NONE', *, *, #496, .T. ) ;
#2760 = PLANE ( 'NONE',  #1168 ) ;
#2761 = ORIENTED_EDGE ( 'NONE', *, *, #3212, .F. ) ;
#2762 = VERTEX_POINT ( 'NONE', #2522 ) ;
#2763 = CARTESIAN_POINT ( 'NONE',  ( 2.490000000000000213, -0.3109756097560976151, 0.2496069847821840715 ) ) ;
#2764 = CARTESIAN_POINT ( 'NONE',  ( 2.490000000000000213, -0.4376700323802781845, 0.7295797395143904795 ) ) ;
#2765 = LINE ( 'NONE', #1812, #249 ) ;
#2766 = EDGE_CURVE ( 'NONE', #163, #1374, #920, .T. ) ;
#2767 = CARTESIAN_POINT ( 'NONE',  ( 2.500000000000000000, 0.7292301829268293956, 0.4188143018553547869 ) ) ;
#2768 = CARTESIAN_POINT ( 'NONE',  ( 2.500000000000000888, -0.5958816601233329902, 0.5717458507988479877 ) ) ;
#2769 = CARTESIAN_POINT ( 'NONE',  ( 2.490000000000000213, 0.2195121951219514422, 0.6688143018553547314 ) ) ;
#2770 = EDGE_CURVE ( 'NONE', #822, #2609, #386, .T. ) ;
#2771 = CARTESIAN_POINT ( 'NONE',  ( 2.500000000000000000, -1.566045976336583045, 1.000000000000000000 ) ) ;
#2772 = DIRECTION ( 'NONE',  ( 1.000000000000000000, -0.000000000000000000, -0.000000000000000000 ) ) ;
#2773 = LINE ( 'NONE', #444, #1949 ) ;
#2774 = CARTESIAN_POINT ( 'NONE',  ( 2.500000000000000444, 0.3471497367237482701, 0.7200372503098677601 ) ) ;
#2775 = ORIENTED_EDGE ( 'NONE', *, *, #3090, .F. ) ;
#2776 = VECTOR ( 'NONE', #2743, 1000.000000000000227 ) ;
#2777 = VECTOR ( 'NONE', #1615, 1000.000000000000000 ) ;
#2778 = ORIENTED_EDGE ( 'NONE', *, *, #2766, .F. ) ;
#2779 = ORIENTED_EDGE ( 'NONE', *, *, #2925, .T. ) ;
#2780 = CARTESIAN_POINT ( 'NONE',  ( 2.500000000000000444, -0.3149556715114246730, 0.7115884332561573933 ) ) ;
#2781 = CARTESIAN_POINT ( 'NONE',  ( 2.499999999999999556, 0.4808284194116039800, 0.4136700295926151183 ) ) ;
#2782 = CARTESIAN_POINT ( 'NONE',  ( 2.490000000000000657, 0.5448900527884154021, 0.5570430274836248863 ) ) ;
#2783 = CARTESIAN_POINT ( 'NONE',  ( 2.490000000000000213, 0.1524390243902441211, 0.7236923506358425850 ) ) ;
#2784 = CARTESIAN_POINT ( 'NONE',  ( 2.490000000000000213, -0.4485518292682927344, 0.2175947896602328235 ) ) ;
#2785 = EDGE_CURVE ( 'NONE', #2974, #1945, #169, .T. ) ;
#2786 = LINE ( 'NONE', #2303, #3358 ) ;
#2787 = CARTESIAN_POINT ( 'NONE',  ( 2.499999999999999112, -0.4123440683672711660, 0.6746741308059869269 ) ) ;
#2788 = EDGE_CURVE ( 'NONE', #2383, #3352, #2488, .T. ) ;
#2789 = CARTESIAN_POINT ( 'NONE',  ( 2.490000000000000213, -0.4280678353658536883, 0.6749118628309644929 ) ) ;
#2790 = EDGE_LOOP ( 'NONE', ( #423, #3010, #3365, #1266 ) ) ;
#2791 = EDGE_LOOP ( 'NONE', ( #2530, #1577, #2313, #1050, #11, #789, #277, #1543, #3035, #1149 ) ) ;
#2792 = ORIENTED_EDGE ( 'NONE', *, *, #2337, .F. ) ;
#2793 = FACE_OUTER_BOUND ( 'NONE', #722, .T. ) ;
#2794 = STYLED_ITEM ( 'NONE', ( #743 ), #388 ) ;
#2795 = CARTESIAN_POINT ( 'NONE',  ( 2.490000000000000213, 0.7292301829268293956, 0.4188143018553547869 ) ) ;
#2796 = AXIS2_PLACEMENT_3D ( 'NONE', #1544, #246, #1254 ) ;
#2797 = CARTESIAN_POINT ( 'NONE',  ( 2.490000000000000657, 0.3964043596830683081, 0.7075330311440403142 ) ) ;
#2798 = CARTESIAN_POINT ( 'NONE',  ( 2.490000000000001101, -0.5201753781452915781, 0.6534398034743152950 ) ) ;
#2799 = CARTESIAN_POINT ( 'NONE',  ( 2.489999999999999769, -0.6824647427725550886, 0.4374685549096452575 ) ) ;
#2800 = PRESENTATION_LAYER_ASSIGNMENT (  '', '', ( #1027 ) ) ;
#2801 = CARTESIAN_POINT ( 'NONE',  ( 2.490000000000000213, 0.8964367378048782031, 0.4188143018553547869 ) ) ;
#2802 = EDGE_CURVE ( 'NONE', #2623, #2044, #3016, .T. ) ;
#2803 = VECTOR ( 'NONE', #1921, 1000.000000000000000 ) ;
#2804 = CARTESIAN_POINT ( 'NONE',  ( 2.490000000000000213, -0.4583434248397348920, 0.2729632427675136030 ) ) ;
#2805 = FILL_AREA_STYLE_COLOUR ( '', #2243 ) ;
#2806 = CARTESIAN_POINT ( 'NONE',  ( 2.490000000000000213, -0.7256097560975609539, 0.2236923506358425850 ) ) ;
#2807 = AXIS2_PLACEMENT_3D ( 'NONE', #135, #2160, #1368 ) ;
#2808 = EDGE_CURVE ( 'NONE', #865, #2652, #746, .T. ) ;
#2809 = CARTESIAN_POINT ( 'NONE',  ( 1.520000000000000018, -0.2499999999999998335, -3.500000000000000000 ) ) ;
#2810 = CARTESIAN_POINT ( 'NONE',  ( 2.490000000000000213, -0.3394609096654184199, 0.2903148954816517358 ) ) ;
#2811 = ORIENTED_EDGE ( 'NONE', *, *, #2183, .F. ) ;
#2812 = ORIENTED_EDGE ( 'NONE', *, *, #2458, .F. ) ;
#2813 = SURFACE_STYLE_USAGE ( .BOTH. , #449 ) ;
#2814 = ORIENTED_EDGE ( 'NONE', *, *, #602, .F. ) ;
#2815 = CARTESIAN_POINT ( 'NONE',  ( 2.499999999999998668, -0.3948270974870726202, 0.7286466847284116533 ) ) ;
#2816 = LINE ( 'NONE', #3338, #1227 ) ;
#2817 = ORIENTED_EDGE ( 'NONE', *, *, #187, .F. ) ;
#2818 = CARTESIAN_POINT ( 'NONE',  ( 2.490000000000000213, -0.4481302321314790116, 0.6744834077329971977 ) ) ;
#2819 = LINE ( 'NONE', #506, #845 ) ;
#2820 = DIRECTION ( 'NONE',  ( 0.000000000000000000, -0.9315776194850603487, -0.3635424856527064708 ) ) ;
#2821 = CARTESIAN_POINT ( 'NONE',  ( 1.520000000000000018, -0.2499999999999998335, -3.500000000000000000 ) ) ;
#2822 = DIRECTION ( 'NONE',  ( 0.000000000000000000, 0.000000000000000000, 1.000000000000000000 ) ) ;
#2823 = FILL_AREA_STYLE_COLOUR ( '', #2844 ) ;
#2824 = CARTESIAN_POINT ( 'NONE',  ( 2.499999999999999112, -0.3248036304379759986, 0.2966964396749421362 ) ) ;
#2825 = B_SPLINE_CURVE_WITH_KNOTS ( 'NONE', 3,
 ( #769, #1057, #1821, #1350, #837, #2357, #274 ),
 .UNSPECIFIED., .F., .F.,
 ( 4, 1, 1, 1, 4 ),
 ( 0.000000000000000000, 0.3005411131585105644, 0.5677471464835982529, 0.8000336137369800094, 1.000000000000000000 ),
 .UNSPECIFIED. ) ;
#2826 = EDGE_CURVE ( 'NONE', #3216, #2181, #366, .T. ) ;
#2827 = B_SPLINE_CURVE_WITH_KNOTS ( 'NONE', 3,
 ( #1535, #2567, #2536, #2048, #217, #1239, #2269, #268, #490, #3080, #3115 ),
 .UNSPECIFIED., .F., .F.,
 ( 4, 1, 1, 1, 1, 1, 1, 1, 4 ),
 ( 0.000000000000000000, 0.1451868664724688951, 0.2834426109197292210, 0.4165243659288286882, 0.5431811235350828548, 0.6651530826377133332, 0.7813602063127152997, 0.8927566556418089494, 1.000000000000000000 ),
 .UNSPECIFIED. ) ;
#2828 = ORIENTED_EDGE ( 'NONE', *, *, #2254, .T. ) ;
#2829 = CARTESIAN_POINT ( 'NONE',  ( 2.490000000000000213, 0.7123666158536586801, 0.3639362530748669888 ) ) ;
#2830 = ORIENTED_EDGE ( 'NONE', *, *, #1041, .F. ) ;
#2831 = CARTESIAN_POINT ( 'NONE',  ( 2.500000000000000444, -0.4228260513954066324, 0.7297482393936483014 ) ) ;
#2832 = EDGE_CURVE ( 'NONE', #2459, #2667, #2346, .T. ) ;
#2833 = CARTESIAN_POINT ( 'NONE',  ( 2.490000000000001545, 0.4677927957049971552, 0.3766155172095924097 ) ) ;
#2834 = VECTOR ( 'NONE', #528, 1000.000000000000000 ) ;
#2835 = VECTOR ( 'NONE', #1635, 1000.000000000000000 ) ;
#2836 = B_SPLINE_CURVE_WITH_KNOTS ( 'NONE', 3,
 ( #2897, #62, #1106, #82, #1984, #2188, #2998, #1431, #679, #3014, #2708, #1452, #1968, #167, #696, #1187, #117, #946, #385 ),
 .UNSPECIFIED., .F., .F.,
 ( 4, 1, 1, 1, 1, 1, 1, 1, 1, 1, 1, 1, 1, 1, 1, 1, 4 ),
 ( 0.000000000000000000, 0.07063927843666165107, 0.1382480257201391949, 0.2033513422613805188, 0.2663073546514734824, 0.3280959248530532779, 0.3887239736335393325, 0.4495937647983102026, 0.5110273866450998348, 0.5720856998822558825, 0.6318755274497673824, 0.6911366246534705882, 0.7503757200018624784, 0.8100448404501349176, 0.8713705360282543166, 0.9344312626533162192, 1.000000000000000000 ),
 .UNSPECIFIED. ) ;
#2837 = ORIENTED_EDGE ( 'NONE', *, *, #270, .T. ) ;
#2838 = DIRECTION ( 'NONE',  ( -1.000000000000000000, 0.000000000000000000, -0.000000000000000000 ) ) ;
#2839 =( GEOMETRIC_REPRESENTATION_CONTEXT ( 3 ) GLOBAL_UNCERTAINTY_ASSIGNED_CONTEXT ( ( #1297 ) ) GLOBAL_UNIT_ASSIGNED_CONTEXT ( ( #419, #1915, #632 ) ) REPRESENTATION_CONTEXT ( 'NONE', 'WORKASPACE' ) );
#2840 = CARTESIAN_POINT ( 'NONE',  ( 2.489999999999999769, 0.3542991784615982520, 0.2856250384757621497 ) ) ;
#2841 = PLANE ( 'NONE',  #1301 ) ;
#2842 = CARTESIAN_POINT ( 'NONE',  ( 2.499999999999999556, -0.4227917705111424729, 0.6748320925327949693 ) ) ;
#2843 = DIRECTION ( 'NONE',  ( 1.000000000000000000, 0.000000000000000000, 0.000000000000000000 ) ) ;
#2844 = COLOUR_RGB ( '',1.000000000000000000, 1.000000000000000000, 1.000000000000000000 ) ;
#2845 = PRODUCT_DEFINITION_SHAPE ( 'NONE', 'NONE',  #1710 ) ;
#2846 = PLANE ( 'NONE',  #34 ) ;
#2847 = LINE ( 'NONE', #1560, #2834 ) ;
#2848 = EDGE_LOOP ( 'NONE', ( #2735, #3230, #2247, #690 ) ) ;
#2849 = EDGE_CURVE ( 'NONE', #415, #552, #3323, .T. ) ;
#2850 = SURFACE_SIDE_STYLE ('',( #1388 ) ) ;
#2851 = ORIENTED_EDGE ( 'NONE', *, *, #2770, .F. ) ;
#2852 = CARTESIAN_POINT ( 'NONE',  ( 2.490000000000000213, -0.3230699268645669808, 0.7148821884000620130 ) ) ;
#2853 =( NAMED_UNIT ( * ) PLANE_ANGLE_UNIT ( ) SI_UNIT ( $, .RADIAN. ) );
#2854 = ORIENTED_EDGE ( 'NONE', *, *, #1465, .T. ) ;
#2855 = EDGE_CURVE ( 'NONE', #740, #502, #731, .T. ) ;
#2856 = VECTOR ( 'NONE', #219, 1000.000000000000000 ) ;
#2857 = CARTESIAN_POINT ( 'NONE',  ( 2.490000000000000657, -0.4572309900372314995, 0.2177893941224020025 ) ) ;
#2858 = CARTESIAN_POINT ( 'NONE',  ( 2.489999999999999769, 0.4808284194116039800, 0.4136700295926151183 ) ) ;
#2859 = VECTOR ( 'NONE', #1637, 1000.000000000000000 ) ;
#2860 = CARTESIAN_POINT ( 'NONE',  ( 2.490000000000001101, -0.5887249747344370787, 0.3541177474861802454 ) ) ;
#2861 = CARTESIAN_POINT ( 'NONE',  ( 2.490000000000000213, -0.3394609096654184199, 0.2903148954816517358 ) ) ;
#2862 = CARTESIAN_POINT ( 'NONE',  ( 2.500000000000000000, -0.3251187419298118830, 0.2418005516495891627 ) ) ;
#2863 = CIRCLE ( 'NONE', #3298, 2.500000000000000000 ) ;
#2864 = FACE_OUTER_BOUND ( 'NONE', #2495, .T. ) ;
#2865 = CARTESIAN_POINT ( 'NONE',  ( 2.490000000000000657, -0.4332725031317559705, 0.2725521087144309185 ) ) ;
#2866 = ORIENTED_EDGE ( 'NONE', *, *, #751, .T. ) ;
#2867 = PLANE ( 'NONE',  #515 ) ;
#2868 =( LENGTH_UNIT ( ) NAMED_UNIT ( * ) SI_UNIT ( .MILLI., .METRE. ) );
#2869 = ORIENTED_EDGE ( 'NONE', *, *, #2341, .T. ) ;
#2870 = CARTESIAN_POINT ( 'NONE',  ( 2.490000000000000213, 0.05487804878048758300, 0.2236923506358425850 ) ) ;
#2871 = DIRECTION ( 'NONE',  ( 1.000000000000000000, 0.000000000000000000, 0.000000000000000000 ) ) ;
#2872 = ORIENTED_EDGE ( 'NONE', *, *, #1290, .T. ) ;
#2873 = PRESENTATION_STYLE_ASSIGNMENT (( #2134 ) ) ;
#2874 = CARTESIAN_POINT ( 'NONE',  ( 1.020000000000000018, -0.2499999999999998335, -3.500000000000000000 ) ) ;
#2875 = LINE ( 'NONE', #556, #1224 ) ;
#2876 = EDGE_CURVE ( 'NONE', #2383, #2964, #2503, .T. ) ;
#2877 = LINE ( 'NONE', #2420, #2058 ) ;
#2878 = CARTESIAN_POINT ( 'NONE',  ( 2.500000000000000000, -0.4457335799464277604, 0.2726383410807856067 ) ) ;
#2879 = CARTESIAN_POINT ( 'NONE',  ( 2.500000000000000000, -0.4457335799464277604, 0.2726383410807856067 ) ) ;
#2880 = DIRECTION ( 'NONE',  ( 1.000000000000000000, -0.000000000000000000, -0.000000000000000000 ) ) ;
#2881 = ORIENTED_EDGE ( 'NONE', *, *, #1884, .T. ) ;
#2882 = LINE ( 'NONE', #1656, #1140 ) ;
#2883 = PRESENTATION_STYLE_ASSIGNMENT (( #1854 ) ) ;
#2884 = CARTESIAN_POINT ( 'NONE',  ( 1.520000000000000018, -0.2499999999999998335, -3.500000000000000000 ) ) ;
#2885 = ORIENTED_EDGE ( 'NONE', *, *, #751, .F. ) ;
#2886 = CARTESIAN_POINT ( 'NONE',  ( 2.490000000000000213, 0.5548780487804880757, 0.4799804603919401447 ) ) ;
#2887 = DIRECTION ( 'NONE',  ( 1.000000000000000000, 0.000000000000000000, 0.000000000000000000 ) ) ;
#2888 = EDGE_LOOP ( 'NONE', ( #482, #380, #1181, #1906, #1937, #899 ) ) ;
#2889 = CARTESIAN_POINT ( 'NONE',  ( 2.490000000000000213, -0.3109756097560976151, 0.7099728384407205661 ) ) ;
#2890 = ORIENTED_EDGE ( 'NONE', *, *, #2605, .F. ) ;
#2891 = CARTESIAN_POINT ( 'NONE',  ( 2.500000000000000000, -0.6829268292682927344, 0.4642601860016962179 ) ) ;
#2892 = CARTESIAN_POINT ( 'NONE',  ( -1.020000000000000018, -0.2499999999999998335, -3.500000000000000000 ) ) ;
#2893 = STYLED_ITEM ( 'NONE', ( #1617 ), #1973 ) ;
#2894 = CARTESIAN_POINT ( 'NONE',  ( 2.490000000000000657, 0.4343971559900886015, 0.6213320649624946013 ) ) ;
#2895 = VECTOR ( 'NONE', #1803, 1000.000000000000000 ) ;
#2896 = VECTOR ( 'NONE', #114, 1000.000000000000000 ) ;
#2897 = CARTESIAN_POINT ( 'NONE',  ( 2.490000000000000213, -0.6829268292682927344, 0.4642601860016962179 ) ) ;
#2898 = CARTESIAN_POINT ( 'NONE',  ( 2.500000000000000000, -0.9146341463414634498, 0.2785703994163303832 ) ) ;
#2899 = EDGE_CURVE ( 'NONE', #2378, #995, #1801, .T. ) ;
#2900 = CARTESIAN_POINT ( 'NONE',  ( 2.490000000000000213, 0.2883955792682929564, 0.2236923506358425850 ) ) ;
#2901 = CARTESIAN_POINT ( 'NONE',  ( 2.490000000000000213, -0.6156808776037937525, 0.4760801504915891935 ) ) ;
#2902 = FACE_BOUND ( 'NONE', #2791, .T. ) ;
#2903 = EDGE_CURVE ( 'NONE', #1117, #827, #1016, .T. ) ;
#2904 = ORIENTED_EDGE ( 'NONE', *, *, #1352, .T. ) ;
#2905 = CARTESIAN_POINT ( 'NONE',  ( 2.489999999999998881, 0.4873237586209716032, 0.5010986632631188042 ) ) ;
#2906 = DIRECTION ( 'NONE',  ( 0.000000000000000000, 0.000000000000000000, -1.000000000000000000 ) ) ;
#2907 = ORIENTED_EDGE ( 'NONE', *, *, #585, .T. ) ;
#2908 = DIRECTION ( 'NONE',  ( 1.000000000000000000, 0.000000000000000000, 0.000000000000000000 ) ) ;
#2909 =( NAMED_UNIT ( * ) PLANE_ANGLE_UNIT ( ) SI_UNIT ( $, .RADIAN. ) );
#2910 = ORIENTED_EDGE ( 'NONE', *, *, #1731, .F. ) ;
#2911 = CARTESIAN_POINT ( 'NONE',  ( 2.490000000000000213, -0.1463414634146343873, 0.2785703994163303832 ) ) ;
#2912 = CARTESIAN_POINT ( 'NONE',  ( 2.500000000000000444, -0.4332725031317559705, 0.2725521087144309185 ) ) ;
#2913 = LINE ( 'NONE', #628, #3276 ) ;
#2914 = VECTOR ( 'NONE', #1323, 1000.000000000000000 ) ;
#2915 = DIRECTION ( 'NONE',  ( 1.000000000000000000, -0.000000000000000000, -0.000000000000000000 ) ) ;
#2916 = CARTESIAN_POINT ( 'NONE',  ( 2.489999999999999769, -0.3729713468732496207, 0.2253838275076615882 ) ) ;
#2917 = LINE ( 'NONE', #2621, #2859 ) ;
#2918 = CARTESIAN_POINT ( 'NONE',  ( 2.500000000000001332, 0.4407023022779723020, 0.2626326989894700592 ) ) ;
#2919 = PRESENTATION_LAYER_ASSIGNMENT (  '', '', ( #2794 ) ) ;
#2920 = CARTESIAN_POINT ( 'NONE',  ( 2.490000000000000213, 0.1524390243902441211, 0.2236923506358425850 ) ) ;
#2921 = VECTOR ( 'NONE', #1028, 1000.000000000000227 ) ;
#2922 = DIRECTION ( 'NONE',  ( 1.000000000000000000, 0.000000000000000000, -0.000000000000000000 ) ) ;
#2923 = FACE_OUTER_BOUND ( 'NONE', #1717, .T. ) ;
#2924 = UNCERTAINTY_MEASURE_WITH_UNIT (LENGTH_MEASURE( 1.000000000000000082E-05 ), #3018, 'distance_accuracy_value', 'NONE');
#2925 = EDGE_CURVE ( 'NONE', #842, #1627, #2819, .T. ) ;
#2926 = ORIENTED_EDGE ( 'NONE', *, *, #1884, .F. ) ;
#2927 = LINE ( 'NONE', #88, #192 ) ;
#2928 = DIRECTION ( 'NONE',  ( 0.000000000000000000, -1.000000000000000000, -0.000000000000000000 ) ) ;
#2929 = ORIENTED_EDGE ( 'NONE', *, *, #1753, .T. ) ;
#2930 = DIRECTION ( 'NONE',  ( 0.000000000000000000, 0.000000000000000000, -1.000000000000000000 ) ) ;
#2931 = PRESENTATION_STYLE_ASSIGNMENT (( #1611 ) ) ;
#2932 = VERTEX_POINT ( 'NONE', #2570 ) ;
#2933 =( LENGTH_UNIT ( ) NAMED_UNIT ( * ) SI_UNIT ( .MILLI., .METRE. ) );
#2934 = CARTESIAN_POINT ( 'NONE',  ( 2.490000000000000657, 0.3003742112840660505, 0.6686678047750246323 ) ) ;
#2935 = CARTESIAN_POINT ( 'NONE',  ( 2.490000000000000657, -0.5673512430813330010, 0.3252856558916842333 ) ) ;
#2936 = CARTESIAN_POINT ( 'NONE',  ( -1.520000000000000018, 0.2500000000000001665, 0.000000000000000000 ) ) ;
#2937 = FACE_OUTER_BOUND ( 'NONE', #2566, .T. ) ;
#2938 = LINE ( 'NONE', #1620, #1887 ) ;
#2939 = CARTESIAN_POINT ( 'NONE',  ( 2.500000000000000888, 0.8154254375407996580, 0.6517807940665286681 ) ) ;
#2940 =( NAMED_UNIT ( * ) PLANE_ANGLE_UNIT ( ) SI_UNIT ( $, .RADIAN. ) );
#2941 = PLANE ( 'NONE',  #1953 ) ;
#2942 = CARTESIAN_POINT ( 'NONE',  ( 2.489999999999999769, 0.3892718138675300144, 0.6504692608853015479 ) ) ;
#2943 = CYLINDRICAL_SURFACE ( 'NONE', #809, 2.950000000000000178 ) ;
#2944 = EDGE_CURVE ( 'NONE', #3009, #32, #2732, .T. ) ;
#2945 = VERTEX_POINT ( 'NONE', #299 ) ;
#2946 = FILL_AREA_STYLE ('',( #3128 ) ) ;
#2947 = ORIENTED_EDGE ( 'NONE', *, *, #648, .F. ) ;
#2948 = CARTESIAN_POINT ( 'NONE',  ( 2.490000000000001101, 0.4614421432605068651, 0.6733546415807539764 ) ) ;
#2949 = ADVANCED_FACE ( 'NONE', ( #575 ), #3185, .T. ) ;
#2950 = SURFACE_SIDE_STYLE ('',( #60 ) ) ;
#2951 = CARTESIAN_POINT ( 'NONE',  ( 2.490000000000000213, 0.7804878048780488076, 0.7236923506358425850 ) ) ;
#2952 =( NAMED_UNIT ( * ) PLANE_ANGLE_UNIT ( ) SI_UNIT ( $, .RADIAN. ) );
#2953 = CARTESIAN_POINT ( 'NONE',  ( 2.500000000000000444, 0.5506623980646333516, 0.4250089634534959804 ) ) ;
#2954 = AXIS2_PLACEMENT_3D ( 'NONE', #1569, #749, #1786 ) ;
#2955 = VECTOR ( 'NONE', #559, 1000.000000000000000 ) ;
#2956 = LINE ( 'NONE', #1382, #2431 ) ;
#2957 = CARTESIAN_POINT ( 'NONE',  ( 2.490000000000000213, -0.6093382724322714550, 0.4062261103780558935 ) ) ;
#2958 = LINE ( 'NONE', #1602, #350 ) ;
#2959 = CARTESIAN_POINT ( 'NONE',  ( 2.500000000000000000, 0.9695121951219513035, 0.2236923506358425850 ) ) ;
#2960 = LINE ( 'NONE', #2701, #354 ) ;
#2961 = FILL_AREA_STYLE ('',( #988 ) ) ;
#2962 = EDGE_LOOP ( 'NONE', ( #3251, #2775, #1234, #897 ) ) ;
#2963 = EDGE_CURVE ( 'NONE', #2514, #862, #2389, .T. ) ;
#2964 = VERTEX_POINT ( 'NONE', #1651 ) ;
#2965 = FACE_OUTER_BOUND ( 'NONE', #992, .T. ) ;
#2966 = CARTESIAN_POINT ( 'NONE',  ( 2.500000000000000444, -0.6829268292682927344, 0.4642601860016962179 ) ) ;
#2967 =( NAMED_UNIT ( * ) SI_UNIT ( $, .STERADIAN. ) SOLID_ANGLE_UNIT ( ) );
#2968 = EDGE_CURVE ( 'NONE', #2932, #1253, #2170, .T. ) ;
#2969 = DIRECTION ( 'NONE',  ( 1.000000000000000000, 0.000000000000000000, -0.000000000000000000 ) ) ;
#2970 = PRESENTATION_STYLE_ASSIGNMENT (( #1172 ) ) ;
#2971 = CARTESIAN_POINT ( 'NONE',  ( 2.490000000000000213, 0.5262841260377207897, 0.3525272168882493951 ) ) ;
#2972 = CARTESIAN_POINT ( 'NONE',  ( 2.499999999999999112, 0.3441520247636225549, 0.2276940765921870724 ) ) ;
#2973 = AXIS2_PLACEMENT_3D ( 'NONE', #680, #697, #2223 ) ;
#2974 = VERTEX_POINT ( 'NONE', #2654 ) ;
#2975 = CARTESIAN_POINT ( 'NONE',  ( 2.500000000000000444, 0.3003742112840660505, 0.6686678047750246323 ) ) ;
#2976 = CARTESIAN_POINT ( 'NONE',  ( 2.499999999999999556, -0.3668698776661521999, 0.6670549254444283482 ) ) ;
#2977 = ORIENTED_EDGE ( 'NONE', *, *, #1125, .T. ) ;
#2978 = DIRECTION ( 'NONE',  ( 1.000000000000000000, 0.000000000000000000, 0.000000000000000000 ) ) ;
#2979 = PRESENTATION_LAYER_ASSIGNMENT (  '', '', ( #212 ) ) ;
#2980 = VERTEX_POINT ( 'NONE', #1860 ) ;
#2981 = CARTESIAN_POINT ( 'NONE',  ( 2.489999999999999769, 0.3723462666522662778, 0.7147427893813803612 ) ) ;
#2982 = VERTEX_POINT ( 'NONE', #1413 ) ;
#2983 = CARTESIAN_POINT ( 'NONE',  ( 2.500000000000001332, -0.6428773401343208516, 0.6177212604891709757 ) ) ;
#2984 =( NAMED_UNIT ( * ) PLANE_ANGLE_UNIT ( ) SI_UNIT ( $, .RADIAN. ) );
#2985 = CARTESIAN_POINT ( 'NONE',  ( 2.500000000000000000, 0.4876414147478185801, 0.4862119355133649456 ) ) ;
#2986 = CARTESIAN_POINT ( 'NONE',  ( 2.500000000000000444, -0.4348428862332496259, 0.6747671739826163195 ) ) ;
#2987 = CARTESIAN_POINT ( 'NONE',  ( 2.490000000000000213, 0.5548780487804880757, 0.4799804603919401447 ) ) ;
#2988 = EDGE_CURVE ( 'NONE', #1033, #531, #614, .T. ) ;
#2989 = ORIENTED_EDGE ( 'NONE', *, *, #1013, .F. ) ;
#2990 = CARTESIAN_POINT ( 'NONE',  ( 2.500000000000000000, -0.3561380406335688531, 0.2298112522883467568 ) ) ;
#2991 = EDGE_CURVE ( 'NONE', #2024, #1269, #95, .T. ) ;
#2992 = DIRECTION ( 'NONE',  ( 0.000000000000000000, 0.000000000000000000, -1.000000000000000000 ) ) ;
#2993 = EDGE_LOOP ( 'NONE', ( #609, #2308, #3265, #1609 ) ) ;
#2994 = LINE ( 'NONE', #1927, #2642 ) ;
#2995 = ORIENTED_EDGE ( 'NONE', *, *, #1889, .F. ) ;
#2996 = ORIENTED_EDGE ( 'NONE', *, *, #1713, .T. ) ;
#2997 = CARTESIAN_POINT ( 'NONE',  ( 2.500000000000000000, 0.4480723509810953797, 0.3448901576796450374 ) ) ;
#2998 = CARTESIAN_POINT ( 'NONE',  ( 2.489999999999999769, -0.6553092219566252208, 0.5957056341629031193 ) ) ;
#2999 = LINE ( 'NONE', #1240, #3224 ) ;
#3000 = ORIENTED_EDGE ( 'NONE', *, *, #2481, .T. ) ;
#3001 = CARTESIAN_POINT ( 'NONE',  ( 2.500000000000000000, 0.4185497136480041402, 0.2506155361583989327 ) ) ;
#3002 = EDGE_CURVE ( 'NONE', #1826, #3022, #3133, .T. ) ;
#3003 = DIRECTION ( 'NONE',  ( 0.000000000000000000, -1.000000000000000000, -0.000000000000000000 ) ) ;
#3004 = MECHANICAL_DESIGN_GEOMETRIC_PRESENTATION_REPRESENTATION (  '', ( #2143 ), #786 ) ;
#3005 = ADVANCED_FACE ( 'NONE', ( #2637 ), #829, .F. ) ;
#3006 = CARTESIAN_POINT ( 'NONE',  ( 2.490000000000000213, -0.4860786835588575272, 0.6675159676108710638 ) ) ;
#3007 = LINE ( 'NONE', #2476, #2731 ) ;
#3008 = PRESENTATION_LAYER_ASSIGNMENT (  '', '', ( #630 ) ) ;
#3009 = VERTEX_POINT ( 'NONE', #1361 ) ;
#3010 = ORIENTED_EDGE ( 'NONE', *, *, #2808, .F. ) ;
#3011 = DIRECTION ( 'NONE',  ( -4.336808689942017736E-16, -1.000000000000000000, 0.000000000000000000 ) ) ;
#3012 = CARTESIAN_POINT ( 'NONE',  ( 2.490000000000000213, -0.6827092058280083142, 0.4739880069975787036 ) ) ;
#3013 = PLANE ( 'NONE',  #3112 ) ;
#3014 = CARTESIAN_POINT ( 'NONE',  ( 2.490000000000000657, -0.6114276053054366056, 0.6571704533361367728 ) ) ;
#3015 = DIRECTION ( 'NONE',  ( 1.000000000000000000, -0.000000000000000000, -0.000000000000000000 ) ) ;
#3016 = LINE ( 'NONE', #524, #2349 ) ;
#3017 = ORIENTED_EDGE ( 'NONE', *, *, #2405, .F. ) ;
#3018 =( LENGTH_UNIT ( ) NAMED_UNIT ( * ) SI_UNIT ( .MILLI., .METRE. ) );
#3019 = LINE ( 'NONE', #1457, #294 ) ;
#3020 = VECTOR ( 'NONE', #1260, 1000.000000000000227 ) ;
#3021 = DIRECTION ( 'NONE',  ( 1.000000000000000000, 0.000000000000000000, -0.000000000000000000 ) ) ;
#3022 = VERTEX_POINT ( 'NONE', #848 ) ;
#3023 = EDGE_CURVE ( 'NONE', #2665, #2630, #569, .T. ) ;
#3024 = ORIENTED_EDGE ( 'NONE', *, *, #896, .T. ) ;
#3025 = AXIS2_PLACEMENT_3D ( 'NONE', #2783, #1518, #2838 ) ;
#3026 = CYLINDRICAL_SURFACE ( 'NONE', #2796, 2.500000000000000000 ) ;
#3027 = EDGE_LOOP ( 'NONE', ( #2252, #2144, #1667, #1080 ) ) ;
#3028 = CARTESIAN_POINT ( 'NONE',  ( 2.500000000000000000, -0.3109756097560976706, 0.3044850335626719251 ) ) ;
#3029 = EDGE_CURVE ( 'NONE', #1192, #480, #2469, .T. ) ;
#3030 = CARTESIAN_POINT ( 'NONE',  ( 2.490000000000000213, 0.1524390243902441211, 0.7236923506358425850 ) ) ;
#3031 = VECTOR ( 'NONE', #1918, 1000.000000000000000 ) ;
#3032 = CARTESIAN_POINT ( 'NONE',  ( 2.489999999999999325, 0.4805926915323623372, 0.6579239205722705597 ) ) ;
#3033 = PLANE ( 'NONE',  #1245 ) ;
#3034 = CARTESIAN_POINT ( 'NONE',  ( 2.490000000000000657, 0.3167229944959293886, 0.2242048672879972393 ) ) ;
#3035 = ORIENTED_EDGE ( 'NONE', *, *, #1954, .T. ) ;
#3036 = LINE ( 'NONE', #1740, #1196 ) ;
#3037 = CARTESIAN_POINT ( 'NONE',  ( 2.500000000000000000, -0.2134146341463417085, 0.7236923506358425850 ) ) ;
#3038 = VECTOR ( 'NONE', #2745, 1000.000000000000000 ) ;
#3039 = DIRECTION ( 'NONE',  ( -1.000000000000000000, 0.000000000000000000, 0.000000000000000000 ) ) ;
#3040 = CARTESIAN_POINT ( 'NONE',  ( 2.499999999999999112, 0.4805926915323623372, 0.6579239205722705597 ) ) ;
#3041 = VERTEX_POINT ( 'NONE', #661 ) ;
#3042 = ORIENTED_EDGE ( 'NONE', *, *, #1522, .F. ) ;
#3043 = EDGE_CURVE ( 'NONE', #2762, #3216, #2720, .T. ) ;
#3044 = CARTESIAN_POINT ( 'NONE',  ( 2.490000000000000213, -0.1463414634146343873, 0.6688143018553547314 ) ) ;
#3045 = ORIENTED_EDGE ( 'NONE', *, *, #2988, .F. ) ;
#3046 = FILL_AREA_STYLE ('',( #2046 ) ) ;
#3047 = CARTESIAN_POINT ( 'NONE',  ( 2.500000000000000000, -1.566045976336583045, 1.000000000000000000 ) ) ;
#3048 = DIRECTION ( 'NONE',  ( 0.000000000000000000, 0.000000000000000000, -1.000000000000000000 ) ) ;
#3049 = ADVANCED_FACE ( 'NONE', ( #146 ), #1090, .T. ) ;
#3050 = CARTESIAN_POINT ( 'NONE',  ( 2.489999999999999325, -0.5356883422703848652, 0.6436583228438939042 ) ) ;
#3051 = DIRECTION ( 'NONE',  ( 1.000000000000000000, -0.000000000000000000, -0.000000000000000000 ) ) ;
#3052 = CARTESIAN_POINT ( 'NONE',  ( -1.020000000000000018, -0.2499999999999998335, 0.000000000000000000 ) ) ;
#3053 = CARTESIAN_POINT ( 'NONE',  ( 2.500000000000000000, -0.3109756097560976151, 0.6428996677090133005 ) ) ;
#3054 = CARTESIAN_POINT ( 'NONE',  ( 0.000000000000000000, 0.000000000000000000, 1.000000000000000000 ) ) ;
#3055 =( NAMED_UNIT ( * ) SI_UNIT ( $, .STERADIAN. ) SOLID_ANGLE_UNIT ( ) );
#3056 = ORIENTED_EDGE ( 'NONE', *, *, #106, .F. ) ;
#3057 = VECTOR ( 'NONE', #612, 1000.000000000000000 ) ;
#3058 = VECTOR ( 'NONE', #201, 1000.000000000000000 ) ;
#3059 = ORIENTED_EDGE ( 'NONE', *, *, #1671, .F. ) ;
#3060 = ORIENTED_EDGE ( 'NONE', *, *, #1251, .F. ) ;
#3061 = CARTESIAN_POINT ( 'NONE',  ( -1.520000000000000018, -0.2499999999999998335, -3.500000000000000000 ) ) ;
#3062 = CARTESIAN_POINT ( 'NONE',  ( 2.500000000000000444, 0.4876323545444964380, 0.4708600546263441156 ) ) ;
#3063 = EDGE_CURVE ( 'NONE', #395, #2635, #2186, .T. ) ;
#3064 = CARTESIAN_POINT ( 'NONE',  ( 2.500000000000000444, 0.5262452397905713619, 0.6017584022771551577 ) ) ;
#3065 = CARTESIAN_POINT ( 'NONE',  ( 2.500000000000000000, -0.1463414634146343873, 0.4493021067334035390 ) ) ;
#3066 = DIRECTION ( 'NONE',  ( 1.000000000000000000, -0.000000000000000000, -0.000000000000000000 ) ) ;
#3067 = EDGE_CURVE ( 'NONE', #1960, #776, #1113, .T. ) ;
#3068 = LINE ( 'NONE', #472, #162 ) ;
#3069 = CARTESIAN_POINT ( 'NONE',  ( 2.490000000000000213, 0.04268292682926805998, 0.7236923506358425850 ) ) ;
#3070 = CARTESIAN_POINT ( 'NONE',  ( 2.489999999999999769, -0.4675357483784615686, 0.6716646689791242464 ) ) ;
#3071 = CARTESIAN_POINT ( 'NONE',  ( 2.500000000000000444, -0.3109756097560976706, 0.3044850335626719251 ) ) ;
#3072 = ORIENTED_EDGE ( 'NONE', *, *, #1123, .T. ) ;
#3073 = EDGE_LOOP ( 'NONE', ( #3302, #1760, #656, #3162, #641, #1281 ) ) ;
#3074 =( NAMED_UNIT ( * ) SI_UNIT ( $, .STERADIAN. ) SOLID_ANGLE_UNIT ( ) );
#3075 = VERTEX_POINT ( 'NONE', #1848 ) ;
#3076 = MECHANICAL_DESIGN_GEOMETRIC_PRESENTATION_REPRESENTATION (  '', ( #2794 ), #866 ) ;
#3077 = CARTESIAN_POINT ( 'NONE',  ( 2.499999999999999112, 0.4587940853905138061, 0.3600703385204816476 ) ) ;
#3078 = VECTOR ( 'NONE', #2068, 1000.000000000000000 ) ;
#3079 = CARTESIAN_POINT ( 'NONE',  ( 2.500000000000000000, 0.5542881074801210284, 0.5067663995250276665 ) ) ;
#3080 = CARTESIAN_POINT ( 'NONE',  ( 2.490000000000000657, -0.3149556715114246730, 0.7115884332561573933 ) ) ;
#3081 = CARTESIAN_POINT ( 'NONE',  ( 2.500000000000000000, -0.1463414634146343873, 0.2785703994163303832 ) ) ;
#3082 = VECTOR ( 'NONE', #1600, 1000.000000000000000 ) ;
#3083 = CARTESIAN_POINT ( 'NONE',  ( 2.500000000000000000, -0.6195339051626860272, 0.2849727916129360383 ) ) ;
#3084 = CARTESIAN_POINT ( 'NONE',  ( 2.489999999999999769, -0.3156673051435922583, 0.2470173599472375303 ) ) ;
#3085 = DIRECTION ( 'NONE',  ( -1.000000000000000000, 0.000000000000000000, 0.000000000000000000 ) ) ;
#3086 = EDGE_CURVE ( 'NONE', #57, #1962, #1104, .T. ) ;
#3087 = CARTESIAN_POINT ( 'NONE',  ( 2.500000000000000444, -0.4418158324514969149, 0.2176737915654293198 ) ) ;
#3088 = CARTESIAN_POINT ( 'NONE',  ( 2.500000000000000000, -0.6158536585365854688, 0.4683569847821840160 ) ) ;
#3089 = CARTESIAN_POINT ( 'NONE',  ( 2.490000000000000657, -0.3109756097560976706, 0.3044850335626719251 ) ) ;
#3090 = EDGE_CURVE ( 'NONE', #2277, #2932, #2913, .T. ) ;
#3091 = VECTOR ( 'NONE', #1006, 1000.000000000000000 ) ;
#3092 = VERTEX_POINT ( 'NONE', #2135 ) ;
#3093 =( LENGTH_UNIT ( ) NAMED_UNIT ( * ) SI_UNIT ( .MILLI., .METRE. ) );
#3094 = ORIENTED_EDGE ( 'NONE', *, *, #998, .T. ) ;
#3095 = CARTESIAN_POINT ( 'NONE',  ( 2.490000000000001545, -0.3789534589230549311, 0.7272048303693324778 ) ) ;
#3096 = CARTESIAN_POINT ( 'NONE',  ( 2.500000000000000444, -0.6733423324251687214, 0.5472641653250109872 ) ) ;
#3097 = ORIENTED_EDGE ( 'NONE', *, *, #2766, .T. ) ;
#3098 = CARTESIAN_POINT ( 'NONE',  ( 2.490000000000001101, -0.5958816601233329902, 0.5717458507988479877 ) ) ;
#3099 = CARTESIAN_POINT ( 'NONE',  ( 2.490000000000000657, -0.4572309900372314995, 0.2177893941224020025 ) ) ;
#3100 = CARTESIAN_POINT ( 'NONE',  ( 2.500000000000000000, -0.2134146341463417085, 0.7236923506358425850 ) ) ;
#3101 = CARTESIAN_POINT ( 'NONE',  ( 2.490000000000000213, -0.3561380406335688531, 0.2298112522883467568 ) ) ;
#3102 = LINE ( 'NONE', #2821, #3329 ) ;
#3103 = LINE ( 'NONE', #3069, #2955 ) ;
#3104 = PLANE ( 'NONE',  #2327 ) ;
#3105 = CARTESIAN_POINT ( 'NONE',  ( 2.500000000000000444, 0.8101486246691071980, 0.6524303159925495255 ) ) ;
#3106 = EDGE_CURVE ( 'NONE', #2748, #1374, #1652, .T. ) ;
#3107 = ORIENTED_EDGE ( 'NONE', *, *, #1460, .F. ) ;
#3108 = FILL_AREA_STYLE ('',( #2114 ) ) ;
#3109 = ORIENTED_EDGE ( 'NONE', *, *, #452, .F. ) ;
#3110 = CARTESIAN_POINT ( 'NONE',  ( 2.499999999999999556, -0.3359067750317611400, 0.7187913505427298011 ) ) ;
#3111 = CARTESIAN_POINT ( 'NONE',  ( 2.500000000000000000, -0.5928876144367650758, 0.6741321962493060926 ) ) ;
#3112 = AXIS2_PLACEMENT_3D ( 'NONE', #1450, #963, #436 ) ;
#3113 = ORIENTED_EDGE ( 'NONE', *, *, #2628, .F. ) ;
#3114 = B_SPLINE_CURVE_WITH_KNOTS ( 'NONE', 3,
 ( #119, #613, #3173, #1093, #1638, #1917, #357, #1365, #1902, #906, #1156, #580, #1618, #853, #2158, #1398, #1381, #337, #2422 ),
 .UNSPECIFIED., .F., .F.,
 ( 4, 1, 1, 1, 1, 1, 1, 1, 1, 1, 1, 1, 1, 1, 1, 1, 4 ),
 ( 0.000000000000000000, 0.07083094766000895548, 0.1381775682686504914, 0.2024878388566209442, 0.2639900606219178769, 0.3234002964737123786, 0.3818212071472359415, 0.4394172165590940482, 0.4971338881340985338, 0.5548969011186466460, 0.6129801977060126417, 0.6715185466612459964, 0.7316391459054637503, 0.7942851049615082815, 0.8594735249026045354, 0.9276768581776968503, 1.000000000000000000 ),
 .UNSPECIFIED. ) ;
#3115 = CARTESIAN_POINT ( 'NONE',  ( 2.490000000000000213, -0.3109756097560976151, 0.7099728384407205661 ) ) ;
#3116 = COLOUR_RGB ( '',0.8509803921568627194, 0.8509803921568627194, 0.8509803921568627194 ) ;
#3117 = CARTESIAN_POINT ( 'NONE',  ( 2.490000000000000657, -0.6744179052638624716, 0.3870654617829962785 ) ) ;
#3118 = CARTESIAN_POINT ( 'NONE',  ( 2.500000000000000888, -0.6028399312424838064, 0.2692324835745237843 ) ) ;
#3119 = DIRECTION ( 'NONE',  ( 0.000000000000000000, 0.000000000000000000, -1.000000000000000000 ) ) ;
#3120 = DIRECTION ( 'NONE',  ( -0.000000000000000000, 0.000000000000000000, 1.000000000000000000 ) ) ;
#3121 = LINE ( 'NONE', #1837, #2512 ) ;
#3122 = UNCERTAINTY_MEASURE_WITH_UNIT (LENGTH_MEASURE( 1.000000000000000082E-05 ), #1124, 'distance_accuracy_value', 'NONE');
#3123 = B_SPLINE_CURVE_WITH_KNOTS ( 'NONE', 3,
 ( #668, #2439, #2191, #2253, #387, #953, #2726 ),
 .UNSPECIFIED., .F., .F.,
 ( 4, 1, 1, 1, 4 ),
 ( 0.000000000000000000, 0.3005411131585105644, 0.5677471464835982529, 0.8000336137369800094, 1.000000000000000000 ),
 .UNSPECIFIED. ) ;
#3124 = ORIENTED_EDGE ( 'NONE', *, *, #2458, .T. ) ;
#3125 = CARTESIAN_POINT ( 'NONE',  ( 0.000000000000000000, 0.000000000000000000, 1.000000000000000000 ) ) ;
#3126 = EDGE_CURVE ( 'NONE', #2181, #2982, #2111, .T. ) ;
#3127 = ORIENTED_EDGE ( 'NONE', *, *, #332, .T. ) ;
#3128 = FILL_AREA_STYLE_COLOUR ( '', #2479 ) ;
#3129 = ORIENTED_EDGE ( 'NONE', *, *, #2465, .T. ) ;
#3130 = VECTOR ( 'NONE', #3153, 1000.000000000000000 ) ;
#3131 = CARTESIAN_POINT ( 'NONE',  ( 2.500000000000000444, -0.6744179052638624716, 0.3870654617829962785 ) ) ;
#3132 = EDGE_CURVE ( 'NONE', #2044, #521, #2121, .T. ) ;
#3133 = LINE ( 'NONE', #2874, #2619 ) ;
#3134 = LINE ( 'NONE', #3205, #627 ) ;
#3135 = MECHANICAL_DESIGN_GEOMETRIC_PRESENTATION_REPRESENTATION (  '', ( #536 ), #756 ) ;
#3136 = FACE_BOUND ( 'NONE', #2061, .T. ) ;
#3137 = CARTESIAN_POINT ( 'NONE',  ( 2.500000000000000888, -0.5410008047416681176, 0.3020690981457891389 ) ) ;
#3138 =( GEOMETRIC_REPRESENTATION_CONTEXT ( 3 ) GLOBAL_UNCERTAINTY_ASSIGNED_CONTEXT ( ( #2443 ) ) GLOBAL_UNIT_ASSIGNED_CONTEXT ( ( #465, #3316, #484 ) ) REPRESENTATION_CONTEXT ( 'NONE', 'WORKASPACE' ) );
#3139 = EDGE_LOOP ( 'NONE', ( #2105, #2559, #911, #1133 ) ) ;
#3140 = PRESENTATION_STYLE_ASSIGNMENT (( #1366 ) ) ;
#3141 = SURFACE_STYLE_FILL_AREA ( #510 ) ;
#3142 = DIRECTION ( 'NONE',  ( 1.000000000000000000, -0.000000000000000000, -0.000000000000000000 ) ) ;
#3143 = ORIENTED_EDGE ( 'NONE', *, *, #1056, .F. ) ;
#3144 = CARTESIAN_POINT ( 'NONE',  ( 2.500000000000000444, 0.4193083540477331450, 0.6982815804155321215 ) ) ;
#3145 = CARTESIAN_POINT ( 'NONE',  ( 2.499999999999999556, -0.3638328332527673292, 0.7249565195013689678 ) ) ;
#3146 = ORIENTED_EDGE ( 'NONE', *, *, #1041, .T. ) ;
#3147 = DIRECTION ( 'NONE',  ( -1.000000000000000000, 0.000000000000000000, -0.000000000000000000 ) ) ;
#3148 = EDGE_CURVE ( 'NONE', #2630, #810, #2154, .T. ) ;
#3149 = EDGE_LOOP ( 'NONE', ( #762, #3289, #1166, #1513 ) ) ;
#3150 = CARTESIAN_POINT ( 'NONE',  ( 2.490000000000000657, -0.4091822946474106271, 0.2194155179397346833 ) ) ;
#3151 = CARTESIAN_POINT ( 'NONE',  ( 2.500000000000000000, -0.6584940720764861366, 0.3420743049033029282 ) ) ;
#3152 = EDGE_CURVE ( 'NONE', #3009, #2199, #61, .T. ) ;
#3153 = DIRECTION ( 'NONE',  ( 1.000000000000000000, -0.000000000000000000, -0.000000000000000000 ) ) ;
#3154 = CARTESIAN_POINT ( 'NONE',  ( 2.489999999999999769, -0.4942639298523535119, 0.2795600270628612050 ) ) ;
#3155 = CARTESIAN_POINT ( 'NONE',  ( 2.500000000000000000, -0.6093382724322714550, 0.4062261103780558935 ) ) ;
#3156 = CARTESIAN_POINT ( 'NONE',  ( 2.490000000000000213, 0.9189214939024391571, 0.3639362530748669888 ) ) ;
#3157 = CARTESIAN_POINT ( 'NONE',  ( 2.490000000000000213, -0.5638301046618540147, 0.6192240549220856538 ) ) ;
#3158 = CARTESIAN_POINT ( 'NONE',  ( 2.500000000000000000, -1.566045976336583045, 1.000000000000000000 ) ) ;
#3159 = ORIENTED_EDGE ( 'NONE', *, *, #2826, .T. ) ;
#3160 = DIRECTION ( 'NONE',  ( 0.000000000000000000, -1.000000000000000000, 0.000000000000000000 ) ) ;
#3161 = CARTESIAN_POINT ( 'NONE',  ( 2.500000000000000444, -0.3149556715114246730, 0.7115884332561573933 ) ) ;
#3162 = ORIENTED_EDGE ( 'NONE', *, *, #2855, .F. ) ;
#3163 = CARTESIAN_POINT ( 'NONE',  ( 1.520000000000000018, -0.2499999999999998335, 0.000000000000000000 ) ) ;
#3164 = ORIENTED_EDGE ( 'NONE', *, *, #1290, .F. ) ;
#3165 = DIRECTION ( 'NONE',  ( 1.000000000000000000, 0.000000000000000000, -0.000000000000000000 ) ) ;
#3166 = DIRECTION ( 'NONE',  ( 0.000000000000000000, 1.000000000000000000, 0.000000000000000000 ) ) ;
#3167 = VECTOR ( 'NONE', #2110, 1000.000000000000000 ) ;
#3168 = CARTESIAN_POINT ( 'NONE',  ( 2.490000000000000213, 0.3892718138675300144, 0.6504692608853015479 ) ) ;
#3169 = AXIS2_PLACEMENT_3D ( 'NONE', #1766, #469, #1517 ) ;
#3170 = VECTOR ( 'NONE', #3051, 1000.000000000000000 ) ;
#3171 = PLANE ( 'NONE',  #370 ) ;
#3172 = CARTESIAN_POINT ( 'NONE',  ( 2.490000000000000213, 1.042682926829268331, 0.2236923506358425850 ) ) ;
#3173 = CARTESIAN_POINT ( 'NONE',  ( 2.499999999999999556, 0.3127223737585936303, 0.2790509430487303488 ) ) ;
#3174 = EDGE_CURVE ( 'NONE', #296, #1315, #3134, .T. ) ;
#3175 = STYLED_ITEM ( 'NONE', ( #1722 ), #3237 ) ;
#3176 = CARTESIAN_POINT ( 'NONE',  ( 2.490000000000000213, 0.8964367378048782031, 0.4188143018553547869 ) ) ;
#3177 = DIRECTION ( 'NONE',  ( 0.000000000000000000, -0.9466707760722532505, 0.3222024856061136422 ) ) ;
#3178 = FACE_BOUND ( 'NONE', #323, .T. ) ;
#3179 = EDGE_LOOP ( 'NONE', ( #550, #1173, #2929, #2480 ) ) ;
#3180 = LINE ( 'NONE', #1147, #2300 ) ;
#3181 = EDGE_LOOP ( 'NONE', ( #17, #1210, #977 ) ) ;
#3182 = CARTESIAN_POINT ( 'NONE',  ( 2.490000000000000213, -0.4280678353658536883, 0.6749118628309644929 ) ) ;
#3183 = ORIENTED_EDGE ( 'NONE', *, *, #122, .T. ) ;
#3184 = CARTESIAN_POINT ( 'NONE',  ( 2.499999999999999556, -0.6824647427725550886, 0.4374685549096452575 ) ) ;
#3185 = PLANE ( 'NONE',  #949 ) ;
#3186 = CARTESIAN_POINT ( 'NONE',  ( 2.490000000000000213, 0.05487804878048758300, 0.2236923506358425850 ) ) ;
#3187 = CARTESIAN_POINT ( 'NONE',  ( 2.490000000000000213, -0.4767542180190583734, 0.2754876826378731547 ) ) ;
#3188 = CARTESIAN_POINT ( 'NONE',  ( 2.500000000000000444, 0.5542802873806471631, 0.4520250609928600505 ) ) ;
#3189 = FILL_AREA_STYLE_COLOUR ( '', #1029 ) ;
#3190 = ADVANCED_FACE ( 'NONE', ( #2390 ), #814, .T. ) ;
#3191 = CARTESIAN_POINT ( 'NONE',  ( 2.490000000000000213, 0.7123666158536586801, 0.3639362530748669888 ) ) ;
#3192 = DIRECTION ( 'NONE',  ( 1.000000000000000000, -0.000000000000000000, -0.000000000000000000 ) ) ;
#3193 = VECTOR ( 'NONE', #1137, 1000.000000000000000 ) ;
#3194 = EDGE_CURVE ( 'NONE', #1579, #431, #1914, .T. ) ;
#3195 = FILL_AREA_STYLE ('',( #2411 ) ) ;
#3196 = FACE_OUTER_BOUND ( 'NONE', #3027, .T. ) ;
#3197 = CARTESIAN_POINT ( 'NONE',  ( 2.500000000000000000, -0.3109756097560976151, 0.6428996677090133005 ) ) ;
#3198 = ORIENTED_EDGE ( 'NONE', *, *, #728, .T. ) ;
#3199 = DIRECTION ( 'NONE',  ( 1.000000000000000000, -0.000000000000000000, -0.000000000000000000 ) ) ;
#3200 = VERTEX_POINT ( 'NONE', #2951 ) ;
#3201 = VECTOR ( 'NONE', #1621, 1000.000000000000227 ) ;
#3202 = DIRECTION ( 'NONE',  ( 0.000000000000000000, 0.000000000000000000, -1.000000000000000000 ) ) ;
#3203 = CARTESIAN_POINT ( 'NONE',  ( 2.500000000000000000, 0.8038300304878049918, 0.6276557652699888967 ) ) ;
#3204 = ADVANCED_BREP_SHAPE_REPRESENTATION ( 'LED-TH_5mm_W', ( #1830, #2572 ), #631 ) ;
#3205 = CARTESIAN_POINT ( 'NONE',  ( 2.490000000000000213, 0.9189214939024391571, 0.3639362530748669888 ) ) ;
#3206 = CARTESIAN_POINT ( 'NONE',  ( 2.489999999999999769, -0.5107801034039830546, 0.2853809698617769119 ) ) ;
#3207 = CARTESIAN_POINT ( 'NONE',  ( 2.500000000000000444, -0.6131123187452874879, 0.4259302890566464828 ) ) ;
#3208 = CARTESIAN_POINT ( 'NONE',  ( 2.490000000000000657, 0.5546761151791655964, 0.4705366681387654348 ) ) ;
#3209 = DIRECTION ( 'NONE',  ( -0.000000000000000000, -0.000000000000000000, -1.000000000000000000 ) ) ;
#3210 = CARTESIAN_POINT ( 'NONE',  ( 2.490000000000000213, 0.9189214939024391571, 0.3639362530748669888 ) ) ;
#3211 = FILL_AREA_STYLE_COLOUR ( '', #2296 ) ;
#3212 = EDGE_CURVE ( 'NONE', #431, #995, #2875, .T. ) ;
#3213 = CARTESIAN_POINT ( 'NONE',  ( 2.490000000000000213, 0.9695121951219513035, 0.2236923506358425850 ) ) ;
#3214 = CARTESIAN_POINT ( 'NONE',  ( 2.499999999999999556, 0.4747429808993601230, 0.5614328230844967127 ) ) ;
#3215 = CARTESIAN_POINT ( 'NONE',  ( 2.490000000000000657, -0.3523311418886923563, 0.6626084250295868339 ) ) ;
#3216 = VERTEX_POINT ( 'NONE', #643 ) ;
#3217 = FILL_AREA_STYLE_COLOUR ( '', #2756 ) ;
#3218 = ADVANCED_FACE ( 'NONE', ( #2452 ), #3013, .T. ) ;
#3219 = EDGE_LOOP ( 'NONE', ( #3335, #382, #802, #1495 ) ) ;
#3220 = CARTESIAN_POINT ( 'NONE',  ( 2.490000000000000213, 0.4358335425745301639, 0.3310309715664422336 ) ) ;
#3221 = CARTESIAN_POINT ( 'NONE',  ( 2.499999999999999556, -0.4675357483784615686, 0.6716646689791242464 ) ) ;
#3222 = PLANE ( 'NONE',  #1334 ) ;
#3223 = VECTOR ( 'NONE', #1677, 1000.000000000000000 ) ;
#3224 = VECTOR ( 'NONE', #3307, 1000.000000000000000 ) ;
#3225 = CARTESIAN_POINT ( 'NONE',  ( 2.500000000000000444, 0.5546761151791655964, 0.4705366681387654348 ) ) ;
#3226 = CARTESIAN_POINT ( 'NONE',  ( 2.500000000000000000, -0.6093382724322714550, 0.4062261103780558935 ) ) ;
#3227 = ORIENTED_EDGE ( 'NONE', *, *, #1485, .F. ) ;
#3228 = CARTESIAN_POINT ( 'NONE',  ( 2.500000000000000000, 0.4876414147478185801, 0.4862119355133649456 ) ) ;
#3229 =( LENGTH_UNIT ( ) NAMED_UNIT ( * ) SI_UNIT ( .MILLI., .METRE. ) );
#3230 = ORIENTED_EDGE ( 'NONE', *, *, #1439, .F. ) ;
#3231 = ORIENTED_EDGE ( 'NONE', *, *, #1013, .T. ) ;
#3232 = EDGE_CURVE ( 'NONE', #447, #3239, #2707, .T. ) ;
#3233 = CARTESIAN_POINT ( 'NONE',  ( 0.000000000000000000, 0.000000000000000000, 1.000000000000000000 ) ) ;
#3234 = CARTESIAN_POINT ( 'NONE',  ( 2.499999999999999556, -0.5060800096061540687, 0.7199542964054865823 ) ) ;
#3235 = CARTESIAN_POINT ( 'NONE',  ( 2.489999999999999769, 0.3542991784615982520, 0.2856250384757621497 ) ) ;
#3236 = CARTESIAN_POINT ( 'NONE',  ( 2.500000000000000444, 0.4204154633882445369, 0.6324575817067066286 ) ) ;
#3237 = ADVANCED_FACE ( 'NONE', ( #1967 ), #2435, .F. ) ;
#3238 = CARTESIAN_POINT ( 'NONE',  ( 2.499999999999999112, -0.5503297470537523717, 0.6323231979320382834 ) ) ;
#3239 = VERTEX_POINT ( 'NONE', #712 ) ;
#3240 = CARTESIAN_POINT ( 'NONE',  ( 2.500000000000000000, 0.05487804878048763851, 0.2785703994163304387 ) ) ;
#3241 = DIRECTION ( 'NONE',  ( 0.000000000000000000, -1.000000000000000000, -0.000000000000000000 ) ) ;
#3242 = LINE ( 'NONE', #924, #1866 ) ;
#3243 = AXIS2_PLACEMENT_3D ( 'NONE', #2401, #2930, #3147 ) ;
#3244 = AXIS2_PLACEMENT_3D ( 'NONE', #2911, #3202, #1134 ) ;
#3245 = DIRECTION ( 'NONE',  ( 0.000000000000000000, -1.000000000000000000, 0.000000000000000000 ) ) ;
#3246 = DIRECTION ( 'NONE',  ( 1.000000000000000000, 0.000000000000000000, -0.000000000000000000 ) ) ;
#3247 = ORIENTED_EDGE ( 'NONE', *, *, #728, .F. ) ;
#3248 =( NAMED_UNIT ( * ) SI_UNIT ( $, .STERADIAN. ) SOLID_ANGLE_UNIT ( ) );
#3249 = ORIENTED_EDGE ( 'NONE', *, *, #2849, .T. ) ;
#3250 = PLANE ( 'NONE',  #596 ) ;
#3251 = ORIENTED_EDGE ( 'NONE', *, *, #2968, .F. ) ;
#3252 = CARTESIAN_POINT ( 'NONE',  ( 0.000000000000000000, 0.000000000000000000, 1.000000000000000000 ) ) ;
#3253 = AXIS2_PLACEMENT_3D ( 'NONE', #3191, #3177, #876 ) ;
#3254 = CARTESIAN_POINT ( 'NONE',  ( 2.499999999999999556, 0.3731999763739955456, 0.2913007871615728717 ) ) ;
#3255 = FILL_AREA_STYLE_COLOUR ( '', #1720 ) ;
#3256 = CARTESIAN_POINT ( 'NONE',  ( 2.500000000000000000, -0.6156808776037937525, 0.4760801504915891935 ) ) ;
#3257 = DIRECTION ( 'NONE',  ( 0.000000000000000000, -1.000000000000000000, 0.000000000000000000 ) ) ;
#3258 = ADVANCED_FACE ( 'NONE', ( #179 ), #1696, .T. ) ;
#3259 = VERTEX_POINT ( 'NONE', #2330 ) ;
#3260 = PLANE ( 'NONE',  #2698 ) ;
#3261 = PLANE ( 'NONE',  #2066 ) ;
#3262 = PLANE ( 'NONE',  #570 ) ;
#3263 = ORIENTED_EDGE ( 'NONE', *, *, #205, .T. ) ;
#3264 = DIRECTION ( 'NONE',  ( 0.000000000000000000, -1.000000000000000000, 0.000000000000000000 ) ) ;
#3265 = ORIENTED_EDGE ( 'NONE', *, *, #1045, .T. ) ;
#3266 = CARTESIAN_POINT ( 'NONE',  ( 2.489999999999999769, 0.8134527439024390461, 0.6627167408797449699 ) ) ;
#3267 = CARTESIAN_POINT ( 'NONE',  ( 2.489999999999999769, -0.5731255805401034298, 0.6891921766128368265 ) ) ;
#3268 = CARTESIAN_POINT ( 'NONE',  ( 2.500000000000000000, 0.4358335425745301639, 0.3310309715664422336 ) ) ;
#3269 = CARTESIAN_POINT ( 'NONE',  ( 2.500000000000000000, 0.2935403963414636719, 0.7236923506358425850 ) ) ;
#3270 = CARTESIAN_POINT ( 'NONE',  ( 2.490000000000000213, 0.03048780487804853695, 0.5041801555138913926 ) ) ;
#3271 = CARTESIAN_POINT ( 'NONE',  ( 2.490000000000000213, -0.4485518292682927344, 0.2175947896602328235 ) ) ;
#3272 = ORIENTED_EDGE ( 'NONE', *, *, #2118, .T. ) ;
#3273 = FILL_AREA_STYLE_COLOUR ( '', #1576 ) ;
#3274 = CARTESIAN_POINT ( 'NONE',  ( 2.500000000000000000, -0.9817073170731707155, 0.7236923506358425850 ) ) ;
#3275 = EDGE_CURVE ( 'NONE', #533, #2400, #520, .T. ) ;
#3276 = VECTOR ( 'NONE', #1378, 1000.000000000000000 ) ;
#3277 = CARTESIAN_POINT ( 'NONE',  ( 2.500000000000000888, 0.4614421432605068651, 0.6733546415807539764 ) ) ;
#3278 = SURFACE_STYLE_FILL_AREA ( #2509 ) ;
#3279 = EDGE_CURVE ( 'NONE', #2504, #2081, #2765, .T. ) ;
#3280 = ORIENTED_EDGE ( 'NONE', *, *, #3023, .F. ) ;
#3281 = ORIENTED_EDGE ( 'NONE', *, *, #1286, .T. ) ;
#3282 = SURFACE_SIDE_STYLE ('',( #2450 ) ) ;
#3283 = ORIENTED_EDGE ( 'NONE', *, *, #804, .F. ) ;
#3284 = CARTESIAN_POINT ( 'NONE',  ( 2.500000000000000888, -0.6733423324251687214, 0.5472641653250109872 ) ) ;
#3285 = B_SPLINE_CURVE_WITH_KNOTS ( 'NONE', 3,
 ( #763, #2085, #2818, #1501, #3, #1288, #2798, #3050, #232, #1814, #2315, #1258, #3098, #794, #1051, #2284, #999, #1272, #522 ),
 .UNSPECIFIED., .F., .F.,
 ( 4, 1, 1, 1, 1, 1, 1, 1, 1, 1, 1, 1, 1, 1, 1, 1, 4 ),
 ( 0.000000000000000000, 0.06460651091172689431, 0.1267073966769823867, 0.1867641584560547074, 0.2456160792896875389, 0.3036342601009776598, 0.3614875846788058178, 0.4202270435406769700, 0.4800225128200916735, 0.5406696917432136651, 0.6011857431162469512, 0.6623298436784399446, 0.7250194742551526739, 0.7894594567563147924, 0.8564992169370777564, 0.9263091979800034403, 1.000000000000000000 ),
 .UNSPECIFIED. ) ;
#3286 = CARTESIAN_POINT ( 'NONE',  ( 2.490000000000000657, 0.3207372805922880654, 0.7230860032179341479 ) ) ;
#3287 = FACE_OUTER_BOUND ( 'NONE', #931, .T. ) ;
#3288 = CARTESIAN_POINT ( 'NONE',  ( 2.500000000000000444, 0.3167229944959293886, 0.2242048672879972393 ) ) ;
#3289 = ORIENTED_EDGE ( 'NONE', *, *, #916, .F. ) ;
#3290 = CARTESIAN_POINT ( 'NONE',  ( 2.500000000000000000, 0.5548780487804880757, 0.4799804603919401447 ) ) ;
#3291 = LINE ( 'NONE', #2238, #785 ) ;
#3292 = UNCERTAINTY_MEASURE_WITH_UNIT (LENGTH_MEASURE( 1.000000000000000082E-05 ), #2868, 'distance_accuracy_value', 'NONE');
#3293 = CARTESIAN_POINT ( 'NONE',  ( 2.490000000000000213, 0.8134527439024390461, 0.6627167408797449699 ) ) ;
#3294 = EDGE_CURVE ( 'NONE', #159, #2748, #1516, .T. ) ;
#3295 = VECTOR ( 'NONE', #300, 1000.000000000000000 ) ;
#3296 =( NAMED_UNIT ( * ) SI_UNIT ( $, .STERADIAN. ) SOLID_ANGLE_UNIT ( ) );
#3297 = ORIENTED_EDGE ( 'NONE', *, *, #3152, .F. ) ;
#3298 = AXIS2_PLACEMENT_3D ( 'NONE', #3233, #930, #1964 ) ;
#3299 = EDGE_CURVE ( 'NONE', #51, #3200, #2816, .T. ) ;
#3300 = ORIENTED_EDGE ( 'NONE', *, *, #3043, .T. ) ;
#3301 = VECTOR ( 'NONE', #89, 1000.000000000000000 ) ;
#3302 = ORIENTED_EDGE ( 'NONE', *, *, #2668, .F. ) ;
#3303 = SURFACE_STYLE_FILL_AREA ( #3046 ) ;
#3304 = CARTESIAN_POINT ( 'NONE',  ( 2.500000000000000000, -0.6827092058280083142, 0.4739880069975787036 ) ) ;
#3305 = CARTESIAN_POINT ( 'NONE',  ( 2.500000000000000000, 0.5367583964629686344, 0.5800971966841231842 ) ) ;
#3306 = DIRECTION ( 'NONE',  ( 0.000000000000000000, 0.000000000000000000, -1.000000000000000000 ) ) ;
#3307 = DIRECTION ( 'NONE',  ( 1.000000000000000000, -0.000000000000000000, -0.000000000000000000 ) ) ;
#3308 = CARTESIAN_POINT ( 'NONE',  ( 2.490000000000000213, 0.2935403963414636719, 0.7236923506358425850 ) ) ;
#3309 = PLANE ( 'NONE',  #240 ) ;
#3310 = CARTESIAN_POINT ( 'NONE',  ( 2.500000000000000444, -0.3523311418886923563, 0.6626084250295868339 ) ) ;
#3311 = FACE_OUTER_BOUND ( 'NONE', #112, .T. ) ;
#3312 = FILL_AREA_STYLE_COLOUR ( '', #1557 ) ;
#3313 = EDGE_CURVE ( 'NONE', #3022, #2400, #1, .T. ) ;
#3314 = VERTEX_POINT ( 'NONE', #265 ) ;
#3315 = EDGE_LOOP ( 'NONE', ( #290, #1997, #2012, #2593 ) ) ;
#3316 =( NAMED_UNIT ( * ) PLANE_ANGLE_UNIT ( ) SI_UNIT ( $, .RADIAN. ) );
#3317 = EDGE_CURVE ( 'NONE', #1461, #1253, #2564, .T. ) ;
#3318 = ORIENTED_EDGE ( 'NONE', *, *, #3106, .T. ) ;
#3319 = LINE ( 'NONE', #3061, #1624 ) ;
#3320 = LINE ( 'NONE', #3047, #2034 ) ;
#3321 = CARTESIAN_POINT ( 'NONE',  ( 2.490000000000000213, 0.5132828259655859426, 0.6219638090712250600 ) ) ;
#3322 = CARTESIAN_POINT ( 'NONE',  ( 2.500000000000000000, -0.6158536585365854688, 0.4683569847821840160 ) ) ;
#3323 = LINE ( 'NONE', #2585, #403 ) ;
#3324 = CARTESIAN_POINT ( 'NONE',  ( 2.490000000000000213, 0.2195121951219514422, 0.2785703994163303832 ) ) ;
#3325 = LINE ( 'NONE', #1002, #948 ) ;
#3326 = CARTESIAN_POINT ( 'NONE',  ( 2.499999999999999556, -0.3729713468732496207, 0.2253838275076615882 ) ) ;
#3327 = CARTESIAN_POINT ( 'NONE',  ( 2.500000000000000000, -0.4860786835588575272, 0.6675159676108710638 ) ) ;
#3328 = CARTESIAN_POINT ( 'NONE',  ( 2.489999999999999769, -0.4038117729642032860, 0.2743123964844801366 ) ) ;
#3329 = VECTOR ( 'NONE', #3085, 1000.000000000000000 ) ;
#3330 = ORIENTED_EDGE ( 'NONE', *, *, #2183, .T. ) ;
#3331 = MECHANICAL_DESIGN_GEOMETRIC_PRESENTATION_REPRESENTATION (  '', ( #1277 ), #1983 ) ;
#3332 = VECTOR ( 'NONE', #2039, 1000.000000000000000 ) ;
#3333 = VERTEX_POINT ( 'NONE', #2083 ) ;
#3334 =( NAMED_UNIT ( * ) PLANE_ANGLE_UNIT ( ) SI_UNIT ( $, .RADIAN. ) );
#3335 = ORIENTED_EDGE ( 'NONE', *, *, #633, .F. ) ;
#3336 = SURFACE_SIDE_STYLE ('',( #3303 ) ) ;
#3337 = VECTOR ( 'NONE', #1547, 1000.000000000000000 ) ;
#3338 = CARTESIAN_POINT ( 'NONE',  ( 2.490000000000000213, 0.5914634146341464227, 0.2236923506358425850 ) ) ;
#3339 = EDGE_CURVE ( 'NONE', #1215, #2945, #1990, .T. ) ;
#3340 = CARTESIAN_POINT ( 'NONE',  ( 2.500000000000000888, 0.4980351702342496467, 0.6407489095545410018 ) ) ;
#3341 = CARTESIAN_POINT ( 'NONE',  ( 2.500000000000000000, -0.4485518292682927344, 0.2175947896602328235 ) ) ;
#3342 = CARTESIAN_POINT ( 'NONE',  ( 2.490000000000001101, -0.6474648266812450537, 0.3216418692040233229 ) ) ;
#3343 = EDGE_CURVE ( 'NONE', #3314, #2199, #3320, .T. ) ;
#3344 = CARTESIAN_POINT ( 'NONE',  ( 2.490000000000000213, -0.9146341463414634498, 0.7236923506358425850 ) ) ;
#3345 = CARTESIAN_POINT ( 'NONE',  ( 2.500000000000000000, -0.4485518292682927344, 0.2175947896602328235 ) ) ;
#3346 = CARTESIAN_POINT ( 'NONE',  ( 2.490000000000000213, -0.3561380406335688531, 0.2298112522883467568 ) ) ;
#3347 = CARTESIAN_POINT ( 'NONE',  ( 2.490000000000000213, 0.03048780487804853695, 0.4493021067334035390 ) ) ;
#3348 = CARTESIAN_POINT ( 'NONE',  ( 2.500000000000000000, -0.4213677138847096715, 0.2727084090100499458 ) ) ;
#3349 = CIRCLE ( 'NONE', #1294, 2.950000000000000178 ) ;
#3350 = EDGE_LOOP ( 'NONE', ( #3249, #1855, #683, #2262 ) ) ;
#3351 = SURFACE_STYLE_FILL_AREA ( #2560 ) ;
#3352 = VERTEX_POINT ( 'NONE', #2027 ) ;
#3353 = VECTOR ( 'NONE', #1893, 1000.000000000000000 ) ;
#3354 = CARTESIAN_POINT ( 'NONE',  ( 2.490000000000000213, 0.4751649999022122817, 0.3944689312132931280 ) ) ;
#3355 = EDGE_LOOP ( 'NONE', ( #2099, #3368, #3127, #884 ) ) ;
#3356 = DIRECTION ( 'NONE',  ( 0.000000000000000000, 0.000000000000000000, 1.000000000000000000 ) ) ;
#3357 = DIRECTION ( 'NONE',  ( 0.000000000000000000, 1.000000000000000000, 0.000000000000000000 ) ) ;
#3358 = VECTOR ( 'NONE', #5, 1000.000000000000000 ) ;
#3359 = LINE ( 'NONE', #3100, #2425 ) ;
#3360 = CARTESIAN_POINT ( 'NONE',  ( 2.490000000000001101, -0.5410008047416681176, 0.3020690981457891389 ) ) ;
#3361 = CARTESIAN_POINT ( 'NONE',  ( 2.490000000000000213, -0.3155717748205159046, 0.3018962564736530907 ) ) ;
#3362 = PLANE ( 'NONE',  #1978 ) ;
#3363 = EDGE_CURVE ( 'NONE', #184, #2459, #744, .T. ) ;
#3364 = CARTESIAN_POINT ( 'NONE',  ( 2.490000000000000213, 0.8112500380320645244, 0.6591562947356345292 ) ) ;
#3365 = ORIENTED_EDGE ( 'NONE', *, *, #2292, .T. ) ;
#3366 = B_SPLINE_CURVE_WITH_KNOTS ( 'NONE', 3,
 ( #1672, #2985, #904, #1689, #1486, #2738, #1171, #1469, #1207, #1221, #3236, #2487, #1705, #918, #2250, #887, #2722, #371, #1416 ),
 .UNSPECIFIED., .F., .F.,
 ( 4, 1, 1, 1, 1, 1, 1, 1, 1, 1, 1, 1, 1, 1, 1, 1, 4 ),
 ( 0.000000000000000000, 0.07430465465554854376, 0.1443952781181648271, 0.2105019273834622673, 0.2732522160305339010, 0.3338170502200543677, 0.3925226560944680698, 0.4500811030809437341, 0.5078149268581264586, 0.5654598938738770730, 0.6231443696816657551, 0.6812935117568543752, 0.7409105056939426781, 0.8018534636194392107, 0.8652396812501955692, 0.9309408594192735142, 1.000000000000000000 ),
 .UNSPECIFIED. ) ;
#3367 = SURFACE_SIDE_STYLE ('',( #2326 ) ) ;
#3368 = ORIENTED_EDGE ( 'NONE', *, *, #80, .F. ) ;
#3369 = DIRECTION ( 'NONE',  ( 0.000000000000000000, 0.000000000000000000, -1.000000000000000000 ) ) ;
ENDSEC;
END-ISO-10303-21;
