#VRML V2.0 utf8
# 3D model generated by kicad-lcsc-manager
# Based on easyeda2kicad.py v1.0.1

Shape{
    appearance Appearance {
        material  Material {
            diffuseColor 0.8509803921568627 0.8509803921568627 0.8509803921568627
            specularColor 0.4235294117647059 0.4235294117647059 0.4235294117647059
            ambientIntensity 0.851
            transparency 0.0
            shininess 0.5
        }
    }
    geometry IndexedFaceSet {
        ccw TRUE
        solid FALSE
        coord DEF co Coordinate {
            point [
                -0.6102 -0.4724 0.5945, -0.0468 -0.4724 0.5945, -0.0468 -0.417 0.5945, 0.7677 -0.4724 0.5945, 0.7677 -0.417 0.5945, 0.6113 -0.417 0.5945, 0.5435 -0.401 0.5945, 0.5418 -0.4011 0.5945, 0.5518 -0.4011 0.5945, 0.5126 -0.2973 0.5945, 0.5156 -0.2969 0.5945, 0.4996 -0.2969 0.5945, 0.2627 -0.3422 0.5945, 0.2648 -0.3376 0.5945, 0.1067 -0.3376 0.5945, 0.4336 -0.3376 0.5945, 0.4587 -0.3376 0.5945, 0.4317 -0.335 0.5945, 0.4587 -0.2969 0.5945, 0.424 -0.3285 0.5945, 0.3879 -0.2937 0.5945, 0.3925 -0.2969 0.5945, 0.3988 -0.3013 0.5945, 0.4087 -0.3131 0.5945, 0.4141 -0.3238 0.5945, 0.4155 -0.3243 0.5945, 0.3543 0.0 0.5945, 0.3475 -0.2879 0.5945, 0.3601 -0.2865 0.5945, 0.3271 -0.2969 0.5945, 0.3342 -0.2926 0.5945, 0.2668 -0.2331 0.5945, 0.3486 -0.0633 0.5945, 0.3317 -0.1245 0.5945, 0.3042 -0.1817 0.5945, 0.2668 0.2331 0.5945, 0.3042 0.1817 0.5945, 0.4587 0.4724 0.5945, 0.3317 0.1245 0.5945, -0.0468 0.4724 0.5945, 0.0476 0.3511 0.5945, 0.1095 0.337 0.5945, 0.1679 0.312 0.5945, 0.2209 0.277 0.5945, 0.3738 -0.2882 0.5945, 0.3486 0.0633 0.5945, 0.1095 -0.337 0.5945, 0.2209 -0.277 0.5945, 0.1908 -0.2969 0.5945, 0.3259 -0.2976 0.5945, 0.2673 -0.332 0.5945, 0.2741 -0.3232 0.5945, 0.2956 -0.311 0.5945, 0.3068 -0.3096 0.5945, 0.3192 -0.3033 0.5945, 0.3101 -0.3098 0.5945, 0.3134 -0.3101 0.5945, 0.1679 -0.312 0.5945, 0.276 -0.3214 0.5945, 0.2851 -0.3151 0.5945, -0.0159 -0.354 0.5945, -0.0468 -0.3498 0.5945, -0.0468 -0.3576 0.5945, 0.0476 -0.3511 0.5945, 0.2609 -0.3576 0.5945, 0.2607 -0.3557 0.5945, 0.2608 -0.3529 0.5945, 0.2814 -0.3942 0.5945, 0.2727 -0.3867 0.5945, -0.0468 -0.4011 0.5945, 0.2917 -0.3993 0.5945, 0.2621 -0.3668 0.5945, 0.2662 -0.3774 0.5945, 0.2954 -0.4004 0.5945, 0.2958 -0.4011 0.5945, 0.2983 -0.4065 0.5945, 0.3025 -0.4117 0.5945, 0.3343 -0.417 0.5945, 0.3294 -0.4189 0.5945, 0.4587 -0.4724 0.5945, 0.3225 -0.4197 0.5945, 0.3214 -0.4197 0.5945, 0.3147 -0.4187 0.5945, 0.3107 -0.417 0.5945, 0.3081 -0.4159 0.5945, 0.3492 -0.4011 0.5945, 0.3491 -0.4012 0.5945, 0.4587 -0.417 0.5945, 0.3458 -0.4076 0.5945, 0.3414 -0.4125 0.5945, 0.3357 -0.4164 0.5945, 0.4245 -0.3589 0.5945, 0.4242 -0.3576 0.5945, 0.3851 -0.3576 0.5945, 0.3855 -0.3844 0.5945, 0.3875 -0.3836 0.5945, 0.3908 -0.3674 0.5945, 0.3837 -0.3856 0.5945, 0.4587 -0.3576 0.5945, 0.4423 -0.3611 0.5945, 0.4587 -0.4011 0.5945, 0.441 -0.3713 0.5945, 0.3897 -0.3833 0.5945, 0.3899 -0.3833 0.5945, 0.3908 -0.3835 0.5945, 0.4374 -0.3803 0.5945, 0.4318 -0.3881 0.5945, 0.424 -0.3947 0.5945, 0.4189 -0.3764 0.5945, 0.422 -0.372 0.5945, 0.424 -0.3669 0.5945, 0.4247 -0.3614 0.5945, 0.3808 -0.3921 0.5945, 0.3809 -0.391 0.5945, 0.3509 -0.3884 0.5945, 0.3815 -0.3888 0.5945, 0.3826 -0.3869 0.5945, 0.3875 -0.4007 0.5945, 0.3856 -0.3999 0.5945, 0.3838 -0.3986 0.5945, 0.3831 -0.398 0.5945, 0.3819 -0.3962 0.5945, 0.3811 -0.3942 0.5945, 0.3508 -0.3942 0.5945, 0.3509 -0.3913 0.5945, 0.3914 -0.3836 0.5945, 0.4042 -0.3836 0.5945, 0.4093 -0.3826 0.5945, 0.4154 -0.3989 0.5945, 0.4059 -0.4009 0.5945, 0.3891 -0.4009 0.5945, 0.4143 -0.3803 0.5945, 0.4185 -0.3768 0.5945, 0.3999 -0.3376 0.5945, 0.382 -0.3523 0.5945, 0.4002 -0.3392 0.5945, 0.2849 -0.3376 0.5945, 0.2819 -0.3419 0.5945, 0.3719 -0.3576 0.5945, 0.2795 -0.3482 0.5945, 0.2786 -0.3551 0.5945, 0.2788 -0.3576 0.5945, 0.4173 -0.3448 0.5945, 0.4128 -0.3418 0.5945, 0.4232 -0.3534 0.5945, 0.4206 -0.3485 0.5945, 0.4079 -0.3398 0.5945, 0.4025 -0.3392 0.5945, 0.3438 -0.3722 0.5945, 0.3389 -0.3677 0.5945, 0.3328 -0.3644 0.5945, 0.3036 -0.3698 0.5945, 0.3094 -0.3658 0.5945, 0.2989 -0.3752 0.5945, 0.279 -0.3595 0.5945, 0.281 -0.3665 0.5945, 0.2844 -0.3722 0.5945, 0.2895 -0.3775 0.5945, 0.2957 -0.3813 0.5945, 0.3157 -0.3634 0.5945, 0.3225 -0.3625 0.5945, 0.3259 -0.3627 0.5945, 0.3941 -0.3221 0.5945, 0.3876 -0.3144 0.5945, 0.3222 -0.3309 0.5945, 0.3869 -0.3138 0.5945, 0.3789 -0.3082 0.5945, 0.3265 -0.3219 0.5945, 0.3202 -0.3298 0.5945, 0.3985 -0.3313 0.5945, 0.3138 -0.3275 0.5945, 0.3071 -0.3267 0.5945, 0.3042 -0.3268 0.5945, 0.3329 -0.3143 0.5945, 0.37 -0.3048 0.5945, 0.3406 -0.3087 0.5945, 0.3603 -0.3036 0.5945, 0.3499 -0.3049 0.5945, 0.2971 -0.3285 0.5945, 0.2908 -0.3318 0.5945, 0.2859 -0.3362 0.5945, 0.4375 -0.3431 0.5945, 0.441 -0.3518 0.5945, 0.4418 -0.3576 0.5945, 0.626 -0.3263 0.5945, 0.6113 -0.3263 0.5945, 0.6301 -0.3373 0.5945, 0.6113 -0.3376 0.5945, 0.6358 -0.3373 0.5945, 0.6205 -0.2973 0.5945, 0.7677 -0.3376 0.5945, 0.7677 -0.2969 0.5945, 0.6093 -0.3263 0.5945, 0.6055 -0.3373 0.5945, 0.5986 -0.3376 0.5945, 0.5998 -0.3373 0.5945, 0.5986 -0.2969 0.5945, 0.6113 -0.307 0.5945, 0.6113 -0.2969 0.5945, 0.615 -0.2973 0.5945, 0.5518 -0.3193 0.5945, 0.541 -0.3193 0.5945, 0.5518 -0.3327 0.5945, 0.541 -0.3327 0.5945, 0.5612 -0.2969 0.5945, 0.5518 -0.2969 0.5945, 0.5565 -0.2973 0.5945, 0.5518 -0.2973 0.5945, 0.5553 -0.3193 0.5945, 0.5574 -0.3327 0.5945, 0.5553 -0.3147 0.5945, 0.5565 -0.3019 0.5945, 0.5518 -0.3147 0.5945, 0.5518 -0.3019 0.5945, 0.541 -0.3019 0.5945, 0.541 -0.3147 0.5945, 0.5358 -0.3373 0.5945, 0.5335 -0.3376 0.5945, 0.5518 -0.3376 0.5945, 0.5612 -0.3376 0.5945, 0.5574 -0.3373 0.5945, 0.5518 -0.3373 0.5945, 0.5358 -0.2973 0.5945, 0.5335 -0.2969 0.5945, 0.5236 -0.297 0.5945, 0.5278 -0.2982 0.5945, 0.5278 -0.3036 0.5945, 0.5278 -0.3307 0.5945, 0.5278 -0.3356 0.5945, 0.5271 -0.336 0.5945, 0.5228 -0.3374 0.5945, 0.5203 -0.3376 0.5945, 0.5233 -0.3018 0.5945, 0.5184 -0.3013 0.5945, 0.5274 -0.3034 0.5945, 0.5164 -0.3014 0.5945, 0.513 -0.3021 0.5945, 0.5099 -0.3036 0.5945, 0.5039 -0.3122 0.5945, 0.5033 -0.3177 0.5945, 0.5175 -0.3334 0.5945, 0.5075 -0.3057 0.5945, 0.5072 -0.306 0.5945, 0.5239 -0.3325 0.5945, 0.5194 -0.3333 0.5945, 0.5053 -0.3088 0.5945, 0.5034 -0.3196 0.5945, 0.5041 -0.3235 0.5945, 0.5054 -0.3267 0.5945, 0.5072 -0.3291 0.5945, 0.5084 -0.3303 0.5945, 0.5141 -0.333 0.5945, 0.5111 -0.332 0.5945, 0.5183 -0.2966 0.5945, 0.5226 -0.2969 0.5945, 0.4996 0.4724 0.5945, 0.5335 0.4724 0.5945, 0.5007 -0.3063 0.5945, 0.5036 -0.3025 0.5945, 0.5046 -0.3015 0.5945, 0.5084 -0.2989 0.5945, 0.4996 -0.3271 0.5945, 0.4986 -0.3246 0.5945, 0.4972 -0.3376 0.5945, 0.4979 -0.318 0.5945, 0.4979 -0.3159 0.5945, 0.4972 -0.2969 0.5945, 0.4988 -0.3107 0.5945, 0.4996 -0.3088 0.5945, 0.51 -0.337 0.5945, 0.5062 -0.3352 0.5945, 0.4996 -0.3376 0.5945, 0.503 -0.3325 0.5945, 0.5027 -0.3321 0.5945, 0.5003 -0.3287 0.5945, 0.5132 -0.3376 0.5945, 0.4996 -0.3576 0.5945, 0.5143 -0.3379 0.5945, 0.5167 -0.338 0.5945, 0.5335 -0.3576 0.5945, 0.7677 -0.2502 0.5945, 0.689 -0.1378 0.5945, 0.7677 0.2502 0.5945, 0.7677 0.4724 0.5945, 0.689 0.1378 0.5945, 0.6113 0.4724 0.5945, -0.0788 0.3454 0.5945, -0.0468 0.3498 0.5945, -0.0159 0.354 0.5945, -0.1393 0.3258 0.5945, -0.6102 0.4724 0.5945, -0.1952 0.2957 0.5945, -0.689 -0.1378 0.5945, -0.7677 -0.2502 0.5945, -0.1952 -0.2957 0.5945, -0.7677 -0.2969 0.5945, -0.193 -0.2969 0.5945, -0.7677 0.4724 0.5945, -0.7677 0.2502 0.5945, -0.689 0.1378 0.5945, -0.2449 0.2561 0.5945, -0.2449 -0.2561 0.5945, -0.2867 -0.2083 0.5945, -0.3192 -0.1537 0.5945, -0.3416 0.0943 0.5945, -0.3192 0.1537 0.5945, -0.2867 0.2083 0.5945, -0.3416 -0.0943 0.5945, -0.3529 -0.0318 0.5945, -0.3529 0.0318 0.5945, -0.1393 -0.3258 0.5945, -0.7677 -0.3376 0.5945, -0.1029 -0.3376 0.5945, -0.7677 -0.3576 0.5945, -0.0788 -0.3454 0.5945, 0.5964 -0.324 0.5945, 0.5945 -0.3281 0.5945, 0.5833 -0.2969 0.5945, 0.5833 -0.2982 0.5945, 0.5873 -0.2997 0.5945, 0.5833 -0.3363 0.5945, 0.5833 -0.3376 0.5945, 0.5873 -0.3347 0.5945, 0.5915 -0.3317 0.5945, 0.5915 -0.3026 0.5945, 0.5929 -0.3039 0.5945, 0.5954 -0.3074 0.5945, 0.5969 -0.3113 0.5945, 0.5975 -0.3168 0.5945, 0.5974 -0.3193 0.5945, 0.5764 -0.2973 0.5945, 0.5825 -0.2979 0.5945, 0.5827 -0.3365 0.5945, 0.5759 -0.3373 0.5945, 0.5649 -0.3373 0.5945, 0.5649 -0.2973 0.5945, 0.5194 -0.4008 0.5945, 0.5133 -0.4011 0.5945, 0.5244 -0.4008 0.5945, 0.5335 -0.4011 0.5945, 0.5075 -0.4011 0.5945, 0.5056 -0.4004 0.5945, 0.4996 -0.4011 0.5945, 0.5023 -0.3971 0.5945, 0.5017 -0.3954 0.5945, 0.5042 -0.3791 0.5945, 0.5042 -0.3742 0.5945, 0.5053 -0.3736 0.5945, 0.509 -0.3722 0.5945, 0.5194 -0.3964 0.5945, 0.5193 -0.3964 0.5945, 0.5181 -0.3981 0.5945, 0.5036 -0.3871 0.5945, 0.5051 -0.3857 0.5945, 0.5074 -0.3847 0.5945, 0.5071 -0.3772 0.5945, 0.5109 -0.3838 0.5945, 0.5153 -0.3758 0.5945, 0.5136 -0.3756 0.5945, 0.5102 -0.376 0.5945, 0.5164 -0.3997 0.5945, 0.5153 -0.4004 0.5945, 0.5039 -0.3992 0.5945, 0.5033 -0.3987 0.5945, 0.5014 -0.3932 0.5945, 0.5015 -0.3923 0.5945, 0.5018 -0.3902 0.5945, 0.5025 -0.3885 0.5945, 0.5141 -0.3716 0.5945, 0.5172 -0.3719 0.5945, 0.5193 -0.3725 0.5945, 0.521 -0.3735 0.5945, 0.532 -0.3765 0.5945, 0.5223 -0.3748 0.5945, 0.5314 -0.3781 0.5945, 0.5233 -0.3764 0.5945, 0.5241 -0.3788 0.5945, 0.5194 -0.3826 0.5945, 0.5192 -0.3804 0.5945, 0.5187 -0.3786 0.5945, 0.5181 -0.3776 0.5945, 0.5335 -0.3853 0.5945, 0.5312 -0.3946 0.5945, 0.5335 -0.3853 0.5945, 0.5333 -0.3959 0.5945, 0.5335 -0.396 0.5945, 0.5327 -0.3845 0.5945, 0.532 -0.3834 0.5945, 0.5244 -0.3824 0.5945, 0.5315 -0.3819 0.5945, 0.5312 -0.3799 0.5945, 0.5174 -0.3768 0.5945, 0.5165 -0.3762 0.5945, 0.4996 -0.417 0.5945, 0.5105 -0.4015 0.5945, 0.5076 -0.4011 0.5945, 0.5312 -0.3998 0.5945, 0.5335 -0.4007 0.5945, 0.5342 -0.4009 0.5945, 0.5361 -0.4011 0.5945, 0.539 -0.4015 0.5945, 0.5335 -0.417 0.5945, 0.5518 -0.3576 0.5945, 0.5491 -0.3728 0.5945, 0.5491 -0.3777 0.5945, 0.5488 -0.3883 0.5945, 0.5498 -0.3897 0.5945, 0.5345 -0.3738 0.5945, 0.5361 -0.3728 0.5945, 0.533 -0.3752 0.5945, 0.5335 -0.3747 0.5945, 0.5503 -0.3912 0.5945, 0.5505 -0.393 0.5945, 0.5503 -0.395 0.5945, 0.5497 -0.3966 0.5945, 0.5487 -0.398 0.5945, 0.5389 -0.3719 0.5945, 0.5424 -0.3716 0.5945, 0.5459 -0.3719 0.5945, 0.5473 -0.3992 0.5945, 0.5461 -0.3999 0.5945, 0.5419 -0.3756 0.5945, 0.5404 -0.3757 0.5945, 0.5364 -0.3795 0.5945, 0.5391 -0.3761 0.5945, 0.5379 -0.3767 0.5945, 0.5365 -0.3801 0.5945, 0.5366 -0.3809 0.5945, 0.537 -0.3816 0.5945, 0.5375 -0.3821 0.5945, 0.5393 -0.3832 0.5945, 0.545 -0.376 0.5945, 0.5424 -0.3846 0.5945, 0.5479 -0.377 0.5945, 0.5443 -0.3854 0.5945, 0.5476 -0.3872 0.5945, 0.5372 -0.3774 0.5945, 0.5367 -0.378 0.5945, 0.5365 -0.3787 0.5945, 0.5364 -0.397 0.5945, 0.5388 -0.3882 0.5945, 0.5358 -0.3869 0.5945, 0.5395 -0.3974 0.5945, 0.5397 -0.3974 0.5945, 0.5421 -0.3896 0.5945, 0.5422 -0.3971 0.5945, 0.5454 -0.3935 0.5945, 0.5453 -0.3929 0.5945, 0.5435 -0.3966 0.5945, 0.544 -0.3963 0.5945, 0.5446 -0.3958 0.5945, 0.545 -0.3952 0.5945, 0.5453 -0.3945 0.5945, 0.5451 -0.3921 0.5945, 0.5447 -0.3914 0.5945, 0.5441 -0.3908 0.5945, 0.5692 -0.4011 0.5945, 0.5833 -0.4011 0.5945, 0.5806 -0.3722 0.5945, 0.5833 -0.3576 0.5945, 0.5754 -0.3722 0.5945, 0.5662 -0.3937 0.5945, 0.5668 -0.3961 0.5945, 0.567 -0.3961 0.5945, 0.5612 -0.3576 0.5945, 0.5612 -0.3792 0.5945, 0.5676 -0.3937 0.5945, 0.5672 -0.3951 0.5945, 0.5612 -0.4011 0.5945, 0.5612 -0.3926 0.5945, 0.5531 -0.3722 0.5945, 0.5587 -0.3722 0.5945, 0.5643 -0.4007 0.5945, 0.5642 -0.4011 0.5945, 0.5621 -0.4059 0.5945, 0.5518 -0.417 0.5945, 0.5542 -0.4139 0.5945, 0.5542 -0.4094 0.5945, 0.5602 -0.4088 0.5945, 0.5611 -0.4078 0.5945, 0.5612 -0.4077 0.5945, 0.5552 -0.4097 0.5945, 0.557 -0.41 0.5945, 0.5612 -0.4134 0.5945, 0.5594 -0.414 0.5945, 0.5612 -0.417 0.5945, 0.5574 -0.4143 0.5945, 0.5563 -0.4142 0.5945, 0.5583 -0.4098 0.5945, 0.5594 -0.4094 0.5945, 0.5676 -0.4051 0.5945, 0.5653 -0.4095 0.5945, 0.5833 -0.417 0.5945, 0.5635 -0.4118 0.5945, 0.5632 -0.4121 0.5945, 0.5614 -0.4133 0.5945, 0.5986 -0.3828 0.5945, 0.5911 -0.3828 0.5945, 0.5986 -0.3962 0.5945, 0.5911 -0.3962 0.5945, 0.6075 -0.3962 0.5945, 0.6075 -0.4008 0.5945, 0.6113 -0.4011 0.5945, 0.6113 -0.3576 0.5945, 0.6066 -0.3608 0.5945, 0.6066 -0.3654 0.5945, 0.6055 -0.3828 0.5945, 0.6055 -0.3782 0.5945, 0.5986 -0.3654 0.5945, 0.5986 -0.3782 0.5945, 0.5911 -0.3654 0.5945, 0.5911 -0.3782 0.5945, 0.5986 -0.4011 0.5945, 0.5986 -0.4008 0.5945, 0.586 -0.4008 0.5945, 0.5986 -0.3608 0.5945, 0.5986 -0.3576 0.5945, 0.586 -0.3608 0.5945, 0.6102 0.4724 0.5945, 0.5986 0.4724 0.5945, 0.5833 0.4724 0.5945, 0.5612 0.4724 0.5945, 0.5518 0.4724 0.5945, 0.4972 0.4724 0.5945, 0.4962 -0.3327 0.5945, 0.4962 -0.3373 0.5945, 0.4751 -0.3373 0.5945, 0.4751 -0.2973 0.5945, 0.4803 -0.2973 0.5945, 0.4803 -0.3327 0.5945, 0.4972 -0.3576 0.5945, 0.6261 -0.4008 0.5945, 0.6151 -0.4008 0.5945, 0.6802 -0.4008 0.5945, 0.6859 -0.4008 0.5945, 0.7677 -0.4011 0.5945, 0.6707 -0.3608 0.5945, 0.7677 -0.3576 0.5945, 0.6455 -0.3709 0.5945, 0.647 -0.3748 0.5945, 0.6651 -0.3608 0.5945, 0.6477 -0.3803 0.5945, 0.6475 -0.3828 0.5945, 0.6499 -0.4008 0.5945, 0.6466 -0.3875 0.5945, 0.6446 -0.3917 0.5945, 0.6416 -0.3952 0.5945, 0.6374 -0.3982 0.5945, 0.6329 -0.4 0.5945, 0.6556 -0.4008 0.5945, 0.6594 -0.3899 0.5945, 0.6761 -0.3899 0.5945, 0.6151 -0.3608 0.5945, 0.6265 -0.3608 0.5945, 0.6326 -0.3614 0.5945, 0.6374 -0.3632 0.5945, 0.6416 -0.3661 0.5945, 0.643 -0.3675 0.5945, 0.4972 -0.4011 0.5945, 0.4751 -0.4008 0.5945, 0.4966 -0.4008 0.5945, 0.4966 -0.3962 0.5945, 0.4957 -0.3654 0.5945, 0.4751 -0.3608 0.5945, 0.4957 -0.3608 0.5945, 0.4803 -0.3828 0.5945, 0.4803 -0.3962 0.5945, 0.4946 -0.3828 0.5945, 0.4946 -0.3782 0.5945, 0.4803 -0.3782 0.5945, 0.4803 -0.3654 0.5945, 0.5986 -0.417 0.5945, 0.4972 -0.417 0.5945, 0.4972 -0.4724 0.5945, 0.4996 -0.4724 0.5945, 0.5335 -0.4724 0.5945, 0.5518 -0.4724 0.5945, 0.5612 -0.4724 0.5945, 0.5833 -0.4724 0.5945, 0.5986 -0.4724 0.5945, 0.6102 -0.4724 0.5945, 0.6113 -0.4724 0.5945, -0.7677 -0.4724 0.5945, -0.7677 -0.417 0.5945, -0.7677 -0.4011 0.5945, -0.6102 -0.4921 0.5354, -0.6102 -0.4921 0.5302, -0.6102 -0.5003 0.5239, -0.6102 -0.4724 0.5354, -0.6102 -0.4979 0.5911, -0.6102 -0.5118 0.3583, -0.6102 -0.5709 0.3583, -0.6102 -0.5118 0.4961, -0.6102 -0.5709 0.4961, -0.6102 -0.5105 0.5063, -0.6102 -0.5675 0.5215, -0.6102 -0.5065 0.5157, -0.6102 -0.5577 0.5453, -0.6102 -0.542 0.5657, -0.6102 -0.5217 0.5813, 0.6102 -0.4921 0.5354, 0.6102 -0.5217 0.5813, 0.6102 -0.542 0.5657, 0.6102 -0.4979 0.5911, 0.6102 -0.4724 0.5354, 0.6102 -0.4921 0.5302, 0.6102 -0.5003 0.5239, 0.6102 -0.5065 0.5157, 0.6102 -0.5577 0.5453, 0.6102 -0.5105 0.5063, 0.6102 -0.5675 0.5215, 0.6102 -0.5118 0.4961, 0.6102 -0.5709 0.4961, 0.6102 -0.5118 0.3605, 0.6102 -0.5709 0.3605, 0.6102 0.4724 0.5354, 0.6102 0.4979 0.5911, 0.6102 0.4921 0.5354, 0.6102 0.4921 0.5302, 0.6102 0.5003 0.5239, 0.6102 0.5118 0.3605, 0.6102 0.5709 0.3605, 0.6102 0.5118 0.4961, 0.6102 0.5709 0.4961, 0.6102 0.5105 0.5063, 0.6102 0.5675 0.5215, 0.6102 0.5065 0.5157, 0.6102 0.5577 0.5453, 0.6102 0.542 0.5657, 0.6102 0.5217 0.5813, -0.6102 0.4921 0.5354, -0.6102 0.5217 0.5813, -0.6102 0.542 0.5657, -0.6102 0.4979 0.5911, -0.6102 0.4724 0.5354, -0.6102 0.4921 0.5302, -0.6102 0.5003 0.5239, -0.6102 0.5065 0.5157, -0.6102 0.5577 0.5453, -0.6102 0.5105 0.5063, -0.6102 0.5675 0.5215, -0.6102 0.5118 0.4961, -0.6102 0.5709 0.4961, -0.6102 0.5118 0.3583, -0.6102 0.5709 0.3583, 0.4482 -0.5118 0.2008, 0.4482 -0.5709 0.2008, 0.438 -0.5709 0.2021, 0.4141 -0.5709 0.2205, 0.4141 -0.5186 0.2205, 0.4204 -0.5709 0.2123, 0.417 -0.5174 0.2162, 0.4102 -0.5709 0.23, 0.4088 -0.5709 0.2402, 0.4088 -0.521 0.2402, 0.4092 -0.5208 0.235, 0.4102 -0.5204 0.23, 0.4118 -0.5196 0.2251, 0.4204 -0.516 0.2123, 0.4285 -0.5127 0.2061, 0.4285 -0.5709 0.2061, 0.431 -0.5118 0.2048, 0.438 -0.5118 0.2021, 0.4088 -0.521 0.3189, 0.4088 -0.5709 0.3189, 0.4085 -0.5212 0.3241, 0.4075 -0.5709 0.3291, 0.3973 -0.5709 0.3467, 0.4035 -0.5235 0.3386, 0.4035 -0.5709 0.3386, 0.4058 -0.5224 0.334, 0.4075 -0.5216 0.3291, 0.4035 -0.5118 0.3386, 0.3973 -0.5118 0.3467, 0.3891 -0.5118 0.353, 0.3891 -0.5709 0.353, 0.3796 -0.5118 0.3569, 0.3796 -0.5709 0.3569, 0.3694 -0.5118 0.3583, 0.3694 -0.5709 0.3583, -0.4134 -0.5709 0.3189, -0.4134 -0.5189 0.3189, -0.413 -0.5191 0.3241, -0.412 -0.5709 0.3291, -0.374 -0.5118 0.3583, -0.374 -0.5709 0.3583, -0.3842 -0.5118 0.3569, -0.3842 -0.5709 0.3569, -0.3937 -0.5118 0.353, -0.3937 -0.5709 0.353, -0.4019 -0.5118 0.3467, -0.4019 -0.5709 0.3467, -0.4081 -0.5709 0.3386, -0.4081 -0.5118 0.3386, -0.4081 -0.5213 0.3386, -0.4104 -0.5203 0.334, -0.412 -0.5195 0.3291, -0.4134 -0.5189 0.2402, -0.4134 -0.5709 0.2402, -0.4137 -0.5188 0.235, -0.4147 -0.5709 0.23, -0.4147 -0.5184 0.23, -0.4164 -0.5176 0.2251, -0.4187 -0.5709 0.2205, -0.4187 -0.5167 0.2205, -0.4215 -0.5155 0.2162, -0.4249 -0.5709 0.2123, -0.4249 -0.5141 0.2123, -0.431 -0.5118 0.2074, -0.4331 -0.5709 0.2061, -0.4331 -0.5118 0.2061, -0.4426 -0.5709 0.2021, -0.4426 -0.5118 0.2021, -0.4528 -0.5709 0.2008, -0.4528 -0.5118 0.2008, -0.431 -0.5118 0.3386, 0.431 -0.5118 0.3386, 0.6153 -0.5118 0.3351, 0.6209 -0.5118 0.3284, -0.6155 -0.5118 0.3386, -0.6116 -0.5118 0.3481, 0.6098 -0.5118 0.3517, 0.6115 -0.5118 0.3431, 0.6281 -0.5118 0.3232, 0.6363 -0.5118 0.32, 0.7238 -0.5118 0.2008, 0.645 -0.5118 0.3189, 0.734 -0.5118 0.2021, -0.6394 -0.5118 0.3202, -0.6299 -0.5118 0.3242, -0.6218 -0.5118 0.3304, -0.7664 -0.5118 0.23, -0.7677 -0.5118 0.2402, -0.7283 -0.5118 0.2008, -0.7385 -0.5118 0.3176, -0.7283 -0.5118 0.3189, -0.7664 -0.5118 0.2897, -0.7677 -0.5118 0.2795, 0.7579 -0.5118 0.2205, 0.7618 -0.5118 0.23, 0.7631 -0.5118 0.2402, 0.7516 -0.5118 0.2123, 0.7435 -0.5118 0.2061, -0.6496 -0.5118 0.3189, 0.7631 -0.5118 0.2795, 0.7238 -0.5118 0.3189, 0.734 -0.5118 0.3176, 0.7435 -0.5118 0.3136, 0.7516 -0.5118 0.3074, 0.7618 -0.5118 0.2897, 0.7579 -0.5118 0.2992, -0.7385 -0.5118 0.2021, -0.748 -0.5118 0.2061, -0.7624 -0.5118 0.2205, -0.7562 -0.5118 0.2123, -0.748 -0.5118 0.3136, -0.7624 -0.5118 0.2992, -0.7562 -0.5118 0.3074, -0.4249 0.5141 0.2123, -0.431 0.5118 0.2074, -0.4249 0.5709 0.2123, -0.4331 0.5709 0.2061, -0.4187 0.5709 0.2205, -0.4187 0.5167 0.2205, -0.4215 0.5155 0.2162, -0.4147 0.5709 0.23, -0.4134 0.5709 0.2402, -0.4134 0.5189 0.2402, -0.4137 0.5188 0.235, -0.4147 0.5184 0.23, -0.4164 0.5176 0.2251, -0.4331 0.5118 0.2061, -0.4426 0.5118 0.2021, -0.4426 0.5709 0.2021, -0.4528 0.5118 0.2008, -0.4528 0.5709 0.2008, -0.4134 0.5709 0.3189, -0.4134 0.5189 0.3189, -0.413 0.5191 0.3241, -0.412 0.5709 0.3291, -0.4019 0.5709 0.3467, -0.4081 0.5213 0.3386, -0.4081 0.5709 0.3386, -0.4104 0.5203 0.334, -0.412 0.5195 0.3291, -0.4081 0.5118 0.3386, -0.4019 0.5118 0.3467, -0.3937 0.5118 0.353, -0.3937 0.5709 0.353, -0.3842 0.5118 0.3569, -0.3842 0.5709 0.3569, -0.374 0.5118 0.3583, -0.374 0.5709 0.3583, 0.4088 0.5709 0.3189, 0.4088 0.521 0.3189, 0.4085 0.5212 0.3241, 0.4075 0.5709 0.3291, 0.3694 0.5118 0.3583, 0.3694 0.5709 0.3583, 0.3796 0.5118 0.3569, 0.3796 0.5709 0.3569, 0.3891 0.5118 0.353, 0.3891 0.5709 0.353, 0.3973 0.5118 0.3467, 0.3973 0.5709 0.3467, 0.4035 0.5709 0.3386, 0.4035 0.5118 0.3386, 0.4035 0.5235 0.3386, 0.4058 0.5224 0.334, 0.4075 0.5216 0.3291, 0.4088 0.5709 0.2402, 0.4088 0.521 0.2402, 0.4092 0.5208 0.235, 0.4102 0.5709 0.23, 0.4102 0.5204 0.23, 0.4118 0.5196 0.2251, 0.4141 0.5709 0.2205, 0.4141 0.5186 0.2205, 0.417 0.5174 0.2162, 0.4204 0.5709 0.2123, 0.4204 0.516 0.2123, 0.4285 0.5709 0.2061, 0.4285 0.5127 0.2061, 0.431 0.5118 0.2048, 0.438 0.5709 0.2021, 0.438 0.5118 0.2021, 0.4482 0.5709 0.2008, 0.4482 0.5118 0.2008, 0.431 0.5118 0.3386, 0.6153 0.5118 0.3351, 0.6115 0.5118 0.3431, 0.6098 0.5118 0.3517, -0.431 0.5118 0.3386, -0.6116 0.5118 0.3481, -0.6155 0.5118 0.3386, -0.6218 0.5118 0.3304, -0.6299 0.5118 0.3242, -0.6394 0.5118 0.3202, -0.7283 0.5118 0.2008, 0.6363 0.5118 0.32, 0.6281 0.5118 0.3232, 0.6209 0.5118 0.3284, -0.7664 0.5118 0.2897, -0.7677 0.5118 0.2795, -0.7283 0.5118 0.3189, -0.6496 0.5118 0.3189, 0.645 0.5118 0.3189, 0.7238 0.5118 0.2008, 0.734 0.5118 0.2021, 0.7435 0.5118 0.2061, 0.7516 0.5118 0.2123, 0.7579 0.5118 0.2205, 0.7618 0.5118 0.23, 0.7631 0.5118 0.2402, 0.7631 0.5118 0.2795, -0.7385 0.5118 0.3176, -0.748 0.5118 0.3136, -0.7624 0.5118 0.2992, -0.7562 0.5118 0.3074, -0.7562 0.5118 0.2123, -0.748 0.5118 0.2061, -0.7624 0.5118 0.2205, -0.7664 0.5118 0.23, -0.7677 0.5118 0.2402, -0.7385 0.5118 0.2021, 0.7435 0.5118 0.3136, 0.734 0.5118 0.3176, 0.7238 0.5118 0.3189, 0.7516 0.5118 0.3074, 0.7618 0.5118 0.2897, 0.7579 0.5118 0.2992, -0.7087 0.1378 0.5302, -0.7087 -0.1378 0.5302, -0.7168 0.1378 0.5239, -0.7168 -0.1378 0.5239, -0.7231 0.1378 0.5157, -0.7231 -0.1378 0.5157, -0.727 0.1378 0.5063, -0.727 -0.1378 0.5063, -0.7283 0.1378 0.4961, -0.7283 -0.1378 0.4961, -0.7087 -0.1378 0.5354, -0.7382 -0.1378 0.5813, -0.7586 -0.1378 0.5657, -0.7145 -0.1378 0.5911, -0.689 -0.1378 0.5354, -0.7742 -0.1378 0.5453, -0.784 -0.1378 0.5215, -0.7874 -0.1378 0.4961, -0.689 0.1378 0.5354, -0.7145 0.1378 0.5911, -0.7087 0.1378 0.5354, -0.7874 0.1378 0.4961, -0.784 0.1378 0.5215, -0.7742 0.1378 0.5453, -0.7586 0.1378 0.5657, -0.7382 0.1378 0.5813, 0.689 -0.1378 0.5354, 0.7145 -0.1378 0.5911, 0.7087 -0.1378 0.5354, 0.7087 -0.1378 0.5302, 0.7168 -0.1378 0.5239, 0.7283 -0.1378 0.4961, 0.7874 -0.1378 0.4961, 0.727 -0.1378 0.5063, 0.784 -0.1378 0.5215, 0.7231 -0.1378 0.5157, 0.7742 -0.1378 0.5453, 0.7586 -0.1378 0.5657, 0.7382 -0.1378 0.5813, 0.7087 0.1378 0.5302, 0.7168 0.1378 0.5239, 0.7231 0.1378 0.5157, 0.727 0.1378 0.5063, 0.7283 0.1378 0.4961, 0.7087 0.1378 0.5354, 0.7382 0.1378 0.5813, 0.7586 0.1378 0.5657, 0.7145 0.1378 0.5911, 0.689 0.1378 0.5354, 0.7742 0.1378 0.5453, 0.784 0.1378 0.5215, 0.7874 0.1378 0.4961, -0.7677 0.2502 0.5354, -0.7677 0.4724 0.5354, -0.7677 -0.2502 0.5354, -0.7677 -0.4724 0.5354, 0.7238 -0.5709 0.3189, 0.645 -0.5709 0.3189, 0.7631 -0.5709 0.2795, 0.6115 -0.5709 0.3431, 0.6098 -0.5709 0.3517, 0.7631 -0.5709 0.2402, 0.6363 -0.5709 0.32, 0.7238 -0.5709 0.2008, -0.6155 -0.5709 0.3386, -0.6218 -0.5709 0.3304, -0.6299 -0.5709 0.3242, -0.6394 -0.5709 0.3202, -0.7283 -0.5709 0.2008, -0.6496 -0.5709 0.3189, -0.7283 -0.5709 0.3189, 0.6281 -0.5709 0.3232, 0.6209 -0.5709 0.3284, 0.6153 -0.5709 0.3351, -0.6116 -0.5709 0.3481, -0.748 -0.5709 0.3136, -0.7562 -0.5709 0.3074, -0.7624 -0.5709 0.2992, 0.734 -0.5709 0.2021, 0.7435 -0.5709 0.2061, 0.7516 -0.5709 0.2123, 0.7579 -0.5709 0.2992, 0.7516 -0.5709 0.3074, 0.7618 -0.5709 0.2897, 0.7435 -0.5709 0.3136, 0.734 -0.5709 0.3176, -0.7664 -0.5709 0.2897, -0.7677 -0.5709 0.2795, -0.7385 -0.5709 0.3176, -0.7664 -0.5709 0.23, -0.7385 -0.5709 0.2021, -0.7677 -0.5709 0.2402, 0.7579 -0.5709 0.2205, 0.7618 -0.5709 0.23, -0.7624 -0.5709 0.2205, -0.7562 -0.5709 0.2123, -0.748 -0.5709 0.2061, 0.7677 -0.4724 0.5354, 0.7677 -0.2502 0.5354, 0.7677 0.2502 0.5354, 0.7677 0.4724 0.5354, 0.6153 0.5709 0.3351, 0.6209 0.5709 0.3284, 0.6281 0.5709 0.3232, 0.6363 0.5709 0.32, 0.7238 0.5709 0.2008, 0.645 0.5709 0.3189, 0.734 0.5709 0.2021, -0.6394 0.5709 0.3202, -0.6496 0.5709 0.3189, -0.7283 0.5709 0.2008, -0.7385 0.5709 0.2021, 0.6098 0.5709 0.3517, 0.6115 0.5709 0.3431, 0.7618 0.5709 0.23, 0.7579 0.5709 0.2205, -0.748 0.5709 0.2061, -0.7562 0.5709 0.2123, -0.7624 0.5709 0.2205, -0.7664 0.5709 0.23, -0.7677 0.5709 0.2402, -0.7283 0.5709 0.3189, -0.7677 0.5709 0.2795, -0.7385 0.5709 0.3176, -0.6155 0.5709 0.3386, -0.6116 0.5709 0.3481, -0.7664 0.5709 0.2897, -0.7624 0.5709 0.2992, -0.7562 0.5709 0.3074, -0.6299 0.5709 0.3242, -0.6218 0.5709 0.3304, -0.748 0.5709 0.3136, 0.7579 0.5709 0.2992, 0.7238 0.5709 0.3189, 0.7516 0.5709 0.3074, 0.734 0.5709 0.3176, 0.7435 0.5709 0.3136, 0.7516 0.5709 0.2123, 0.7435 0.5709 0.2061, 0.7618 0.5709 0.2897, 0.7631 0.5709 0.2795, 0.7631 0.5709 0.2402, -0.7283 0.1378 0.3465, -0.7283 -0.1378 0.3465, -0.7874 0.1378 0.3465, -0.7874 -0.1378 0.3465, 0.7283 -0.1378 0.3465, 0.7283 0.1378 0.3465, 0.7874 -0.1378 0.3465, 0.7874 0.1378 0.3465, -0.0159 0.354 0.5354, -0.0788 0.3454 0.5354, -0.1393 0.3258 0.5354, -0.1952 0.2957 0.5354, -0.2449 0.2561 0.5354, -0.2867 0.2083 0.5354, -0.3192 0.1537 0.5354, -0.3416 0.0943 0.5354, -0.3529 0.0318 0.5354, -0.3529 -0.0318 0.5354, -0.3416 -0.0943 0.5354, -0.3192 -0.1537 0.5354, -0.2867 -0.2083 0.5354, -0.2449 -0.2561 0.5354, -0.1952 -0.2957 0.5354, -0.1393 -0.3258 0.5354, -0.0788 -0.3454 0.5354, -0.0159 -0.354 0.5354, 0.0476 -0.3511 0.5354, 0.1095 -0.337 0.5354, 0.1679 -0.312 0.5354, 0.2209 -0.277 0.5354, 0.2668 -0.2331 0.5354, 0.3042 -0.1817 0.5354, 0.3317 -0.1245 0.5354, 0.3486 -0.0633 0.5354, 0.3543 -0.0 0.5354, 0.3486 0.0633 0.5354, 0.3317 0.1245 0.5354, 0.3042 0.1817 0.5354, 0.2668 0.2331 0.5354, 0.2209 0.277 0.5354, 0.1679 0.312 0.5354, 0.1095 0.337 0.5354, 0.0476 0.3511 0.5354
            ]
        }
        coordIndex [
            0,1,2,-1,3,4,5,-1,6,7,8,-1,9,10,11,-1,12,13,14,-1,15,16,17,-1,17,16,18,-1,17,18,19,-1,20,21,18,-1,18,21,22,-1,18,22,23,-1,23,24,18,-1,18,24,25,-1,18,25,19,-1,26,27,28,-1,29,30,31,-1,26,32,27,-1,27,32,33,-1,27,33,30,-1,30,33,34,-1,30,34,31,-1,35,36,37,-1,37,36,38,-1,39,40,37,-1,37,40,41,-1,41,42,37,-1,37,42,43,-1,37,43,35,-1,28,44,26,-1,26,44,37,-1,26,37,45,-1,45,37,38,-1,14,13,46,-1,31,47,29,-1,29,47,48,-1,29,48,49,-1,48,50,51,-1,48,52,49,-1,49,52,53,-1,49,53,54,-1,54,53,55,-1,54,55,56,-1,50,48,13,-1,13,48,57,-1,13,57,46,-1,51,58,48,-1,48,58,59,-1,48,59,52,-1,60,61,62,-1,63,64,65,-1,63,65,14,-1,14,65,66,-1,14,66,12,-1,67,68,69,-1,67,69,70,-1,63,60,64,-1,64,60,62,-1,64,62,71,-1,71,62,69,-1,71,69,72,-1,72,69,68,-1,73,70,74,-1,74,70,69,-1,74,69,75,-1,75,69,76,-1,77,78,79,-1,78,80,79,-1,79,80,81,-1,79,81,1,-1,1,81,82,-1,1,82,2,-1,2,82,83,-1,2,83,69,-1,69,83,84,-1,69,84,76,-1,85,86,87,-1,87,86,88,-1,88,89,87,-1,87,89,90,-1,87,90,77,-1,91,92,93,-1,94,95,96,-1,94,96,97,-1,98,99,100,-1,100,99,101,-1,95,102,96,-1,96,102,103,-1,96,103,104,-1,101,105,100,-1,100,105,106,-1,100,106,107,-1,108,109,96,-1,96,109,110,-1,96,110,93,-1,93,110,111,-1,93,111,91,-1,112,113,114,-1,114,113,115,-1,114,115,96,-1,96,115,116,-1,96,116,97,-1,117,118,85,-1,85,118,119,-1,85,119,120,-1,120,121,85,-1,85,121,122,-1,85,122,123,-1,123,122,112,-1,123,112,124,-1,124,112,114,-1,104,125,96,-1,96,125,126,-1,96,126,127,-1,107,128,100,-1,100,128,129,-1,100,129,85,-1,85,129,130,-1,85,130,117,-1,127,131,96,-1,96,131,132,-1,96,132,108,-1,133,134,135,-1,135,134,93,-1,136,137,138,-1,137,139,138,-1,138,139,140,-1,138,140,141,-1,93,142,143,-1,92,144,93,-1,93,144,145,-1,93,145,142,-1,143,146,93,-1,93,146,147,-1,93,147,135,-1,148,138,149,-1,149,138,150,-1,141,151,152,-1,151,141,153,-1,153,141,154,-1,153,154,155,-1,155,156,153,-1,153,156,157,-1,153,157,158,-1,152,159,141,-1,141,159,160,-1,141,160,138,-1,138,160,161,-1,138,161,150,-1,162,163,164,-1,163,165,164,-1,164,165,166,-1,164,166,167,-1,136,164,168,-1,138,134,136,-1,136,134,133,-1,136,133,164,-1,164,133,169,-1,164,169,162,-1,168,170,136,-1,136,170,171,-1,136,171,172,-1,167,166,173,-1,173,166,174,-1,173,174,175,-1,175,174,176,-1,175,176,177,-1,178,179,172,-1,172,179,180,-1,172,180,136,-1,15,181,16,-1,16,181,182,-1,16,182,98,-1,98,182,183,-1,98,183,99,-1,184,185,186,-1,186,185,187,-1,186,187,188,-1,189,190,191,-1,185,192,187,-1,187,192,193,-1,187,193,194,-1,194,193,195,-1,194,195,196,-1,196,195,197,-1,196,197,198,-1,198,197,199,-1,198,199,189,-1,200,201,202,-1,202,201,203,-1,204,205,206,-1,206,205,207,-1,200,202,208,-1,208,202,209,-1,208,209,210,-1,210,209,211,-1,210,211,212,-1,211,213,212,-1,212,213,214,-1,212,214,215,-1,216,217,218,-1,206,211,204,-1,204,211,209,-1,204,209,219,-1,219,209,220,-1,219,220,218,-1,218,220,221,-1,218,221,216,-1,207,205,222,-1,222,205,223,-1,222,223,216,-1,224,225,223,-1,223,225,226,-1,227,228,217,-1,228,229,217,-1,217,229,230,-1,217,230,231,-1,232,233,227,-1,216,223,217,-1,217,223,226,-1,217,226,227,-1,227,226,234,-1,227,234,232,-1,233,235,227,-1,227,235,236,-1,227,236,237,-1,238,239,240,-1,237,241,227,-1,227,241,242,-1,227,242,243,-1,243,242,244,-1,244,242,240,-1,240,242,245,-1,240,245,238,-1,239,246,240,-1,240,246,247,-1,240,247,248,-1,248,249,240,-1,240,249,250,-1,240,250,251,-1,251,250,252,-1,253,254,255,-1,255,254,256,-1,11,257,258,-1,258,259,11,-1,11,259,260,-1,11,260,9,-1,261,262,263,-1,263,262,264,-1,264,265,266,-1,266,265,267,-1,266,267,11,-1,11,267,268,-1,11,268,257,-1,269,270,271,-1,270,272,271,-1,271,272,273,-1,271,273,274,-1,269,271,275,-1,275,271,276,-1,275,276,277,-1,277,276,278,-1,278,276,279,-1,278,279,231,-1,189,191,198,-1,198,191,280,-1,198,280,281,-1,282,283,284,-1,284,283,285,-1,286,287,39,-1,39,287,288,-1,39,288,40,-1,286,39,289,-1,289,39,290,-1,289,290,291,-1,292,293,294,-1,294,293,295,-1,294,295,296,-1,297,298,290,-1,290,298,299,-1,290,299,291,-1,291,299,300,-1,294,301,292,-1,292,301,302,-1,292,302,303,-1,304,305,299,-1,299,305,306,-1,299,306,300,-1,303,307,292,-1,292,307,308,-1,292,308,299,-1,299,308,309,-1,299,309,304,-1,296,295,310,-1,310,295,311,-1,310,311,312,-1,312,311,313,-1,312,313,314,-1,315,316,194,-1,317,318,196,-1,196,318,319,-1,320,321,322,-1,322,321,194,-1,322,194,323,-1,323,194,316,-1,319,324,196,-1,196,324,325,-1,196,325,326,-1,326,327,196,-1,196,327,328,-1,196,328,194,-1,194,328,329,-1,194,329,315,-1,204,330,317,-1,317,330,331,-1,317,331,318,-1,320,332,321,-1,321,332,333,-1,321,333,219,-1,219,333,334,-1,219,334,204,-1,204,334,335,-1,204,335,330,-1,336,337,338,-1,338,337,339,-1,340,341,342,-1,342,343,344,-1,345,346,276,-1,276,346,347,-1,276,347,348,-1,349,350,336,-1,336,350,351,-1,352,353,345,-1,345,353,354,-1,345,354,355,-1,355,354,356,-1,357,358,356,-1,356,358,359,-1,356,359,355,-1,351,360,336,-1,336,360,361,-1,336,361,337,-1,341,362,342,-1,342,362,363,-1,342,363,343,-1,344,364,342,-1,342,364,365,-1,342,365,276,-1,276,365,366,-1,276,366,345,-1,345,366,367,-1,345,367,352,-1,348,368,276,-1,276,368,369,-1,276,369,370,-1,370,371,372,-1,372,371,373,-1,372,373,374,-1,374,373,375,-1,374,375,376,-1,377,378,356,-1,356,378,379,-1,356,379,380,-1,381,382,383,-1,383,382,384,-1,383,384,385,-1,386,387,388,-1,388,387,389,-1,388,389,376,-1,376,389,390,-1,376,390,374,-1,380,391,356,-1,356,391,392,-1,356,392,357,-1,393,394,395,-1,381,386,382,-1,382,386,388,-1,382,388,396,-1,396,388,338,-1,396,338,397,-1,397,338,339,-1,397,339,398,-1,398,339,399,-1,400,399,401,-1,401,399,339,-1,401,339,393,-1,393,339,337,-1,393,337,394,-1,402,403,404,-1,405,406,404,-1,407,408,279,-1,370,372,276,-1,276,372,409,-1,276,409,279,-1,279,409,410,-1,279,410,407,-1,411,412,8,-1,412,413,8,-1,8,413,414,-1,8,414,415,-1,408,416,279,-1,279,416,417,-1,279,417,402,-1,402,417,418,-1,402,418,403,-1,415,419,8,-1,8,419,420,-1,8,420,6,-1,421,422,423,-1,423,422,424,-1,423,424,425,-1,423,426,421,-1,421,426,427,-1,421,427,428,-1,428,429,421,-1,421,429,430,-1,421,430,431,-1,431,430,432,-1,431,432,433,-1,433,432,434,-1,433,434,404,-1,404,434,435,-1,404,435,405,-1,436,437,425,-1,425,437,438,-1,425,438,423,-1,439,440,385,-1,385,440,441,-1,385,441,383,-1,439,442,440,-1,440,442,443,-1,440,443,444,-1,444,443,445,-1,444,446,447,-1,445,448,444,-1,444,448,449,-1,444,449,450,-1,450,451,444,-1,444,451,452,-1,444,452,446,-1,447,453,444,-1,444,453,454,-1,444,454,455,-1,456,457,458,-1,458,457,459,-1,458,459,460,-1,461,462,463,-1,459,464,460,-1,460,464,465,-1,460,465,466,-1,466,465,461,-1,466,461,467,-1,467,461,463,-1,468,469,8,-1,8,469,470,-1,406,411,404,-1,404,411,8,-1,404,8,402,-1,402,8,470,-1,402,470,464,-1,464,470,471,-1,464,471,465,-1,472,469,473,-1,473,469,468,-1,473,468,474,-1,475,476,477,-1,478,479,468,-1,468,479,480,-1,468,480,474,-1,400,401,7,-1,7,401,475,-1,7,475,8,-1,8,475,477,-1,8,477,468,-1,468,477,481,-1,468,481,482,-1,483,484,485,-1,485,484,486,-1,485,486,475,-1,475,486,487,-1,475,487,476,-1,482,488,468,-1,468,488,489,-1,468,489,478,-1,490,491,492,-1,490,492,456,-1,491,493,492,-1,492,493,494,-1,492,494,485,-1,485,494,495,-1,485,495,483,-1,496,497,498,-1,498,497,499,-1,500,501,502,-1,503,504,505,-1,496,498,506,-1,506,498,500,-1,506,500,507,-1,505,508,509,-1,509,508,510,-1,509,510,511,-1,502,501,512,-1,512,501,513,-1,512,513,514,-1,504,503,515,-1,515,503,516,-1,515,516,517,-1,517,516,459,-1,517,459,514,-1,514,459,457,-1,514,457,512,-1,281,284,198,-1,198,284,285,-1,198,285,196,-1,196,285,518,-1,518,519,196,-1,196,519,520,-1,196,520,317,-1,317,520,521,-1,317,521,204,-1,204,521,522,-1,204,522,205,-1,205,522,256,-1,205,256,223,-1,223,256,254,-1,223,254,224,-1,37,266,523,-1,523,266,11,-1,523,11,255,-1,255,11,10,-1,255,10,253,-1,264,266,263,-1,263,266,524,-1,263,524,525,-1,16,526,18,-1,18,526,527,-1,18,527,528,-1,529,524,528,-1,528,524,266,-1,528,266,18,-1,18,266,37,-1,18,37,20,-1,20,37,44,-1,231,279,217,-1,217,279,402,-1,217,402,218,-1,218,402,464,-1,218,464,219,-1,219,464,459,-1,219,459,321,-1,321,459,516,-1,321,516,194,-1,194,516,503,-1,194,503,187,-1,525,526,263,-1,263,526,16,-1,263,16,530,-1,530,16,98,-1,531,532,502,-1,502,532,503,-1,502,503,500,-1,500,503,505,-1,500,505,507,-1,507,505,509,-1,533,502,534,-1,534,502,535,-1,534,535,536,-1,536,535,537,-1,538,539,540,-1,189,188,190,-1,190,188,187,-1,190,187,537,-1,537,187,503,-1,537,503,536,-1,536,503,540,-1,539,541,540,-1,540,541,542,-1,540,542,543,-1,543,542,544,-1,543,544,545,-1,545,546,543,-1,543,546,547,-1,543,547,548,-1,548,531,543,-1,543,531,502,-1,543,502,549,-1,549,502,533,-1,549,533,550,-1,550,533,551,-1,532,552,503,-1,503,552,553,-1,503,553,540,-1,540,553,554,-1,540,554,555,-1,555,556,540,-1,540,556,557,-1,540,557,538,-1,274,261,271,-1,271,261,263,-1,271,263,276,-1,276,263,530,-1,276,530,342,-1,342,530,558,-1,100,558,559,-1,559,558,560,-1,560,558,561,-1,561,558,530,-1,561,530,562,-1,100,559,98,-1,98,559,563,-1,98,563,530,-1,530,563,564,-1,530,564,562,-1,565,566,567,-1,567,566,561,-1,567,561,568,-1,568,561,562,-1,568,562,569,-1,569,562,570,-1,456,492,457,-1,457,492,571,-1,457,571,512,-1,512,571,5,-1,512,5,502,-1,502,5,4,-1,502,4,535,-1,85,87,100,-1,100,87,572,-1,100,572,558,-1,558,572,393,-1,558,393,342,-1,342,393,395,-1,342,395,340,-1,77,79,87,-1,87,79,573,-1,87,573,572,-1,572,573,574,-1,572,574,393,-1,393,574,575,-1,393,575,401,-1,401,575,576,-1,401,576,475,-1,475,576,577,-1,475,577,485,-1,485,577,578,-1,485,578,492,-1,492,578,579,-1,492,579,571,-1,571,579,580,-1,571,580,5,-1,5,580,581,-1,5,581,3,-1,582,0,583,-1,583,0,2,-1,583,2,584,-1,584,2,69,-1,584,69,313,-1,313,69,62,-1,313,62,314,-1,314,62,61,-1,585,586,587,-1,0,588,589,-1,589,588,585,-1,590,591,592,-1,592,591,593,-1,592,593,594,-1,594,593,595,-1,594,595,596,-1,596,595,597,-1,596,597,587,-1,587,597,598,-1,587,598,585,-1,585,598,599,-1,585,599,589,-1,600,601,602,-1,601,600,603,-1,603,600,604,-1,603,604,580,-1,605,600,606,-1,606,600,602,-1,606,602,607,-1,607,602,608,-1,607,608,609,-1,609,608,610,-1,609,610,611,-1,611,610,612,-1,611,612,613,-1,613,612,614,-1,518,615,616,-1,616,615,617,-1,617,618,619,-1,620,621,622,-1,622,621,623,-1,622,623,624,-1,624,623,625,-1,624,625,626,-1,626,625,627,-1,626,627,619,-1,619,627,628,-1,619,628,617,-1,617,628,629,-1,617,629,616,-1,630,631,632,-1,631,630,633,-1,633,630,634,-1,633,634,290,-1,635,630,636,-1,636,630,632,-1,636,632,637,-1,637,632,638,-1,637,638,639,-1,639,638,640,-1,639,640,641,-1,641,640,642,-1,641,642,643,-1,643,642,644,-1,645,646,647,-1,648,649,650,-1,650,649,651,-1,652,653,654,-1,654,655,652,-1,652,655,656,-1,652,656,648,-1,648,656,657,-1,648,657,649,-1,651,658,650,-1,650,658,659,-1,650,659,660,-1,660,659,661,-1,660,661,647,-1,647,661,662,-1,647,662,645,-1,654,653,663,-1,663,653,664,-1,663,664,665,-1,665,664,666,-1,667,668,669,-1,669,668,670,-1,669,670,666,-1,666,670,671,-1,666,671,665,-1,672,668,673,-1,673,668,667,-1,673,667,674,-1,674,667,675,-1,674,675,676,-1,676,675,677,-1,676,677,678,-1,678,677,679,-1,680,681,682,-1,680,682,683,-1,684,685,686,-1,686,685,687,-1,686,687,688,-1,688,687,689,-1,688,689,690,-1,690,689,691,-1,690,691,692,-1,693,690,694,-1,694,690,692,-1,694,692,695,-1,695,692,683,-1,695,683,696,-1,696,683,682,-1,681,680,697,-1,697,680,698,-1,697,698,699,-1,699,698,700,-1,699,700,701,-1,701,700,702,-1,702,700,703,-1,702,703,704,-1,704,703,705,-1,705,703,706,-1,705,706,707,-1,707,706,708,-1,708,706,709,-1,708,709,710,-1,710,709,711,-1,710,711,712,-1,712,711,713,-1,712,713,714,-1,590,592,715,-1,716,611,613,-1,716,672,611,-1,611,672,673,-1,611,673,674,-1,717,718,645,-1,693,715,690,-1,690,715,592,-1,690,592,688,-1,688,592,686,-1,708,719,715,-1,715,719,720,-1,715,720,590,-1,613,721,716,-1,716,721,722,-1,716,722,661,-1,661,722,717,-1,661,717,662,-1,662,717,645,-1,718,723,645,-1,645,723,724,-1,645,724,725,-1,725,724,726,-1,725,726,727,-1,728,729,714,-1,714,729,730,-1,714,730,712,-1,712,730,719,-1,712,719,710,-1,710,719,708,-1,674,676,611,-1,611,676,678,-1,611,678,592,-1,592,678,684,-1,592,684,686,-1,731,732,733,-1,734,735,736,-1,736,735,737,-1,738,726,739,-1,739,726,740,-1,738,741,726,-1,726,741,742,-1,726,742,727,-1,728,714,743,-1,743,714,733,-1,743,733,735,-1,735,733,732,-1,735,732,737,-1,740,726,744,-1,744,726,745,-1,744,745,746,-1,746,747,744,-1,744,747,748,-1,744,748,749,-1,749,748,750,-1,733,751,731,-1,731,751,752,-1,731,752,753,-1,753,752,754,-1,734,736,755,-1,755,736,756,-1,755,756,757,-1,758,759,760,-1,760,759,761,-1,762,763,760,-1,760,763,764,-1,760,764,758,-1,765,766,767,-1,767,768,765,-1,765,768,769,-1,765,769,762,-1,762,769,770,-1,762,770,763,-1,759,771,761,-1,761,771,772,-1,761,772,773,-1,773,772,774,-1,773,774,775,-1,766,776,767,-1,767,776,777,-1,777,776,778,-1,778,776,779,-1,780,781,782,-1,782,781,783,-1,782,783,779,-1,779,783,784,-1,779,784,778,-1,785,781,786,-1,786,781,780,-1,786,780,787,-1,787,780,788,-1,787,788,789,-1,789,788,790,-1,789,790,791,-1,791,790,792,-1,793,794,795,-1,793,795,796,-1,797,798,799,-1,799,798,800,-1,799,800,801,-1,801,800,802,-1,801,802,803,-1,803,802,804,-1,803,804,805,-1,806,803,807,-1,807,803,805,-1,807,805,808,-1,808,805,796,-1,808,796,809,-1,809,796,795,-1,793,810,794,-1,794,810,811,-1,811,810,812,-1,812,810,813,-1,812,813,814,-1,814,813,815,-1,815,813,816,-1,815,816,817,-1,817,816,818,-1,818,816,819,-1,818,819,820,-1,820,819,821,-1,820,821,822,-1,822,821,823,-1,823,821,824,-1,823,824,825,-1,825,824,826,-1,825,826,827,-1,803,806,828,-1,799,801,622,-1,829,830,828,-1,828,830,831,-1,641,643,832,-1,832,643,833,-1,832,833,759,-1,759,833,834,-1,759,834,771,-1,801,803,622,-1,622,803,828,-1,622,828,620,-1,620,828,831,-1,835,836,774,-1,774,836,837,-1,774,837,838,-1,832,785,641,-1,641,785,786,-1,641,786,787,-1,835,774,834,-1,834,774,772,-1,834,772,771,-1,839,840,827,-1,827,840,841,-1,827,841,825,-1,825,841,829,-1,825,829,823,-1,823,829,828,-1,787,789,641,-1,641,789,791,-1,641,791,622,-1,622,791,797,-1,622,797,799,-1,842,843,844,-1,844,843,838,-1,844,838,845,-1,845,838,837,-1,839,827,846,-1,846,827,847,-1,846,847,848,-1,848,849,846,-1,846,849,850,-1,846,850,851,-1,851,852,846,-1,846,852,853,-1,846,853,854,-1,844,855,842,-1,842,855,856,-1,842,856,857,-1,857,856,858,-1,859,860,861,-1,861,860,862,-1,843,863,838,-1,838,863,862,-1,838,862,864,-1,864,862,860,-1,865,866,854,-1,854,866,867,-1,854,867,846,-1,865,854,868,-1,868,854,869,-1,868,869,870,-1,618,635,619,-1,619,635,636,-1,619,636,626,-1,626,636,637,-1,626,637,624,-1,624,637,639,-1,624,639,622,-1,622,639,641,-1,611,592,609,-1,609,592,594,-1,609,594,607,-1,607,594,596,-1,607,596,606,-1,606,596,587,-1,606,587,605,-1,605,587,586,-1,871,872,873,-1,873,872,874,-1,873,874,875,-1,875,874,876,-1,875,876,877,-1,877,876,878,-1,877,878,879,-1,879,878,880,-1,881,882,883,-1,882,881,884,-1,884,881,885,-1,884,885,292,-1,872,881,874,-1,874,881,883,-1,874,883,876,-1,876,883,886,-1,876,886,878,-1,878,886,887,-1,878,887,880,-1,880,887,888,-1,299,889,890,-1,890,889,891,-1,891,871,873,-1,879,892,877,-1,877,892,893,-1,877,893,875,-1,875,893,894,-1,875,894,873,-1,873,894,895,-1,873,895,891,-1,891,895,896,-1,891,896,890,-1,281,897,898,-1,898,897,899,-1,899,900,901,-1,902,903,904,-1,904,903,905,-1,904,905,906,-1,906,905,907,-1,906,907,901,-1,901,907,908,-1,901,908,899,-1,899,908,909,-1,899,909,898,-1,900,910,901,-1,901,910,911,-1,901,911,906,-1,906,911,912,-1,906,912,904,-1,904,912,913,-1,904,913,902,-1,902,913,914,-1,915,916,917,-1,916,915,918,-1,918,915,919,-1,918,919,284,-1,910,915,911,-1,911,915,917,-1,911,917,912,-1,912,917,920,-1,912,920,913,-1,913,920,921,-1,913,921,914,-1,914,921,922,-1,298,297,923,-1,923,297,924,-1,299,298,889,-1,889,298,923,-1,293,292,925,-1,925,292,885,-1,582,583,926,-1,926,583,584,-1,926,584,925,-1,925,584,313,-1,313,311,925,-1,925,311,295,-1,925,295,293,-1,0,582,588,-1,588,582,926,-1,677,675,612,-1,691,689,593,-1,666,614,669,-1,669,614,612,-1,669,612,667,-1,667,612,675,-1,927,928,929,-1,664,930,666,-1,666,930,931,-1,666,931,614,-1,929,928,932,-1,933,646,928,-1,928,646,934,-1,703,935,706,-1,706,935,709,-1,936,937,713,-1,713,937,938,-1,713,938,939,-1,939,938,940,-1,939,940,941,-1,933,942,646,-1,646,942,943,-1,646,943,647,-1,647,943,944,-1,647,944,660,-1,660,944,650,-1,664,653,930,-1,930,653,652,-1,930,652,944,-1,944,652,648,-1,944,648,650,-1,703,700,935,-1,935,700,698,-1,935,698,945,-1,945,698,680,-1,945,680,591,-1,591,680,683,-1,591,683,593,-1,593,683,692,-1,593,692,691,-1,936,713,935,-1,935,713,711,-1,935,711,709,-1,689,687,593,-1,593,687,685,-1,593,685,612,-1,612,685,679,-1,612,679,677,-1,946,947,948,-1,934,949,928,-1,928,949,950,-1,928,950,951,-1,952,953,954,-1,954,953,955,-1,954,955,929,-1,929,955,956,-1,929,956,927,-1,948,957,946,-1,946,957,958,-1,946,958,959,-1,960,961,962,-1,962,961,939,-1,962,939,958,-1,958,939,941,-1,958,941,959,-1,951,963,928,-1,928,963,964,-1,928,964,932,-1,960,965,961,-1,961,965,966,-1,961,966,967,-1,580,604,581,-1,581,604,968,-1,581,968,3,-1,4,3,968,-1,969,280,191,-1,191,190,969,-1,969,190,537,-1,969,537,968,-1,968,537,535,-1,968,535,4,-1,281,280,897,-1,897,280,969,-1,282,284,970,-1,970,284,919,-1,283,282,971,-1,971,282,970,-1,283,971,285,-1,285,971,615,-1,285,615,518,-1,642,790,788,-1,796,805,623,-1,623,805,804,-1,623,804,802,-1,821,819,972,-1,802,800,623,-1,623,800,798,-1,623,798,642,-1,642,798,792,-1,642,792,790,-1,973,974,826,-1,826,974,975,-1,826,975,976,-1,976,975,977,-1,976,977,978,-1,979,775,980,-1,980,775,981,-1,980,981,982,-1,623,621,796,-1,796,621,983,-1,796,983,793,-1,793,983,984,-1,819,816,972,-1,972,816,813,-1,972,813,984,-1,984,813,810,-1,984,810,793,-1,985,986,977,-1,982,987,980,-1,980,987,988,-1,980,988,989,-1,989,990,980,-1,980,990,991,-1,980,991,992,-1,992,991,993,-1,992,993,994,-1,765,762,995,-1,995,762,760,-1,788,780,642,-1,642,780,782,-1,642,782,644,-1,644,782,779,-1,644,779,996,-1,996,779,776,-1,996,776,995,-1,995,776,766,-1,995,766,765,-1,973,826,972,-1,972,826,824,-1,972,824,821,-1,997,998,999,-1,979,1000,775,-1,775,1000,1001,-1,775,1001,773,-1,773,1001,995,-1,773,995,761,-1,761,995,760,-1,997,999,993,-1,993,999,1002,-1,993,1002,994,-1,1003,1004,1005,-1,1005,1004,1006,-1,1005,1006,1007,-1,986,1008,977,-1,977,1008,1009,-1,977,1009,978,-1,1003,1010,1004,-1,1004,1010,1011,-1,1004,1011,977,-1,977,1011,1012,-1,977,1012,985,-1,297,290,924,-1,924,290,634,-1,613,614,721,-1,721,614,931,-1,721,931,722,-1,722,931,930,-1,722,930,717,-1,717,930,944,-1,717,944,718,-1,718,944,943,-1,718,943,723,-1,723,943,942,-1,723,942,724,-1,724,942,933,-1,724,933,726,-1,726,933,928,-1,745,726,927,-1,927,726,928,-1,745,927,956,-1,745,956,746,-1,746,956,955,-1,746,955,747,-1,747,955,953,-1,747,953,748,-1,748,953,952,-1,748,952,750,-1,750,952,954,-1,750,954,749,-1,749,954,929,-1,749,929,744,-1,740,744,932,-1,932,744,929,-1,740,932,964,-1,740,964,739,-1,739,964,963,-1,739,963,738,-1,738,963,951,-1,738,951,741,-1,741,951,950,-1,741,950,742,-1,742,950,949,-1,742,949,727,-1,727,949,934,-1,727,934,725,-1,645,725,646,-1,646,725,934,-1,684,678,685,-1,685,678,679,-1,733,714,939,-1,939,714,713,-1,733,939,961,-1,733,961,751,-1,751,961,967,-1,751,967,752,-1,752,967,966,-1,752,966,754,-1,754,966,965,-1,754,965,753,-1,753,965,960,-1,753,960,731,-1,731,960,962,-1,731,962,732,-1,737,732,958,-1,958,732,962,-1,737,958,957,-1,737,957,736,-1,736,957,948,-1,736,948,756,-1,756,948,947,-1,756,947,757,-1,757,947,946,-1,757,946,755,-1,755,946,959,-1,755,959,734,-1,734,959,941,-1,734,941,735,-1,743,735,940,-1,940,735,941,-1,743,940,728,-1,728,940,938,-1,728,938,729,-1,729,938,937,-1,729,937,730,-1,730,937,936,-1,730,936,719,-1,719,936,935,-1,719,935,720,-1,720,935,945,-1,720,945,590,-1,590,945,591,-1,643,644,833,-1,833,644,996,-1,833,996,834,-1,834,996,995,-1,834,995,835,-1,835,995,1001,-1,835,1001,836,-1,836,1001,1000,-1,836,1000,837,-1,837,1000,979,-1,837,979,845,-1,845,979,980,-1,844,845,992,-1,992,845,980,-1,844,992,994,-1,844,994,855,-1,855,994,1002,-1,855,1002,856,-1,856,1002,999,-1,856,999,858,-1,858,999,998,-1,858,998,857,-1,857,998,997,-1,857,997,842,-1,842,997,993,-1,842,993,843,-1,863,843,991,-1,991,843,993,-1,863,991,990,-1,863,990,862,-1,862,990,989,-1,862,989,861,-1,861,989,988,-1,861,988,859,-1,859,988,987,-1,859,987,860,-1,860,987,982,-1,860,982,864,-1,864,982,981,-1,864,981,838,-1,774,838,775,-1,775,838,981,-1,797,791,798,-1,798,791,792,-1,847,827,976,-1,976,827,826,-1,847,976,978,-1,847,978,848,-1,848,978,1009,-1,848,1009,849,-1,849,1009,1008,-1,849,1008,850,-1,850,1008,986,-1,850,986,851,-1,851,986,985,-1,851,985,852,-1,852,985,1012,-1,852,1012,853,-1,854,853,1011,-1,1011,853,1012,-1,854,1011,1010,-1,854,1010,869,-1,869,1010,1003,-1,869,1003,870,-1,870,1003,1005,-1,870,1005,868,-1,868,1005,1007,-1,868,1007,865,-1,865,1007,1006,-1,865,1006,866,-1,866,1006,1004,-1,866,1004,867,-1,846,867,977,-1,977,867,1004,-1,846,977,839,-1,839,977,975,-1,839,975,840,-1,840,975,974,-1,840,974,841,-1,841,974,973,-1,841,973,829,-1,829,973,972,-1,829,972,830,-1,830,972,984,-1,830,984,831,-1,831,984,983,-1,831,983,620,-1,620,983,621,-1,290,518,616,-1,290,616,633,-1,633,616,629,-1,633,629,631,-1,631,629,628,-1,631,628,632,-1,632,628,627,-1,632,627,638,-1,638,627,625,-1,638,625,640,-1,640,625,623,-1,640,623,642,-1,580,0,589,-1,580,589,603,-1,603,589,599,-1,603,599,601,-1,601,599,598,-1,601,598,602,-1,602,598,597,-1,602,597,608,-1,608,597,595,-1,608,595,610,-1,610,595,593,-1,610,593,612,-1,1013,1014,1015,-1,1015,1014,1016,-1,892,888,887,-1,892,887,893,-1,893,887,886,-1,893,886,894,-1,894,886,883,-1,894,883,895,-1,895,883,882,-1,895,882,896,-1,896,882,884,-1,896,884,890,-1,890,884,292,-1,890,292,299,-1,1013,879,1014,-1,1014,879,880,-1,1014,880,1016,-1,1016,880,888,-1,1016,888,1015,-1,1015,888,892,-1,892,879,1015,-1,1015,879,1013,-1,1017,1018,1019,-1,1019,1018,1020,-1,903,922,921,-1,903,921,905,-1,905,921,920,-1,905,920,907,-1,907,920,917,-1,907,917,908,-1,908,917,916,-1,908,916,909,-1,909,916,918,-1,909,918,898,-1,898,918,284,-1,898,284,281,-1,1020,922,1019,-1,1019,922,903,-1,1019,903,1017,-1,1017,903,902,-1,1017,902,1018,-1,1018,902,914,-1,914,922,1018,-1,1018,922,1020,-1,1021,287,1022,-1,1022,287,286,-1,1022,286,1023,-1,1023,286,289,-1,1023,289,1024,-1,1024,289,291,-1,1024,291,1025,-1,1025,291,300,-1,1025,300,1026,-1,1026,300,306,-1,1026,306,1027,-1,1027,306,305,-1,1027,305,1028,-1,1028,305,304,-1,1028,304,1029,-1,1029,304,309,-1,1029,309,1030,-1,1030,309,308,-1,1030,308,1031,-1,1031,308,307,-1,1031,307,1032,-1,1032,307,303,-1,1032,303,1033,-1,1033,303,302,-1,1033,302,1034,-1,1034,302,301,-1,1034,301,1035,-1,301,294,1035,-1,1035,294,296,-1,1035,296,1036,-1,296,310,1036,-1,1036,310,312,-1,1036,312,1037,-1,312,314,1037,-1,1037,314,61,-1,1037,61,1038,-1,1038,61,60,-1,1038,60,1039,-1,60,63,1039,-1,1039,63,14,-1,1039,14,1040,-1,1040,14,46,-1,1040,46,1041,-1,46,57,1041,-1,1041,57,48,-1,1041,48,1042,-1,1042,48,47,-1,1042,47,1043,-1,1043,47,31,-1,1043,31,1044,-1,1044,31,34,-1,1044,34,1045,-1,1045,34,33,-1,1045,33,1046,-1,1046,33,32,-1,1046,32,1047,-1,1047,32,26,-1,1047,26,1048,-1,1048,26,45,-1,1048,45,1049,-1,1049,45,38,-1,1049,38,1050,-1,1050,38,36,-1,1050,36,1051,-1,1051,36,35,-1,1051,35,1052,-1,1052,35,43,-1,1052,43,1053,-1,1053,43,42,-1,1053,42,1054,-1,1054,42,41,-1,1054,41,1055,-1,1055,41,40,-1,1055,40,1021,-1,1021,40,288,-1,1021,288,287,-1,
        ]
    }
}
Shape{
    appearance Appearance {
        material  Material {
            diffuseColor 0.0 0.0 0.0
            specularColor 0.0 0.0 0.0
            ambientIntensity 0.0
            transparency 0.0
            shininess 0.5
        }
    }
    geometry IndexedFaceSet {
        ccw TRUE
        solid FALSE
        coord DEF co Coordinate {
            point [
                0.4962 -0.3327 0.5949, 0.4962 -0.3373 0.5949, 0.4962 -0.3327 0.5945, 0.4962 -0.3373 0.5945, 0.4803 -0.3327 0.5949, 0.4803 -0.3327 0.5945, 0.4803 -0.2973 0.5949, 0.4803 -0.2973 0.5945, 0.4751 -0.2973 0.5949, 0.4751 -0.2973 0.5945, 0.4751 -0.3373 0.5949, 0.4751 -0.3373 0.5945
            ]
        }
        coordIndex [
            0,1,2,-1,2,1,3,-1,4,0,5,-1,5,0,2,-1,6,4,7,-1,7,4,5,-1,8,6,9,-1,9,6,7,-1,10,8,11,-1,11,8,9,-1,1,10,3,-1,3,10,11,-1,6,8,4,-1,4,8,10,-1,4,10,0,-1,0,10,1,-1,
        ]
    }
}
Shape{
    appearance Appearance {
        material  Material {
            diffuseColor 0.2235294117647059 0.2235294117647059 0.2235294117647059
            specularColor 0.11372549019607843 0.11372549019607843 0.11372549019607843
            ambientIntensity 0.2235
            transparency 0.0
            shininess 0.5
        }
    }
    geometry IndexedFaceSet {
        ccw TRUE
        solid FALSE
        coord DEF co Coordinate {
            point [
                -0.2745 0.0735 0.7323, -0.2817 0.0371 0.7323, 0.0 0.0 0.7323, -0.2842 0.0 0.7323, -0.2817 -0.0371 0.7323, -0.2254 0.173 0.7323, -0.2461 0.1421 0.7323, -0.2625 0.1087 0.7323, -0.1421 0.2461 0.7323, -0.173 0.2254 0.7323, -0.2009 0.2009 0.7323, -0.0371 0.2817 0.7323, -0.0735 0.2745 0.7323, -0.1087 0.2625 0.7323, 0.0735 0.2745 0.7323, 0.0371 0.2817 0.7323, 0.0 0.2842 0.7323, 0.173 0.2254 0.7323, 0.1421 0.2461 0.7323, 0.1087 0.2625 0.7323, 0.2461 0.1421 0.7323, 0.2254 0.173 0.7323, 0.2009 0.2009 0.7323, 0.2817 0.0371 0.7323, 0.2745 0.0735 0.7323, 0.2625 0.1087 0.7323, 0.2745 -0.0735 0.7323, 0.2817 -0.0371 0.7323, 0.2842 0.0 0.7323, 0.2254 -0.173 0.7323, 0.2461 -0.1421 0.7323, 0.2625 -0.1087 0.7323, 0.1421 -0.2461 0.7323, 0.173 -0.2254 0.7323, 0.2009 -0.2009 0.7323, 0.0371 -0.2817 0.7323, 0.0735 -0.2745 0.7323, 0.1087 -0.2625 0.7323, -0.0735 -0.2745 0.7323, -0.0371 -0.2817 0.7323, 0.0 -0.2842 0.7323, -0.173 -0.2254 0.7323, -0.1421 -0.2461 0.7323, -0.1087 -0.2625 0.7323, -0.2461 -0.1421 0.7323, -0.2254 -0.173 0.7323, -0.2009 -0.2009 0.7323, -0.2745 -0.0735 0.7323, -0.2625 -0.1087 0.7323, -0.2386 -0.2175 0.6957, -0.2274 -0.2274 0.7053, -0.2566 -0.1969 0.6957, -0.2551 -0.1957 0.7053, -0.2746 -0.17 0.6957, -0.2785 -0.1608 0.7053, -0.2801 -0.1617 0.6957, -0.2971 -0.123 0.7053, -0.2988 -0.1238 0.6957, -0.2287 -0.2287 0.6957, -0.1969 -0.2566 0.6957, -0.1957 -0.2551 0.7053, -0.1948 -0.258 0.6957, -0.1608 -0.2785 0.7053, -0.1617 -0.2801 0.6957, -0.1439 -0.2889 0.6957, -0.123 -0.2971 0.7053, -0.1238 -0.2988 0.6957, -0.0884 -0.3108 0.6957, -0.0832 -0.3106 0.7053, -0.0837 -0.3124 0.6957, -0.0422 -0.3207 0.6957, -0.042 -0.3188 0.7053, -0.0298 -0.3215 0.6957, 0.0 -0.3215 0.7053, 0.0 -0.3234 0.6957, 0.042 -0.3188 0.7053, 0.0298 -0.3215 0.6957, 0.0422 -0.3207 0.6957, 0.0837 -0.3124 0.6957, 0.0832 -0.3106 0.7053, 0.0884 -0.3108 0.6957, 0.123 -0.2971 0.7053, 0.1238 -0.2988 0.6957, 0.1608 -0.2785 0.7053, 0.1439 -0.2889 0.6957, 0.1617 -0.2801 0.6957, 0.1948 -0.258 0.6957, 0.1957 -0.2551 0.7053, 0.1969 -0.2566 0.6957, 0.2287 -0.2287 0.6957, 0.2274 -0.2274 0.7053, 0.2386 -0.2175 0.6957, 0.2551 -0.1957 0.7053, 0.2566 -0.1969 0.6957, 0.2785 -0.1608 0.7053, 0.2746 -0.17 0.6957, 0.2801 -0.1617 0.6957, 0.2988 -0.1238 0.6957, 0.2971 -0.123 0.7053, 0.3012 -0.1167 0.6957, 0.3106 -0.0832 0.7053, 0.3124 -0.0837 0.6957, 0.3188 -0.042 0.7053, 0.3173 -0.0593 0.6957, 0.3207 -0.0422 0.6957, 0.3234 0.0 0.6957, 0.3215 0.0 0.7053, 0.3207 0.0422 0.6957, 0.3188 0.042 0.7053, 0.3173 0.0593 0.6957, 0.3106 0.0832 0.7053, 0.3124 0.0837 0.6957, 0.2971 0.123 0.7053, 0.3012 0.1167 0.6957, 0.2988 0.1238 0.6957, 0.2801 0.1617 0.6957, 0.2785 0.1608 0.7053, 0.2746 0.17 0.6957, 0.2551 0.1957 0.7053, 0.2566 0.1969 0.6957, 0.2274 0.2274 0.7053, 0.2386 0.2175 0.6957, 0.2287 0.2287 0.6957, 0.1969 0.2566 0.6957, 0.1957 0.2551 0.7053, 0.1948 0.258 0.6957, 0.1608 0.2785 0.7053, 0.1617 0.2801 0.6957, 0.1439 0.2889 0.6957, 0.123 0.2971 0.7053, 0.1238 0.2988 0.6957, 0.0884 0.3108 0.6957, 0.0832 0.3106 0.7053, 0.0837 0.3124 0.6957, 0.0422 0.3207 0.6957, 0.042 0.3188 0.7053, 0.0298 0.3215 0.6957, 0.0 0.3215 0.7053, 0.0 0.3234 0.6957, -0.042 0.3188 0.7053, -0.0298 0.3215 0.6957, -0.0422 0.3207 0.6957, -0.0837 0.3124 0.6957, -0.0832 0.3106 0.7053, -0.0884 0.3108 0.6957, -0.123 0.2971 0.7053, -0.1238 0.2988 0.6957, -0.1608 0.2785 0.7053, -0.1439 0.2889 0.6957, -0.1617 0.2801 0.6957, -0.1948 0.258 0.6957, -0.1957 0.2551 0.7053, -0.1969 0.2566 0.6957, -0.2287 0.2287 0.6957, -0.2274 0.2274 0.7053, -0.2386 0.2175 0.6957, -0.2551 0.1957 0.7053, -0.2566 0.1969 0.6957, -0.2785 0.1608 0.7053, -0.2746 0.17 0.6957, -0.2801 0.1617 0.6957, -0.2988 0.1238 0.6957, -0.2971 0.123 0.7053, -0.3012 0.1167 0.6957, -0.3106 0.0832 0.7053, -0.3124 0.0837 0.6957, -0.3188 0.042 0.7053, -0.3173 0.0593 0.6957, -0.3207 0.0422 0.6957, -0.3234 0.0 0.6957, -0.3215 0.0 0.7053, -0.3207 -0.0422 0.6957, -0.3188 -0.042 0.7053, -0.3173 -0.0593 0.6957, -0.3106 -0.0832 0.7053, -0.3124 -0.0837 0.6957, -0.3012 -0.1167 0.6957, -0.3146 0.0414 0.7142, -0.3065 0.0821 0.7142, -0.2932 0.1214 0.7142, -0.2748 0.1587 0.7142, -0.2517 0.1932 0.7142, -0.2244 0.2244 0.7142, -0.1932 0.2517 0.7142, -0.1587 0.2748 0.7142, -0.1214 0.2932 0.7142, -0.0821 0.3065 0.7142, -0.0414 0.3146 0.7142, 0.0 0.3173 0.7142, 0.0414 0.3146 0.7142, 0.0821 0.3065 0.7142, 0.1214 0.2932 0.7142, 0.1587 0.2748 0.7142, 0.1932 0.2517 0.7142, 0.2244 0.2244 0.7142, 0.2517 0.1932 0.7142, 0.2748 0.1587 0.7142, 0.2932 0.1214 0.7142, 0.3065 0.0821 0.7142, 0.3146 0.0414 0.7142, 0.3173 0.0 0.7142, 0.3146 -0.0414 0.7142, 0.3065 -0.0821 0.7142, 0.2932 -0.1214 0.7142, 0.2748 -0.1587 0.7142, 0.2517 -0.1932 0.7142, 0.2244 -0.2244 0.7142, 0.1932 -0.2517 0.7142, 0.1587 -0.2748 0.7142, 0.1214 -0.2932 0.7142, 0.0821 -0.3065 0.7142, 0.0414 -0.3146 0.7142, 0.0 -0.3173 0.7142, -0.0414 -0.3146 0.7142, -0.0821 -0.3065 0.7142, -0.1214 -0.2932 0.7142, -0.1587 -0.2748 0.7142, -0.1932 -0.2517 0.7142, -0.2244 -0.2244 0.7142, -0.2517 -0.1932 0.7142, -0.2748 -0.1587 0.7142, -0.2932 -0.1214 0.7142, -0.3065 -0.0821 0.7142, -0.3146 -0.0414 0.7142, -0.3173 0.0 0.7142, -0.3084 0.0406 0.7217, -0.3004 0.0805 0.7217, -0.2873 0.119 0.7217, -0.2693 0.1555 0.7217, -0.2467 0.1893 0.7217, -0.2199 0.2199 0.7217, -0.1893 0.2467 0.7217, -0.1555 0.2693 0.7217, -0.119 0.2873 0.7217, -0.0805 0.3004 0.7217, -0.0406 0.3084 0.7217, 0.0 0.311 0.7217, 0.0406 0.3084 0.7217, 0.0805 0.3004 0.7217, 0.119 0.2873 0.7217, 0.1555 0.2693 0.7217, 0.1893 0.2467 0.7217, 0.2199 0.2199 0.7217, 0.2467 0.1893 0.7217, 0.2693 0.1555 0.7217, 0.2873 0.119 0.7217, 0.3004 0.0805 0.7217, 0.3084 0.0406 0.7217, 0.311 0.0 0.7217, 0.3084 -0.0406 0.7217, 0.3004 -0.0805 0.7217, 0.2873 -0.119 0.7217, 0.2693 -0.1555 0.7217, 0.2467 -0.1893 0.7217, 0.2199 -0.2199 0.7217, 0.1893 -0.2467 0.7217, 0.1555 -0.2693 0.7217, 0.119 -0.2873 0.7217, 0.0805 -0.3004 0.7217, 0.0406 -0.3084 0.7217, 0.0 -0.311 0.7217, -0.0406 -0.3084 0.7217, -0.0805 -0.3004 0.7217, -0.119 -0.2873 0.7217, -0.1555 -0.2693 0.7217, -0.1893 -0.2467 0.7217, -0.2199 -0.2199 0.7217, -0.2467 -0.1893 0.7217, -0.2693 -0.1555 0.7217, -0.2873 -0.119 0.7217, -0.3004 -0.0805 0.7217, -0.3084 -0.0406 0.7217, -0.311 0.0 0.7217, -0.3005 0.0396 0.7275, -0.2927 0.0784 0.7275, -0.28 0.116 0.7275, -0.2625 0.1515 0.7275, -0.2404 0.1845 0.7275, -0.2143 0.2143 0.7275, -0.1845 0.2404 0.7275, -0.1515 0.2625 0.7275, -0.116 0.28 0.7275, -0.0784 0.2927 0.7275, -0.0396 0.3005 0.7275, 0.0 0.3031 0.7275, 0.0396 0.3005 0.7275, 0.0784 0.2927 0.7275, 0.116 0.28 0.7275, 0.1515 0.2625 0.7275, 0.1845 0.2404 0.7275, 0.2143 0.2143 0.7275, 0.2404 0.1845 0.7275, 0.2625 0.1515 0.7275, 0.28 0.116 0.7275, 0.2927 0.0784 0.7275, 0.3005 0.0396 0.7275, 0.3031 0.0 0.7275, 0.3005 -0.0396 0.7275, 0.2927 -0.0784 0.7275, 0.28 -0.116 0.7275, 0.2625 -0.1515 0.7275, 0.2404 -0.1845 0.7275, 0.2143 -0.2143 0.7275, 0.1845 -0.2404 0.7275, 0.1515 -0.2625 0.7275, 0.116 -0.28 0.7275, 0.0784 -0.2927 0.7275, 0.0396 -0.3005 0.7275, 0.0 -0.3031 0.7275, -0.0396 -0.3005 0.7275, -0.0784 -0.2927 0.7275, -0.116 -0.28 0.7275, -0.1515 -0.2625 0.7275, -0.1845 -0.2404 0.7275, -0.2143 -0.2143 0.7275, -0.2404 -0.1845 0.7275, -0.2625 -0.1515 0.7275, -0.28 -0.116 0.7275, -0.2927 -0.0784 0.7275, -0.3005 -0.0396 0.7275, -0.3031 0.0 0.7275, -0.2914 0.0384 0.7311, -0.2839 0.0761 0.7311, -0.2715 0.1125 0.7311, -0.2545 0.147 0.7311, -0.2332 0.1789 0.7311, -0.2078 0.2078 0.7311, -0.1789 0.2332 0.7311, -0.147 0.2545 0.7311, -0.1125 0.2715 0.7311, -0.0761 0.2839 0.7311, -0.0384 0.2914 0.7311, 0.0 0.2939 0.7311, 0.0384 0.2914 0.7311, 0.0761 0.2839 0.7311, 0.1125 0.2715 0.7311, 0.147 0.2545 0.7311, 0.1789 0.2332 0.7311, 0.2078 0.2078 0.7311, 0.2332 0.1789 0.7311, 0.2545 0.147 0.7311, 0.2715 0.1125 0.7311, 0.2839 0.0761 0.7311, 0.2914 0.0384 0.7311, 0.2939 0.0 0.7311, 0.2914 -0.0384 0.7311, 0.2839 -0.0761 0.7311, 0.2715 -0.1125 0.7311, 0.2545 -0.147 0.7311, 0.2332 -0.1789 0.7311, 0.2078 -0.2078 0.7311, 0.1789 -0.2332 0.7311, 0.147 -0.2545 0.7311, 0.1125 -0.2715 0.7311, 0.0761 -0.2839 0.7311, 0.0384 -0.2914 0.7311, 0.0 -0.2939 0.7311, -0.0384 -0.2914 0.7311, -0.0761 -0.2839 0.7311, -0.1125 -0.2715 0.7311, -0.147 -0.2545 0.7311, -0.1789 -0.2332 0.7311, -0.2078 -0.2078 0.7311, -0.2332 -0.1789 0.7311, -0.2545 -0.147 0.7311, -0.2715 -0.1125 0.7311, -0.2839 -0.0761 0.7311, -0.2914 -0.0384 0.7311, -0.2939 0.0 0.7311, 0.2017 -0.2671 0.5354, -0.0916 -0.3219 0.5354, -0.312 -0.1209 0.5354, -0.2017 0.2671 0.5354, 0.0916 0.3219 0.5354, 0.3289 0.0615 0.5354, 0.312 0.1209 0.5354, 0.2845 0.1762 0.5354, 0.2473 0.2254 0.5354, 0.2017 0.2671 0.5354, 0.1492 0.2996 0.5354, 0.0309 0.3332 0.5354, -0.0309 0.3332 0.5354, -0.0916 0.3219 0.5354, -0.1492 0.2996 0.5354, -0.2473 0.2254 0.5354, -0.2845 0.1762 0.5354, -0.312 0.1209 0.5354, -0.3289 0.0615 0.5354, -0.3346 0.0 0.5354, -0.3289 -0.0615 0.5354, -0.2845 -0.1762 0.5354, -0.2473 -0.2254 0.5354, -0.2017 -0.2671 0.5354, -0.1492 -0.2996 0.5354, -0.0309 -0.3332 0.5354, 0.0309 -0.3332 0.5354, 0.0916 -0.3219 0.5354, 0.1492 -0.2996 0.5354, 0.2473 -0.2254 0.5354, 0.312 -0.1209 0.5354, 0.2845 -0.1762 0.5354, 0.3289 -0.0615 0.5354, 0.3346 0.0 0.5354, -0.3529 -0.0318 0.5354, -0.3416 -0.0943 0.5354, -0.3192 -0.1537 0.5354, -0.2867 -0.2083 0.5354, -0.2449 -0.2561 0.5354, -0.1952 -0.2957 0.5354, -0.1393 -0.3258 0.5354, -0.0788 -0.3454 0.5354, -0.0159 -0.354 0.5354, 0.0476 -0.3511 0.5354, 0.1095 -0.337 0.5354, 0.1679 -0.312 0.5354, 0.2209 -0.277 0.5354, 0.2668 -0.2331 0.5354, 0.3042 -0.1817 0.5354, 0.3317 -0.1245 0.5354, 0.3486 -0.0633 0.5354, 0.3543 -0.0 0.5354, 0.3486 0.0633 0.5354, 0.3317 0.1245 0.5354, 0.3042 0.1817 0.5354, 0.2668 0.2331 0.5354, 0.2209 0.277 0.5354, 0.1679 0.312 0.5354, 0.1095 0.337 0.5354, 0.0476 0.3511 0.5354, -0.0159 0.354 0.5354, -0.0788 0.3454 0.5354, -0.1393 0.3258 0.5354, -0.1952 0.2957 0.5354, -0.2449 0.2561 0.5354, -0.2867 0.2083 0.5354, -0.3192 0.1537 0.5354, -0.3416 0.0943 0.5354, -0.3529 0.0318 0.5354, 0.431 0.5118 0.2048, 0.431 0.5118 0.3386, 0.4405 0.5085 0.3386, 0.4035 0.5235 0.3386, 0.4058 0.5224 0.334, 0.3937 0.5285 0.3386, 0.4075 0.5216 0.3291, 0.4085 0.5212 0.3241, 0.4088 0.521 0.3189, 0.4088 0.521 0.2402, 0.3937 0.5285 0.0039, 0.4092 0.5208 0.235, 0.4102 0.5204 0.23, 0.4118 0.5196 0.2251, 0.4141 0.5186 0.2205, 0.417 0.5174 0.2162, 0.4204 0.516 0.2123, 0.4285 0.5127 0.2061, 0.4405 0.5085 0.0039, 0.4899 0.4962 0.0039, 0.4899 0.4962 0.3386, 0.5406 0.4921 0.0039, 0.5406 0.4921 0.3386, -0.4405 0.5085 0.0039, -0.431 0.5118 0.2074, -0.3937 0.5285 0.0039, -0.4249 0.5141 0.2123, -0.4164 0.5176 0.2251, -0.4147 0.5184 0.23, -0.4215 0.5155 0.2162, -0.4187 0.5167 0.2205, -0.413 0.5191 0.3241, -0.412 0.5195 0.3291, -0.3937 0.5285 0.3386, -0.4104 0.5203 0.334, -0.4081 0.5213 0.3386, -0.4137 0.5188 0.235, -0.4134 0.5189 0.2402, -0.4134 0.5189 0.3189, -0.5406 0.4921 0.0039, -0.5406 0.4921 0.3386, -0.4899 0.4962 0.0039, -0.4899 0.4962 0.3386, -0.4405 0.5085 0.3386, -0.431 0.5118 0.3386, -0.4081 0.5118 0.3386, 0.4035 0.5118 0.3386, 0.3822 0.5345 0.3386, -0.2353 0.5709 0.3386, -0.286 0.5668 0.3386, -0.3354 0.5545 0.3386, -0.3822 0.5345 0.3386, 0.2353 0.5709 0.3386, 0.286 0.5668 0.3386, 0.3354 0.5545 0.3386, 0.6102 0.4921 0.5354, 0.6693 0.4921 0.5354, 0.6102 0.4921 0.5302, 0.6693 0.4921 0.3386, -0.6693 0.4921 0.5354, -0.6102 0.4921 0.5354, -0.6102 0.4921 0.5302, -0.7874 0.4921 0.0039, -0.7874 0.4921 0.3386, -0.6693 0.4921 0.3386, 0.7874 0.4921 0.3386, 0.7874 0.4921 0.0039, -0.6102 -0.4921 0.5354, -0.6693 -0.4921 0.5354, -0.6102 -0.4921 0.5302, -0.6693 -0.4921 0.3386, 0.6693 -0.4921 0.5354, 0.6102 -0.4921 0.5354, 0.6102 -0.4921 0.5302, 0.7874 -0.4921 0.0039, 0.7874 -0.4921 0.3386, 0.5406 -0.4921 0.0039, 0.6693 -0.4921 0.3386, 0.5406 -0.4921 0.3386, -0.7874 -0.4921 0.3386, -0.7874 -0.4921 0.0039, -0.5406 -0.4921 0.0039, -0.5406 -0.4921 0.3386, -0.7677 -0.2502 0.5354, -0.689 -0.1378 0.5354, -0.7087 -0.1575 0.5354, -0.7087 -0.1378 0.5354, -0.6102 -0.4724 0.5354, -0.7874 -0.4921 0.5354, -0.7677 -0.4724 0.5354, -0.7874 -0.1575 0.5354, 0.7087 -0.1378 0.5354, 0.689 -0.1378 0.5354, 0.7087 -0.1575 0.5354, 0.7677 -0.2502 0.5354, 0.7874 -0.1575 0.5354, 0.7874 -0.4921 0.5354, 0.7677 -0.4724 0.5354, 0.6102 -0.4724 0.5354, 0.7677 0.2502 0.5354, 0.689 0.1378 0.5354, 0.7087 0.1575 0.5354, 0.7087 0.1378 0.5354, 0.6102 0.4724 0.5354, 0.7874 0.4921 0.5354, 0.7677 0.4724 0.5354, 0.7874 0.1575 0.5354, -0.7087 0.1378 0.5354, -0.689 0.1378 0.5354, -0.7087 0.1575 0.5354, -0.7677 0.2502 0.5354, -0.7874 0.1575 0.5354, -0.7874 0.4921 0.5354, -0.7677 0.4724 0.5354, -0.6102 0.4724 0.5354, -0.2353 -0.5709 0.0039, 0.2353 -0.5709 0.0039, -0.2353 -0.5709 0.3386, 0.2353 -0.5709 0.3386, 0.4405 -0.5085 0.0039, 0.431 -0.5118 0.2048, 0.3937 -0.5285 0.0039, 0.4285 -0.5127 0.2061, 0.4204 -0.516 0.2123, 0.4118 -0.5196 0.2251, 0.4102 -0.5204 0.23, 0.417 -0.5174 0.2162, 0.4141 -0.5186 0.2205, 0.4085 -0.5212 0.3241, 0.4075 -0.5216 0.3291, 0.3937 -0.5285 0.3386, 0.4058 -0.5224 0.334, 0.4035 -0.5235 0.3386, 0.4092 -0.5208 0.235, 0.4088 -0.521 0.2402, 0.4088 -0.521 0.3189, 0.4899 -0.4962 0.0039, 0.4899 -0.4962 0.3386, 0.4405 -0.5085 0.3386, 0.431 -0.5118 0.3386, 0.3822 -0.5345 0.0039, 0.3822 -0.5345 0.3386, 0.3354 -0.5545 0.3386, 0.3354 -0.5545 0.0039, 0.286 -0.5668 0.3386, 0.286 -0.5668 0.0039, -0.431 -0.5118 0.2074, -0.431 -0.5118 0.3386, -0.4405 -0.5085 0.3386, -0.4081 -0.5213 0.3386, -0.4104 -0.5203 0.334, -0.3937 -0.5285 0.3386, -0.412 -0.5195 0.3291, -0.413 -0.5191 0.3241, -0.4137 -0.5188 0.235, -0.3937 -0.5285 0.0039, -0.4134 -0.5189 0.2402, -0.4134 -0.5189 0.3189, -0.4147 -0.5184 0.23, -0.4164 -0.5176 0.2251, -0.4187 -0.5167 0.2205, -0.4215 -0.5155 0.2162, -0.4249 -0.5141 0.2123, -0.4405 -0.5085 0.0039, -0.4899 -0.4962 0.0039, -0.4899 -0.4962 0.3386, -0.3822 -0.5345 0.0039, -0.3822 -0.5345 0.3386, -0.286 -0.5668 0.3386, -0.286 -0.5668 0.0039, -0.3354 -0.5545 0.3386, -0.3354 -0.5545 0.0039, 0.2353 0.5709 0.0039, -0.2353 0.5709 0.0039, 0.7874 0.2559 0.0591, 0.7874 0.2559 0.0039, 0.7874 0.5709 0.3386, 0.7874 0.5709 0.3666, 0.7874 0.1575 0.3386, 0.7874 -0.2559 0.0039, 0.7874 -0.2559 0.0591, 0.7874 -0.1575 0.3386, 0.7874 -0.5709 0.3666, 0.7874 -0.5709 0.3386, -0.7874 -0.2559 0.0591, -0.7874 -0.2559 0.0039, -0.7874 -0.5709 0.3386, -0.7874 -0.5709 0.3666, -0.7874 -0.1575 0.3386, -0.7874 0.2559 0.0039, -0.7874 0.2559 0.0591, -0.7874 0.1575 0.3386, -0.7874 0.5709 0.3666, -0.7874 0.5709 0.3386, -0.6743 0.2559 0.0039, 0.6743 0.2559 0.0039, -0.6743 -0.2559 0.0039, 0.6743 -0.2559 0.0039, -0.286 0.5668 0.0039, -0.3354 0.5545 0.0039, 0.286 0.5668 0.0039, 0.3354 0.5545 0.0039, 0.3822 0.5345 0.0039, -0.3822 0.5345 0.0039, 0.4035 -0.5118 0.3386, -0.4081 -0.5118 0.3386, 0.7087 -0.1575 0.3386, 0.7087 0.1378 0.5302, 0.7087 -0.1378 0.5302, 0.7087 0.1575 0.3386, -0.7087 0.1575 0.3386, -0.7087 -0.1378 0.5302, -0.7087 0.1378 0.5302, -0.7087 -0.1575 0.3386, -0.6693 -0.5709 0.3666, -0.6693 -0.5709 0.3386, 0.6693 -0.5709 0.3666, 0.6693 -0.5709 0.3386, 0.6693 0.5709 0.3666, 0.6693 0.5709 0.3386, -0.6693 0.5709 0.3666, -0.6693 0.5709 0.3386
            ]
        }
        coordIndex [
            0,1,2,-1,2,1,3,-1,2,3,4,-1,5,6,2,-1,2,6,7,-1,2,7,0,-1,8,9,2,-1,2,9,10,-1,2,10,5,-1,11,12,2,-1,2,12,13,-1,2,13,8,-1,14,15,2,-1,2,15,16,-1,2,16,11,-1,17,18,2,-1,2,18,19,-1,2,19,14,-1,20,21,2,-1,2,21,22,-1,2,22,17,-1,23,24,2,-1,2,24,25,-1,2,25,20,-1,26,27,2,-1,2,27,28,-1,2,28,23,-1,29,30,2,-1,2,30,31,-1,2,31,26,-1,32,33,2,-1,2,33,34,-1,2,34,29,-1,35,36,2,-1,2,36,37,-1,2,37,32,-1,38,39,2,-1,2,39,40,-1,2,40,35,-1,41,42,2,-1,2,42,43,-1,2,43,38,-1,44,45,2,-1,2,45,46,-1,2,46,41,-1,4,47,2,-1,2,47,48,-1,2,48,44,-1,49,50,51,-1,51,50,52,-1,51,52,53,-1,53,52,54,-1,53,54,55,-1,55,54,56,-1,55,56,57,-1,49,58,50,-1,50,58,59,-1,50,59,60,-1,60,59,61,-1,60,61,62,-1,61,63,62,-1,62,63,64,-1,62,64,65,-1,64,66,65,-1,65,66,67,-1,65,67,68,-1,67,69,68,-1,68,69,70,-1,68,70,71,-1,71,70,72,-1,71,72,73,-1,73,72,74,-1,73,74,75,-1,75,74,76,-1,76,77,75,-1,75,77,78,-1,75,78,79,-1,79,78,80,-1,79,80,81,-1,81,80,82,-1,81,82,83,-1,83,82,84,-1,84,85,83,-1,83,85,86,-1,83,86,87,-1,86,88,87,-1,87,88,89,-1,87,89,90,-1,90,89,91,-1,90,91,92,-1,92,91,93,-1,92,93,94,-1,94,93,95,-1,95,96,94,-1,94,96,97,-1,94,97,98,-1,98,97,99,-1,98,99,100,-1,100,99,101,-1,100,101,102,-1,102,101,103,-1,103,104,102,-1,102,104,105,-1,102,105,106,-1,106,105,107,-1,106,107,108,-1,108,107,109,-1,108,109,110,-1,110,109,111,-1,110,111,112,-1,112,111,113,-1,113,114,112,-1,112,114,115,-1,112,115,116,-1,116,115,117,-1,116,117,118,-1,118,117,119,-1,118,119,120,-1,120,119,121,-1,121,122,120,-1,120,122,123,-1,120,123,124,-1,124,123,125,-1,124,125,126,-1,125,127,126,-1,126,127,128,-1,126,128,129,-1,128,130,129,-1,129,130,131,-1,129,131,132,-1,131,133,132,-1,132,133,134,-1,132,134,135,-1,135,134,136,-1,135,136,137,-1,137,136,138,-1,137,138,139,-1,139,138,140,-1,140,141,139,-1,139,141,142,-1,139,142,143,-1,143,142,144,-1,143,144,145,-1,145,144,146,-1,145,146,147,-1,147,146,148,-1,148,149,147,-1,147,149,150,-1,147,150,151,-1,150,152,151,-1,151,152,153,-1,151,153,154,-1,154,153,155,-1,154,155,156,-1,156,155,157,-1,156,157,158,-1,158,157,159,-1,159,160,158,-1,158,160,161,-1,158,161,162,-1,162,161,163,-1,162,163,164,-1,164,163,165,-1,164,165,166,-1,166,165,167,-1,167,168,166,-1,166,168,169,-1,166,169,170,-1,170,169,171,-1,170,171,172,-1,172,171,173,-1,172,173,174,-1,174,173,175,-1,174,175,56,-1,56,175,176,-1,56,176,57,-1,170,177,166,-1,166,177,178,-1,166,178,164,-1,164,178,179,-1,164,179,162,-1,162,179,180,-1,162,180,158,-1,158,180,181,-1,158,181,156,-1,156,181,182,-1,156,182,154,-1,154,182,183,-1,154,183,151,-1,151,183,184,-1,151,184,147,-1,147,184,185,-1,147,185,145,-1,145,185,186,-1,145,186,143,-1,143,186,187,-1,143,187,139,-1,139,187,188,-1,139,188,137,-1,137,188,189,-1,137,189,135,-1,135,189,190,-1,135,190,132,-1,132,190,191,-1,132,191,129,-1,129,191,192,-1,129,192,126,-1,126,192,193,-1,126,193,124,-1,124,193,194,-1,124,194,120,-1,120,194,195,-1,120,195,118,-1,118,195,196,-1,118,196,116,-1,116,196,197,-1,116,197,112,-1,112,197,198,-1,112,198,110,-1,110,198,199,-1,110,199,108,-1,108,199,200,-1,108,200,106,-1,106,200,201,-1,106,201,102,-1,102,201,202,-1,102,202,100,-1,100,202,203,-1,100,203,98,-1,98,203,204,-1,98,204,94,-1,94,204,205,-1,94,205,92,-1,92,205,206,-1,92,206,90,-1,90,206,207,-1,90,207,87,-1,87,207,208,-1,87,208,83,-1,83,208,209,-1,83,209,81,-1,81,209,210,-1,81,210,79,-1,79,210,211,-1,79,211,75,-1,75,211,212,-1,75,212,73,-1,73,212,213,-1,73,213,71,-1,71,213,214,-1,71,214,68,-1,68,214,215,-1,68,215,65,-1,65,215,216,-1,65,216,62,-1,62,216,217,-1,62,217,60,-1,60,217,218,-1,60,218,50,-1,50,218,219,-1,50,219,52,-1,52,219,220,-1,52,220,54,-1,54,220,221,-1,54,221,56,-1,56,221,222,-1,56,222,174,-1,174,222,223,-1,174,223,172,-1,172,223,224,-1,172,224,170,-1,170,224,177,-1,224,225,177,-1,177,225,226,-1,177,226,178,-1,178,226,227,-1,178,227,179,-1,179,227,228,-1,179,228,180,-1,180,228,229,-1,180,229,181,-1,181,229,230,-1,181,230,182,-1,182,230,231,-1,182,231,183,-1,183,231,232,-1,183,232,184,-1,184,232,233,-1,184,233,185,-1,185,233,234,-1,185,234,186,-1,186,234,235,-1,186,235,187,-1,187,235,236,-1,187,236,188,-1,188,236,237,-1,188,237,189,-1,189,237,238,-1,189,238,190,-1,190,238,239,-1,190,239,191,-1,191,239,240,-1,191,240,192,-1,192,240,241,-1,192,241,193,-1,193,241,242,-1,193,242,194,-1,194,242,243,-1,194,243,195,-1,195,243,244,-1,195,244,196,-1,196,244,245,-1,196,245,197,-1,197,245,246,-1,197,246,198,-1,198,246,247,-1,198,247,199,-1,199,247,248,-1,199,248,200,-1,200,248,249,-1,200,249,201,-1,201,249,250,-1,201,250,202,-1,202,250,251,-1,202,251,203,-1,203,251,252,-1,203,252,204,-1,204,252,253,-1,204,253,205,-1,205,253,254,-1,205,254,206,-1,206,254,255,-1,206,255,207,-1,207,255,256,-1,207,256,208,-1,208,256,257,-1,208,257,209,-1,209,257,258,-1,209,258,210,-1,210,258,259,-1,210,259,211,-1,211,259,260,-1,211,260,212,-1,212,260,261,-1,212,261,213,-1,213,261,262,-1,213,262,214,-1,214,262,263,-1,214,263,215,-1,215,263,264,-1,215,264,216,-1,216,264,265,-1,216,265,217,-1,217,265,266,-1,217,266,218,-1,218,266,267,-1,218,267,219,-1,219,267,268,-1,219,268,220,-1,220,268,269,-1,220,269,221,-1,221,269,270,-1,221,270,222,-1,222,270,271,-1,222,271,223,-1,223,271,272,-1,223,272,224,-1,224,272,225,-1,272,273,225,-1,225,273,274,-1,225,274,226,-1,226,274,275,-1,226,275,227,-1,227,275,276,-1,227,276,228,-1,228,276,277,-1,228,277,229,-1,229,277,278,-1,229,278,230,-1,230,278,279,-1,230,279,231,-1,231,279,280,-1,231,280,232,-1,232,280,281,-1,232,281,233,-1,233,281,282,-1,233,282,234,-1,234,282,283,-1,234,283,235,-1,235,283,284,-1,235,284,236,-1,236,284,285,-1,236,285,237,-1,237,285,286,-1,237,286,238,-1,238,286,287,-1,238,287,239,-1,239,287,288,-1,239,288,240,-1,240,288,289,-1,240,289,241,-1,241,289,290,-1,241,290,242,-1,242,290,291,-1,242,291,243,-1,243,291,292,-1,243,292,244,-1,244,292,293,-1,244,293,245,-1,245,293,294,-1,245,294,246,-1,246,294,295,-1,246,295,247,-1,247,295,296,-1,247,296,248,-1,248,296,297,-1,248,297,249,-1,249,297,298,-1,249,298,250,-1,250,298,299,-1,250,299,251,-1,251,299,300,-1,251,300,252,-1,252,300,301,-1,252,301,253,-1,253,301,302,-1,253,302,254,-1,254,302,303,-1,254,303,255,-1,255,303,304,-1,255,304,256,-1,256,304,305,-1,256,305,257,-1,257,305,306,-1,257,306,258,-1,258,306,307,-1,258,307,259,-1,259,307,308,-1,259,308,260,-1,260,308,309,-1,260,309,261,-1,261,309,310,-1,261,310,262,-1,262,310,311,-1,262,311,263,-1,263,311,312,-1,263,312,264,-1,264,312,313,-1,264,313,265,-1,265,313,314,-1,265,314,266,-1,266,314,315,-1,266,315,267,-1,267,315,316,-1,267,316,268,-1,268,316,317,-1,268,317,269,-1,269,317,318,-1,269,318,270,-1,270,318,319,-1,270,319,271,-1,271,319,320,-1,271,320,272,-1,272,320,273,-1,320,321,273,-1,273,321,322,-1,273,322,274,-1,274,322,323,-1,274,323,275,-1,275,323,324,-1,275,324,276,-1,276,324,325,-1,276,325,277,-1,277,325,326,-1,277,326,278,-1,278,326,327,-1,278,327,279,-1,279,327,328,-1,279,328,280,-1,280,328,329,-1,280,329,281,-1,281,329,330,-1,281,330,282,-1,282,330,331,-1,282,331,283,-1,283,331,332,-1,283,332,284,-1,284,332,333,-1,284,333,285,-1,285,333,334,-1,285,334,286,-1,286,334,335,-1,286,335,287,-1,287,335,336,-1,287,336,288,-1,288,336,337,-1,288,337,289,-1,289,337,338,-1,289,338,290,-1,290,338,339,-1,290,339,291,-1,291,339,340,-1,291,340,292,-1,292,340,341,-1,292,341,293,-1,293,341,342,-1,293,342,294,-1,294,342,343,-1,294,343,295,-1,295,343,344,-1,295,344,296,-1,296,344,345,-1,296,345,297,-1,297,345,346,-1,297,346,298,-1,298,346,347,-1,298,347,299,-1,299,347,348,-1,299,348,300,-1,300,348,349,-1,300,349,301,-1,301,349,350,-1,301,350,302,-1,302,350,351,-1,302,351,303,-1,303,351,352,-1,303,352,304,-1,304,352,353,-1,304,353,305,-1,305,353,354,-1,305,354,306,-1,306,354,355,-1,306,355,307,-1,307,355,356,-1,307,356,308,-1,308,356,357,-1,308,357,309,-1,309,357,358,-1,309,358,310,-1,310,358,359,-1,310,359,311,-1,311,359,360,-1,311,360,312,-1,312,360,361,-1,312,361,313,-1,313,361,362,-1,313,362,314,-1,314,362,363,-1,314,363,315,-1,315,363,364,-1,315,364,316,-1,316,364,365,-1,316,365,317,-1,317,365,366,-1,317,366,318,-1,318,366,367,-1,318,367,319,-1,319,367,368,-1,319,368,320,-1,320,368,321,-1,368,1,321,-1,321,1,0,-1,321,0,322,-1,322,0,7,-1,322,7,323,-1,323,7,6,-1,323,6,324,-1,324,6,5,-1,324,5,325,-1,325,5,10,-1,325,10,326,-1,326,10,9,-1,326,9,327,-1,327,9,8,-1,327,8,328,-1,328,8,13,-1,328,13,329,-1,329,13,12,-1,329,12,330,-1,330,12,11,-1,330,11,331,-1,331,11,16,-1,331,16,332,-1,332,16,15,-1,332,15,333,-1,333,15,14,-1,333,14,334,-1,334,14,19,-1,334,19,335,-1,335,19,18,-1,335,18,336,-1,336,18,17,-1,336,17,337,-1,337,17,22,-1,337,22,338,-1,338,22,21,-1,338,21,339,-1,339,21,20,-1,339,20,340,-1,340,20,25,-1,340,25,341,-1,341,25,24,-1,341,24,342,-1,342,24,23,-1,342,23,343,-1,343,23,28,-1,343,28,344,-1,344,28,27,-1,344,27,345,-1,345,27,26,-1,345,26,346,-1,346,26,31,-1,346,31,347,-1,347,31,30,-1,347,30,348,-1,348,30,29,-1,348,29,349,-1,349,29,34,-1,349,34,350,-1,350,34,33,-1,350,33,351,-1,351,33,32,-1,351,32,352,-1,352,32,37,-1,352,37,353,-1,353,37,36,-1,353,36,354,-1,354,36,35,-1,354,35,355,-1,355,35,40,-1,355,40,356,-1,356,40,39,-1,356,39,357,-1,357,39,38,-1,357,38,358,-1,358,38,43,-1,358,43,359,-1,359,43,42,-1,359,42,360,-1,360,42,41,-1,360,41,361,-1,361,41,46,-1,361,46,362,-1,362,46,45,-1,362,45,363,-1,363,45,44,-1,363,44,364,-1,364,44,48,-1,364,48,365,-1,365,48,47,-1,365,47,366,-1,366,47,4,-1,366,4,367,-1,367,4,3,-1,367,3,368,-1,368,3,1,-1,88,86,369,-1,69,67,370,-1,57,176,371,-1,152,150,372,-1,133,131,373,-1,111,374,113,-1,113,374,375,-1,113,375,114,-1,114,375,115,-1,115,375,376,-1,115,376,117,-1,117,376,119,-1,119,376,377,-1,119,377,121,-1,378,125,123,-1,378,123,377,-1,377,123,122,-1,377,122,121,-1,125,378,127,-1,127,378,379,-1,127,379,128,-1,373,131,379,-1,379,131,130,-1,379,130,128,-1,133,373,134,-1,134,373,380,-1,134,380,136,-1,136,380,138,-1,138,380,381,-1,138,381,140,-1,382,144,142,-1,382,142,381,-1,381,142,141,-1,381,141,140,-1,144,382,146,-1,146,382,383,-1,146,383,148,-1,372,150,383,-1,383,150,149,-1,383,149,148,-1,152,372,153,-1,153,372,384,-1,153,384,155,-1,385,386,161,-1,161,160,385,-1,385,160,159,-1,385,159,384,-1,384,159,157,-1,384,157,155,-1,168,167,387,-1,387,167,165,-1,387,165,386,-1,386,165,163,-1,386,163,161,-1,168,387,169,-1,169,387,388,-1,169,388,171,-1,171,388,389,-1,171,389,173,-1,371,176,389,-1,389,176,175,-1,389,175,173,-1,57,371,55,-1,55,371,390,-1,55,390,53,-1,53,390,51,-1,51,390,391,-1,51,391,49,-1,392,61,59,-1,392,59,391,-1,391,59,58,-1,391,58,49,-1,61,392,63,-1,63,392,393,-1,63,393,64,-1,370,67,393,-1,393,67,66,-1,393,66,64,-1,69,370,70,-1,70,370,394,-1,70,394,72,-1,72,394,74,-1,74,394,395,-1,74,395,76,-1,396,80,78,-1,396,78,395,-1,395,78,77,-1,395,77,76,-1,80,396,82,-1,82,396,397,-1,82,397,84,-1,369,86,397,-1,397,86,85,-1,397,85,84,-1,88,369,89,-1,89,369,398,-1,89,398,91,-1,399,99,97,-1,399,97,400,-1,97,96,400,-1,400,96,95,-1,400,95,398,-1,398,95,93,-1,398,93,91,-1,99,399,101,-1,101,399,401,-1,101,401,103,-1,111,109,374,-1,374,109,107,-1,374,107,402,-1,402,107,105,-1,402,105,401,-1,401,105,104,-1,401,104,103,-1,388,403,389,-1,389,403,404,-1,389,404,371,-1,371,404,405,-1,371,405,390,-1,390,405,406,-1,390,406,391,-1,391,406,407,-1,391,407,392,-1,392,407,408,-1,392,408,393,-1,393,408,409,-1,393,409,370,-1,370,409,410,-1,370,410,394,-1,394,410,411,-1,394,411,395,-1,395,411,412,-1,395,412,396,-1,396,412,413,-1,396,413,397,-1,397,413,414,-1,397,414,369,-1,369,414,415,-1,369,415,398,-1,398,415,416,-1,398,416,400,-1,400,416,417,-1,400,417,399,-1,399,417,418,-1,399,418,401,-1,401,418,419,-1,401,419,402,-1,402,419,420,-1,402,420,374,-1,374,420,421,-1,374,421,375,-1,375,421,422,-1,375,422,376,-1,376,422,423,-1,376,423,377,-1,377,423,424,-1,377,424,378,-1,378,424,425,-1,378,425,379,-1,379,425,426,-1,379,426,373,-1,373,426,427,-1,373,427,380,-1,380,427,428,-1,380,428,381,-1,381,428,429,-1,381,429,382,-1,382,429,430,-1,382,430,383,-1,383,430,431,-1,383,431,372,-1,372,431,432,-1,372,432,384,-1,384,432,433,-1,384,433,385,-1,385,433,434,-1,385,434,386,-1,386,434,435,-1,386,435,387,-1,387,435,436,-1,387,436,388,-1,388,436,437,-1,388,437,403,-1,438,439,440,-1,441,442,443,-1,443,442,444,-1,443,444,445,-1,445,446,443,-1,443,446,447,-1,443,447,448,-1,448,447,449,-1,448,449,450,-1,450,451,448,-1,448,451,452,-1,448,452,453,-1,453,454,448,-1,448,454,455,-1,448,455,456,-1,455,438,456,-1,456,438,440,-1,456,440,457,-1,457,440,458,-1,457,458,459,-1,459,458,460,-1,461,462,463,-1,463,462,464,-1,465,466,463,-1,464,467,463,-1,463,467,468,-1,463,468,465,-1,469,470,471,-1,471,470,472,-1,471,472,473,-1,466,474,463,-1,463,474,475,-1,463,475,471,-1,471,475,476,-1,471,476,469,-1,477,478,479,-1,479,478,480,-1,479,480,461,-1,461,480,481,-1,461,481,462,-1,462,481,482,-1,471,473,483,-1,439,484,440,-1,440,484,458,-1,484,441,443,-1,478,460,480,-1,480,460,483,-1,480,483,481,-1,481,483,482,-1,460,458,483,-1,483,458,484,-1,483,484,471,-1,471,484,443,-1,471,443,485,-1,486,487,488,-1,488,489,486,-1,486,489,471,-1,486,471,490,-1,490,471,485,-1,490,485,491,-1,491,485,492,-1,493,494,495,-1,495,494,496,-1,497,498,499,-1,500,501,477,-1,477,501,502,-1,477,502,478,-1,503,504,496,-1,496,504,459,-1,496,459,495,-1,495,459,460,-1,495,460,499,-1,499,460,478,-1,499,478,497,-1,497,478,502,-1,505,506,507,-1,507,506,508,-1,509,510,511,-1,512,513,514,-1,514,513,515,-1,514,515,516,-1,517,518,508,-1,508,518,519,-1,508,519,507,-1,507,519,520,-1,507,520,511,-1,511,520,516,-1,511,516,509,-1,509,516,515,-1,521,522,523,-1,523,522,524,-1,506,505,525,-1,506,525,526,-1,525,527,526,-1,526,527,521,-1,526,521,528,-1,528,521,523,-1,529,530,531,-1,531,530,532,-1,531,532,533,-1,533,532,534,-1,534,532,535,-1,534,535,509,-1,509,535,536,-1,509,536,510,-1,537,538,539,-1,539,538,540,-1,494,493,541,-1,494,541,542,-1,541,543,542,-1,542,543,537,-1,542,537,544,-1,544,537,539,-1,545,546,547,-1,547,546,548,-1,547,548,549,-1,549,548,550,-1,550,548,551,-1,550,551,497,-1,497,551,552,-1,497,552,498,-1,553,554,555,-1,555,554,556,-1,557,558,559,-1,559,558,560,-1,559,560,561,-1,562,563,559,-1,561,564,559,-1,559,564,565,-1,559,565,562,-1,566,567,568,-1,568,567,569,-1,568,569,570,-1,563,571,559,-1,559,571,572,-1,559,572,568,-1,568,572,573,-1,568,573,566,-1,514,516,574,-1,574,516,575,-1,574,575,557,-1,557,575,576,-1,557,576,558,-1,558,576,577,-1,578,559,579,-1,579,559,568,-1,578,579,580,-1,578,580,581,-1,581,580,582,-1,581,582,583,-1,583,582,556,-1,583,556,554,-1,584,585,586,-1,587,588,589,-1,589,588,590,-1,589,590,591,-1,592,593,594,-1,594,593,589,-1,594,589,595,-1,595,589,591,-1,592,596,593,-1,593,596,597,-1,593,597,598,-1,598,599,593,-1,593,599,600,-1,593,600,601,-1,600,584,601,-1,601,584,586,-1,601,586,602,-1,602,586,603,-1,602,603,519,-1,519,603,520,-1,593,604,589,-1,589,604,605,-1,553,555,606,-1,553,606,607,-1,607,606,608,-1,607,608,609,-1,609,608,605,-1,609,605,604,-1,490,610,486,-1,486,610,611,-1,612,613,504,-1,614,615,503,-1,503,615,542,-1,503,542,616,-1,616,542,544,-1,512,617,618,-1,619,533,513,-1,504,503,612,-1,612,503,616,-1,612,616,618,-1,618,616,619,-1,618,619,512,-1,512,619,513,-1,533,534,513,-1,513,534,620,-1,513,620,621,-1,622,623,518,-1,624,625,517,-1,517,625,526,-1,517,526,626,-1,626,526,528,-1,500,627,628,-1,629,549,501,-1,518,517,622,-1,622,517,626,-1,622,626,628,-1,628,626,629,-1,628,629,500,-1,500,629,501,-1,549,550,501,-1,501,550,630,-1,501,630,631,-1,461,463,632,-1,461,632,479,-1,627,500,632,-1,632,500,477,-1,632,477,479,-1,504,613,459,-1,459,613,633,-1,459,633,457,-1,634,593,601,-1,518,623,519,-1,519,623,634,-1,519,634,602,-1,602,634,601,-1,617,512,635,-1,635,512,514,-1,635,514,574,-1,581,583,610,-1,610,583,554,-1,610,554,611,-1,611,554,553,-1,611,553,607,-1,607,609,611,-1,611,609,604,-1,611,604,636,-1,636,604,637,-1,581,610,578,-1,578,610,638,-1,578,638,639,-1,635,448,633,-1,633,448,456,-1,633,456,457,-1,639,640,578,-1,578,640,448,-1,578,448,559,-1,559,448,635,-1,559,635,557,-1,557,635,574,-1,634,632,593,-1,593,632,463,-1,593,463,604,-1,604,463,641,-1,604,641,637,-1,610,490,491,-1,610,491,638,-1,638,491,492,-1,638,492,639,-1,639,492,485,-1,639,485,640,-1,443,448,485,-1,485,448,640,-1,641,489,488,-1,641,488,637,-1,637,488,487,-1,637,487,636,-1,636,487,486,-1,636,486,611,-1,489,641,471,-1,471,641,463,-1,568,570,642,-1,585,643,586,-1,586,643,603,-1,643,587,642,-1,642,587,589,-1,520,603,516,-1,516,603,643,-1,516,643,575,-1,575,643,642,-1,575,642,576,-1,576,642,577,-1,582,580,642,-1,642,580,579,-1,642,579,568,-1,589,605,555,-1,555,605,608,-1,555,608,606,-1,589,555,642,-1,642,555,556,-1,642,556,582,-1,619,644,533,-1,533,644,531,-1,539,540,645,-1,529,531,646,-1,646,531,644,-1,646,644,645,-1,645,644,647,-1,645,647,539,-1,647,616,539,-1,539,616,544,-1,647,644,616,-1,616,644,619,-1,629,648,549,-1,549,648,547,-1,523,524,649,-1,545,547,650,-1,650,547,648,-1,650,648,649,-1,649,648,651,-1,649,651,523,-1,651,626,523,-1,523,626,528,-1,651,648,626,-1,626,648,629,-1,652,653,506,-1,506,653,508,-1,625,624,652,-1,652,624,653,-1,508,653,517,-1,517,653,624,-1,654,655,620,-1,620,655,621,-1,509,515,654,-1,654,515,655,-1,621,655,513,-1,513,655,515,-1,656,657,494,-1,494,657,496,-1,615,614,656,-1,656,614,657,-1,496,657,503,-1,503,657,614,-1,658,659,630,-1,630,659,631,-1,497,502,658,-1,658,502,659,-1,631,659,501,-1,501,659,502,-1,542,615,494,-1,494,615,656,-1,497,658,550,-1,550,658,630,-1,509,654,534,-1,534,654,620,-1,526,625,506,-1,506,625,652,-1,
        ]
    }
}
Shape{
    appearance Appearance {
        material  Material {
            diffuseColor 0.8509803921568627 0.8509803921568627 0.8509803921568627
            specularColor 0.4235294117647059 0.4235294117647059 0.4235294117647059
            ambientIntensity 0.851
            transparency 0.0
            shininess 0.5
        }
    }
    geometry IndexedFaceSet {
        ccw TRUE
        solid FALSE
        coord DEF co Coordinate {
            point [
                0.7874 -0.2559 0.0591, 0.9449 -0.2559 0.0591, 0.7874 0.2559 0.0591, 0.9449 0.2559 0.0591, 0.6743 0.2559 0.0, 0.6743 0.2559 0.0039, 0.7874 0.2559 0.0039, 0.9449 0.2559 0.0, 0.6743 -0.2559 0.0039, 0.6743 -0.2559 0.0, 0.7874 -0.2559 0.0039, 0.9449 -0.2559 0.0, -0.9449 0.2559 0.0591, -0.9449 -0.2559 0.0591, -0.7874 0.2559 0.0591, -0.7874 -0.2559 0.0591, -0.6743 -0.2559 0.0, -0.6743 -0.2559 0.0039, -0.7874 -0.2559 0.0039, -0.9449 -0.2559 0.0, -0.6743 0.2559 0.0039, -0.6743 0.2559 0.0, -0.7874 0.2559 0.0039, -0.9449 0.2559 0.0
            ]
        }
        coordIndex [
            0,1,2,-1,2,1,3,-1,4,5,6,-1,2,3,6,-1,6,3,7,-1,6,7,4,-1,8,9,10,-1,10,9,11,-1,10,11,0,-1,0,11,1,-1,7,3,11,-1,11,3,1,-1,5,4,8,-1,8,4,9,-1,9,4,11,-1,11,4,7,-1,12,13,14,-1,14,13,15,-1,16,17,18,-1,15,13,18,-1,18,13,19,-1,18,19,16,-1,20,21,22,-1,22,21,23,-1,22,23,14,-1,14,23,12,-1,19,13,23,-1,23,13,12,-1,17,16,20,-1,20,16,21,-1,21,16,23,-1,23,16,19,-1,
        ]
    }
}
Shape{
    appearance Appearance {
        material  Material {
            diffuseColor 0.0 0.0 0.0
            specularColor 0.0 0.0 0.0
            ambientIntensity 0.0
            transparency 0.0
            shininess 0.5
        }
    }
    geometry IndexedFaceSet {
        ccw TRUE
        solid FALSE
        coord DEF co Coordinate {
            point [
                0.5228 -0.3374 0.5949, 0.5167 -0.338 0.5949, 0.5203 -0.3376 0.5945, 0.5167 -0.338 0.5945, 0.5228 -0.3374 0.5945, 0.5271 -0.336 0.5945, 0.5271 -0.336 0.5949, 0.5278 -0.3356 0.5945, 0.5278 -0.3356 0.5949, 0.5278 -0.3307 0.5949, 0.5278 -0.3307 0.5945, 0.5239 -0.3325 0.5945, 0.5239 -0.3325 0.5949, 0.5194 -0.3333 0.5945, 0.5194 -0.3333 0.5949, 0.5175 -0.3334 0.5945, 0.5175 -0.3334 0.5949, 0.5141 -0.333 0.5945, 0.5141 -0.333 0.5949, 0.5111 -0.332 0.5945, 0.5111 -0.332 0.5949, 0.5084 -0.3303 0.5945, 0.5084 -0.3303 0.5949, 0.5072 -0.3291 0.5945, 0.5072 -0.3291 0.5949, 0.5054 -0.3267 0.5945, 0.5054 -0.3267 0.5949, 0.5041 -0.3235 0.5945, 0.5041 -0.3235 0.5949, 0.5034 -0.3196 0.5945, 0.5034 -0.3196 0.5949, 0.5033 -0.3177 0.5945, 0.5033 -0.3177 0.5949, 0.5039 -0.3122 0.5945, 0.5039 -0.3122 0.5949, 0.5053 -0.3088 0.5945, 0.5053 -0.3088 0.5949, 0.5072 -0.306 0.5945, 0.5072 -0.306 0.5949, 0.5075 -0.3057 0.5945, 0.5075 -0.3057 0.5949, 0.5099 -0.3036 0.5945, 0.5099 -0.3036 0.5949, 0.513 -0.3021 0.5945, 0.513 -0.3021 0.5949, 0.5164 -0.3014 0.5945, 0.5164 -0.3014 0.5949, 0.5184 -0.3013 0.5945, 0.5184 -0.3013 0.5949, 0.5233 -0.3018 0.5945, 0.5233 -0.3018 0.5949, 0.5274 -0.3034 0.5945, 0.5274 -0.3034 0.5949, 0.5278 -0.3036 0.5945, 0.5278 -0.3036 0.5949, 0.5278 -0.2982 0.5949, 0.5278 -0.2982 0.5945, 0.5183 -0.2966 0.5945, 0.5183 -0.2966 0.5949, 0.5226 -0.2969 0.5945, 0.5236 -0.297 0.5949, 0.5236 -0.297 0.5945, 0.5156 -0.2969 0.5945, 0.5126 -0.2973 0.5949, 0.5126 -0.2973 0.5945, 0.5084 -0.2989 0.5945, 0.5084 -0.2989 0.5949, 0.5046 -0.3015 0.5945, 0.5046 -0.3015 0.5949, 0.5036 -0.3025 0.5945, 0.5036 -0.3025 0.5949, 0.5007 -0.3063 0.5945, 0.5007 -0.3063 0.5949, 0.4996 -0.3088 0.5945, 0.4988 -0.3107 0.5949, 0.4988 -0.3107 0.5945, 0.4979 -0.3159 0.5945, 0.4979 -0.3159 0.5949, 0.4979 -0.318 0.5945, 0.4979 -0.318 0.5949, 0.4986 -0.3246 0.5945, 0.4986 -0.3246 0.5949, 0.4996 -0.3271 0.5945, 0.5003 -0.3287 0.5949, 0.5003 -0.3287 0.5945, 0.5027 -0.3321 0.5945, 0.5027 -0.3321 0.5949, 0.503 -0.3325 0.5945, 0.503 -0.3325 0.5949, 0.51 -0.337 0.5945, 0.5062 -0.3352 0.5949, 0.5062 -0.3352 0.5945, 0.5132 -0.3376 0.5945, 0.5143 -0.3379 0.5949, 0.51 -0.337 0.5949, 0.5143 -0.3379 0.5945, 0.5574 -0.3327 0.5949, 0.5574 -0.3373 0.5949, 0.5574 -0.3327 0.5945, 0.5574 -0.3373 0.5945, 0.541 -0.3327 0.5945, 0.541 -0.3327 0.5949, 0.5518 -0.3327 0.5945, 0.541 -0.3193 0.5949, 0.541 -0.3193 0.5945, 0.5553 -0.3193 0.5945, 0.5553 -0.3193 0.5949, 0.5518 -0.3193 0.5945, 0.5553 -0.3147 0.5949, 0.5553 -0.3147 0.5945, 0.541 -0.3147 0.5945, 0.541 -0.3147 0.5949, 0.5518 -0.3147 0.5945, 0.541 -0.3019 0.5949, 0.541 -0.3019 0.5945, 0.5565 -0.3019 0.5945, 0.5565 -0.3019 0.5949, 0.5518 -0.3019 0.5945, 0.5565 -0.2973 0.5949, 0.5565 -0.2973 0.5945, 0.5358 -0.2973 0.5945, 0.5358 -0.2973 0.5949, 0.5518 -0.2973 0.5945, 0.5358 -0.3373 0.5949, 0.5358 -0.3373 0.5945, 0.5518 -0.3373 0.5945, 0.5915 -0.3317 0.5949, 0.5874 -0.329 0.5949, 0.5873 -0.3347 0.5949, 0.5848 -0.3308 0.5949, 0.5827 -0.3365 0.5949, 0.5815 -0.3321 0.5949, 0.5759 -0.3373 0.5949, 0.5759 -0.3327 0.5949, 0.5649 -0.3373 0.5949, 0.5701 -0.3327 0.5949, 0.5649 -0.2973 0.5949, 0.5701 -0.3019 0.5949, 0.5764 -0.2973 0.5949, 0.5762 -0.3019 0.5949, 0.5767 -0.3019 0.5949, 0.5825 -0.2979 0.5949, 0.5817 -0.3025 0.5949, 0.5873 -0.2997 0.5949, 0.5851 -0.3039 0.5949, 0.5915 -0.3026 0.5949, 0.5877 -0.3056 0.5949, 0.5929 -0.3039 0.5949, 0.5888 -0.3067 0.5949, 0.5954 -0.3074 0.5949, 0.5904 -0.309 0.5949, 0.5969 -0.3113 0.5949, 0.5915 -0.3119 0.5949, 0.5975 -0.3168 0.5949, 0.5921 -0.3169 0.5949, 0.5974 -0.3193 0.5949, 0.5919 -0.3197 0.5949, 0.5964 -0.324 0.5949, 0.5911 -0.3233 0.5949, 0.5945 -0.3281 0.5949, 0.5897 -0.3263 0.5949, 0.5878 -0.3286 0.5949, 0.5759 -0.3373 0.5945, 0.5649 -0.3373 0.5945, 0.5915 -0.3317 0.5945, 0.5827 -0.3365 0.5945, 0.5833 -0.3363 0.5945, 0.5873 -0.3347 0.5945, 0.5945 -0.3281 0.5945, 0.5964 -0.324 0.5945, 0.5974 -0.3193 0.5945, 0.5975 -0.3168 0.5945, 0.5969 -0.3113 0.5945, 0.5954 -0.3074 0.5945, 0.5929 -0.3039 0.5945, 0.5915 -0.3026 0.5945, 0.5873 -0.2997 0.5945, 0.5833 -0.2982 0.5945, 0.5825 -0.2979 0.5945, 0.5764 -0.2973 0.5945, 0.5649 -0.2973 0.5945, 0.5762 -0.3019 0.5945, 0.5701 -0.3019 0.5945, 0.5701 -0.3327 0.5945, 0.5759 -0.3327 0.5945, 0.5878 -0.3286 0.5945, 0.5874 -0.329 0.5945, 0.5848 -0.3308 0.5945, 0.5815 -0.3321 0.5945, 0.5921 -0.3169 0.5945, 0.5919 -0.3197 0.5945, 0.5911 -0.3233 0.5945, 0.5897 -0.3263 0.5945, 0.5877 -0.3056 0.5945, 0.5888 -0.3067 0.5945, 0.5904 -0.309 0.5945, 0.5915 -0.3119 0.5945, 0.5767 -0.3019 0.5945, 0.5817 -0.3025 0.5945, 0.5851 -0.3039 0.5945
            ]
        }
        coordIndex [
            0,1,2,-1,2,1,3,-1,2,4,0,-1,0,4,5,-1,0,5,6,-1,6,5,7,-1,6,7,8,-1,9,8,10,-1,10,8,7,-1,9,10,11,-1,9,11,12,-1,12,11,13,-1,12,13,14,-1,14,13,15,-1,14,15,16,-1,16,15,17,-1,16,17,18,-1,18,17,19,-1,18,19,20,-1,20,19,21,-1,20,21,22,-1,22,21,23,-1,22,23,24,-1,24,23,25,-1,24,25,26,-1,26,25,27,-1,26,27,28,-1,28,27,29,-1,28,29,30,-1,30,29,31,-1,30,31,32,-1,32,31,33,-1,32,33,34,-1,34,33,35,-1,34,35,36,-1,36,35,37,-1,36,37,38,-1,38,37,39,-1,38,39,40,-1,40,39,41,-1,40,41,42,-1,42,41,43,-1,42,43,44,-1,44,43,45,-1,44,45,46,-1,46,45,47,-1,46,47,48,-1,48,47,49,-1,48,49,50,-1,50,49,51,-1,50,51,52,-1,52,51,53,-1,52,53,54,-1,55,54,56,-1,56,54,53,-1,57,58,59,-1,59,58,60,-1,59,60,61,-1,61,60,55,-1,61,55,56,-1,58,57,62,-1,58,62,63,-1,62,64,63,-1,63,64,65,-1,63,65,66,-1,66,65,67,-1,66,67,68,-1,68,67,69,-1,68,69,70,-1,70,69,71,-1,70,71,72,-1,72,71,73,-1,72,73,74,-1,73,75,74,-1,74,75,76,-1,74,76,77,-1,77,76,78,-1,77,78,79,-1,79,78,80,-1,79,80,81,-1,81,80,82,-1,81,82,83,-1,82,84,83,-1,83,84,85,-1,83,85,86,-1,86,85,87,-1,86,87,88,-1,89,90,91,-1,91,90,88,-1,91,88,87,-1,92,93,89,-1,89,93,94,-1,89,94,90,-1,92,95,93,-1,93,95,3,-1,93,3,1,-1,42,44,63,-1,34,36,72,-1,72,36,70,-1,63,44,58,-1,79,32,77,-1,77,32,34,-1,77,34,74,-1,74,34,72,-1,44,46,58,-1,58,46,48,-1,58,48,60,-1,60,48,50,-1,60,50,55,-1,55,50,52,-1,55,52,54,-1,8,9,6,-1,6,9,12,-1,6,12,0,-1,0,12,14,-1,0,14,1,-1,1,14,16,-1,1,16,93,-1,93,16,18,-1,93,18,94,-1,94,18,20,-1,94,20,90,-1,90,20,22,-1,90,22,88,-1,88,22,24,-1,88,24,86,-1,86,24,26,-1,86,26,83,-1,83,26,81,-1,81,26,28,-1,81,28,79,-1,79,28,30,-1,79,30,32,-1,36,38,70,-1,70,38,40,-1,70,40,68,-1,68,40,42,-1,68,42,66,-1,66,42,63,-1,96,97,98,-1,98,97,99,-1,100,101,102,-1,102,101,96,-1,102,96,98,-1,103,101,104,-1,104,101,100,-1,105,106,107,-1,107,106,103,-1,107,103,104,-1,108,106,109,-1,109,106,105,-1,110,111,112,-1,112,111,108,-1,112,108,109,-1,113,111,114,-1,114,111,110,-1,115,116,117,-1,117,116,113,-1,117,113,114,-1,118,116,119,-1,119,116,115,-1,120,121,122,-1,122,121,118,-1,122,118,119,-1,123,121,124,-1,124,121,120,-1,99,97,125,-1,125,97,123,-1,125,123,124,-1,123,97,96,-1,96,101,123,-1,123,101,103,-1,123,103,121,-1,116,118,113,-1,113,118,121,-1,113,121,111,-1,111,121,103,-1,111,103,108,-1,108,103,106,-1,126,127,128,-1,128,127,129,-1,128,129,130,-1,130,129,131,-1,130,131,132,-1,132,131,133,-1,132,133,134,-1,134,133,135,-1,134,135,136,-1,136,135,137,-1,136,137,138,-1,137,139,138,-1,138,139,140,-1,138,140,141,-1,141,140,142,-1,141,142,143,-1,143,142,144,-1,143,144,145,-1,145,144,146,-1,145,146,147,-1,147,146,148,-1,147,148,149,-1,149,148,150,-1,149,150,151,-1,151,150,152,-1,151,152,153,-1,153,152,154,-1,153,154,155,-1,155,154,156,-1,155,156,157,-1,157,156,158,-1,157,158,159,-1,159,158,160,-1,159,160,126,-1,126,160,161,-1,126,161,127,-1,132,134,162,-1,162,134,163,-1,164,126,128,-1,132,162,165,-1,132,165,130,-1,130,165,166,-1,130,166,128,-1,128,166,167,-1,128,167,164,-1,126,164,168,-1,126,168,159,-1,159,168,169,-1,159,169,157,-1,157,169,170,-1,157,170,155,-1,155,170,171,-1,155,171,153,-1,153,171,172,-1,153,172,151,-1,151,172,173,-1,151,173,149,-1,149,173,174,-1,149,174,147,-1,147,174,175,-1,147,175,145,-1,145,175,176,-1,177,141,176,-1,176,141,143,-1,176,143,145,-1,177,178,141,-1,141,178,179,-1,141,179,138,-1,136,138,180,-1,180,138,179,-1,134,136,163,-1,163,136,180,-1,139,137,181,-1,181,137,182,-1,137,135,182,-1,182,135,183,-1,135,133,183,-1,183,133,184,-1,161,185,186,-1,161,186,127,-1,127,186,187,-1,127,187,129,-1,129,187,188,-1,129,188,131,-1,131,188,184,-1,131,184,133,-1,154,189,190,-1,154,190,156,-1,156,190,191,-1,156,191,158,-1,158,191,192,-1,158,192,160,-1,160,192,185,-1,160,185,161,-1,146,193,194,-1,146,194,148,-1,148,194,195,-1,148,195,150,-1,150,195,196,-1,150,196,152,-1,152,196,189,-1,152,189,154,-1,139,181,197,-1,139,197,140,-1,140,197,198,-1,140,198,142,-1,142,198,199,-1,142,199,144,-1,144,199,193,-1,144,193,146,-1,
        ]
    }
}
Shape{
    appearance Appearance {
        material  Material {
            diffuseColor 0.8509803921568627 0.8509803921568627 0.8509803921568627
            specularColor 0.4235294117647059 0.4235294117647059 0.4235294117647059
            ambientIntensity 0.851
            transparency 0.0
            shininess 0.5
        }
    }
    geometry IndexedFaceSet {
        ccw TRUE
        solid FALSE
        coord DEF co Coordinate {
            point [
                0.5848 -0.3308 0.5945, 0.5874 -0.329 0.5945, 0.5767 -0.3019 0.5945, 0.5701 -0.3019 0.5945, 0.5701 -0.3327 0.5945, 0.5762 -0.3019 0.5945, 0.5759 -0.3327 0.5945, 0.5815 -0.3321 0.5945, 0.5878 -0.3286 0.5945, 0.5897 -0.3263 0.5945, 0.5911 -0.3233 0.5945, 0.5921 -0.3169 0.5945, 0.5877 -0.3056 0.5945, 0.5851 -0.3039 0.5945, 0.5915 -0.3119 0.5945, 0.5904 -0.309 0.5945, 0.5888 -0.3067 0.5945, 0.5919 -0.3197 0.5945, 0.5817 -0.3025 0.5945
            ]
        }
        coordIndex [
            0,1,2,-1,3,4,5,-1,5,4,6,-1,5,6,2,-1,2,6,7,-1,2,7,0,-1,1,8,2,-1,2,8,9,-1,2,9,10,-1,11,12,13,-1,14,15,11,-1,11,15,16,-1,11,16,12,-1,10,17,2,-1,2,17,11,-1,2,11,18,-1,18,11,13,-1,
        ]
    }
}
Shape{
    appearance Appearance {
        material  Material {
            diffuseColor 0.0 0.0 0.0
            specularColor 0.0 0.0 0.0
            ambientIntensity 0.0
            transparency 0.0
            shininess 0.5
        }
    }
    geometry IndexedFaceSet {
        ccw TRUE
        solid FALSE
        coord DEF co Coordinate {
            point [
                0.6109 -0.3218 0.5949, 0.6093 -0.3263 0.5949, 0.6244 -0.3218 0.5949, 0.626 -0.3263 0.5949, 0.6169 -0.3052 0.5949, 0.615 -0.2973 0.5949, 0.5998 -0.3373 0.5949, 0.6055 -0.3373 0.5949, 0.6173 -0.304 0.5949, 0.6176 -0.3024 0.5949, 0.6205 -0.2973 0.5949, 0.6177 -0.3024 0.5949, 0.618 -0.3041 0.5949, 0.6183 -0.3052 0.5949, 0.6358 -0.3373 0.5949, 0.6301 -0.3373 0.5949, 0.6205 -0.2973 0.5945, 0.6358 -0.3373 0.5945, 0.615 -0.2973 0.5945, 0.5998 -0.3373 0.5945, 0.6113 -0.307 0.5945, 0.6055 -0.3373 0.5945, 0.6093 -0.3263 0.5945, 0.626 -0.3263 0.5945, 0.6113 -0.3263 0.5945, 0.6301 -0.3373 0.5945, 0.6109 -0.3218 0.5945, 0.6244 -0.3218 0.5945, 0.6183 -0.3052 0.5945, 0.6177 -0.3024 0.5945, 0.618 -0.3041 0.5945, 0.6176 -0.3024 0.5945, 0.6169 -0.3052 0.5945, 0.6173 -0.304 0.5945
            ]
        }
        coordIndex [
            0,1,2,-1,2,1,3,-1,4,5,0,-1,0,5,6,-1,0,6,1,-1,1,6,7,-1,4,8,5,-1,5,8,9,-1,5,9,10,-1,10,9,11,-1,10,11,12,-1,12,13,10,-1,10,13,2,-1,10,2,14,-1,14,2,3,-1,14,3,15,-1,10,14,16,-1,16,14,17,-1,5,10,18,-1,18,10,16,-1,19,6,20,-1,20,6,5,-1,20,5,18,-1,7,6,21,-1,21,6,19,-1,1,7,22,-1,22,7,21,-1,23,3,24,-1,24,3,1,-1,24,1,22,-1,15,3,25,-1,25,3,23,-1,14,15,17,-1,17,15,25,-1,0,2,26,-1,26,2,27,-1,2,13,27,-1,27,13,28,-1,11,29,30,-1,11,30,12,-1,12,30,28,-1,12,28,13,-1,11,9,29,-1,29,9,31,-1,4,32,33,-1,4,33,8,-1,8,33,31,-1,8,31,9,-1,4,0,32,-1,32,0,26,-1,
        ]
    }
}
Shape{
    appearance Appearance {
        material  Material {
            diffuseColor 0.8509803921568627 0.8509803921568627 0.8509803921568627
            specularColor 0.4235294117647059 0.4235294117647059 0.4235294117647059
            ambientIntensity 0.851
            transparency 0.0
            shininess 0.5
        }
    }
    geometry IndexedFaceSet {
        ccw TRUE
        solid FALSE
        coord DEF co Coordinate {
            point [
                0.6177 -0.3024 0.5945, 0.6176 -0.3024 0.5945, 0.618 -0.3041 0.5945, 0.6173 -0.304 0.5945, 0.6183 -0.3052 0.5945, 0.6169 -0.3052 0.5945, 0.6244 -0.3218 0.5945, 0.6109 -0.3218 0.5945
            ]
        }
        coordIndex [
            0,1,2,-1,2,1,3,-1,2,3,4,-1,4,3,5,-1,4,5,6,-1,6,5,7,-1,
        ]
    }
}
Shape{
    appearance Appearance {
        material  Material {
            diffuseColor 0.0 0.0 0.0
            specularColor 0.0 0.0 0.0
            ambientIntensity 0.0
            transparency 0.0
            shininess 0.5
        }
    }
    geometry IndexedFaceSet {
        ccw TRUE
        solid FALSE
        coord DEF co Coordinate {
            point [
                0.4966 -0.3962 0.5949, 0.4966 -0.4008 0.5949, 0.4966 -0.3962 0.5945, 0.4966 -0.4008 0.5945, 0.4803 -0.3962 0.5949, 0.4803 -0.3962 0.5945, 0.4803 -0.3828 0.5949, 0.4803 -0.3828 0.5945, 0.4946 -0.3828 0.5949, 0.4946 -0.3828 0.5945, 0.4946 -0.3782 0.5949, 0.4946 -0.3782 0.5945, 0.4803 -0.3782 0.5949, 0.4803 -0.3782 0.5945, 0.4803 -0.3654 0.5949, 0.4803 -0.3654 0.5945, 0.4957 -0.3654 0.5949, 0.4957 -0.3654 0.5945, 0.4957 -0.3608 0.5949, 0.4957 -0.3608 0.5945, 0.4751 -0.3608 0.5949, 0.4751 -0.3608 0.5945, 0.4751 -0.4008 0.5949, 0.4751 -0.4008 0.5945, 0.5194 -0.4008 0.5949, 0.5244 -0.4008 0.5949, 0.5194 -0.3964 0.5949, 0.5244 -0.3824 0.5949, 0.5127 -0.3874 0.5949, 0.5194 -0.3865 0.5949, 0.5194 -0.3826 0.5949, 0.5068 -0.3908 0.5949, 0.5073 -0.3899 0.5949, 0.5036 -0.3871 0.5949, 0.5193 -0.3964 0.5949, 0.5166 -0.3956 0.5949, 0.5181 -0.3981 0.5949, 0.5152 -0.3966 0.5949, 0.5051 -0.3857 0.5949, 0.5194 -0.3892 0.5949, 0.5241 -0.3788 0.5949, 0.5194 -0.3895 0.5949, 0.5191 -0.3918 0.5949, 0.5183 -0.3936 0.5949, 0.5172 -0.395 0.5949, 0.5042 -0.3742 0.5949, 0.5042 -0.3791 0.5949, 0.5053 -0.3736 0.5949, 0.5071 -0.3772 0.5949, 0.509 -0.3722 0.5949, 0.5102 -0.376 0.5949, 0.5141 -0.3716 0.5949, 0.5136 -0.3756 0.5949, 0.5172 -0.3719 0.5949, 0.5153 -0.3758 0.5949, 0.5193 -0.3725 0.5949, 0.5165 -0.3762 0.5949, 0.521 -0.3735 0.5949, 0.5174 -0.3768 0.5949, 0.5223 -0.3748 0.5949, 0.5181 -0.3776 0.5949, 0.5233 -0.3764 0.5949, 0.5187 -0.3786 0.5949, 0.5192 -0.3804 0.5949, 0.5109 -0.3838 0.5949, 0.5083 -0.3888 0.5949, 0.5094 -0.3882 0.5949, 0.5075 -0.3957 0.5949, 0.5039 -0.3992 0.5949, 0.508 -0.3961 0.5949, 0.5056 -0.4004 0.5949, 0.509 -0.3968 0.5949, 0.5075 -0.4011 0.5949, 0.5101 -0.3972 0.5949, 0.5105 -0.4015 0.5949, 0.5118 -0.3974 0.5949, 0.5133 -0.4011 0.5949, 0.5137 -0.3972 0.5949, 0.5153 -0.4004 0.5949, 0.5164 -0.3997 0.5949, 0.5079 -0.3891 0.5949, 0.5074 -0.3847 0.5949, 0.5025 -0.3885 0.5949, 0.5018 -0.3902 0.5949, 0.5066 -0.3919 0.5949, 0.5015 -0.3923 0.5949, 0.5065 -0.3927 0.5949, 0.5014 -0.3932 0.5949, 0.5067 -0.3939 0.5949, 0.5017 -0.3954 0.5949, 0.507 -0.3948 0.5949, 0.5023 -0.3971 0.5949, 0.5033 -0.3987 0.5949, 0.5141 -0.3716 0.5945, 0.509 -0.3722 0.5945, 0.5053 -0.3736 0.5945, 0.5042 -0.3742 0.5945, 0.5042 -0.3791 0.5945, 0.5071 -0.3772 0.5945, 0.5102 -0.376 0.5945, 0.5136 -0.3756 0.5945, 0.5153 -0.3758 0.5945, 0.5165 -0.3762 0.5945, 0.5174 -0.3768 0.5945, 0.5181 -0.3776 0.5945, 0.5187 -0.3786 0.5945, 0.5192 -0.3804 0.5945, 0.5194 -0.3826 0.5945, 0.5109 -0.3838 0.5945, 0.5074 -0.3847 0.5945, 0.5051 -0.3857 0.5945, 0.5036 -0.3871 0.5945, 0.5025 -0.3885 0.5945, 0.5018 -0.3902 0.5945, 0.5015 -0.3923 0.5945, 0.5014 -0.3932 0.5945, 0.5017 -0.3954 0.5945, 0.5023 -0.3971 0.5945, 0.5033 -0.3987 0.5945, 0.5039 -0.3992 0.5945, 0.5105 -0.4015 0.5945, 0.5076 -0.4011 0.5945, 0.5075 -0.4011 0.5945, 0.5056 -0.4004 0.5945, 0.5133 -0.4011 0.5945, 0.5153 -0.4004 0.5945, 0.5164 -0.3997 0.5945, 0.5181 -0.3981 0.5945, 0.5193 -0.3964 0.5945, 0.5194 -0.3964 0.5945, 0.5194 -0.4008 0.5945, 0.5244 -0.4008 0.5945, 0.5244 -0.3824 0.5945, 0.5241 -0.3788 0.5945, 0.5233 -0.3764 0.5945, 0.5223 -0.3748 0.5945, 0.521 -0.3735 0.5945, 0.5193 -0.3725 0.5945, 0.5172 -0.3719 0.5945, 0.5079 -0.3891 0.5945, 0.5083 -0.3888 0.5945, 0.5094 -0.3882 0.5945, 0.5127 -0.3874 0.5945, 0.5065 -0.3927 0.5945, 0.5066 -0.3919 0.5945, 0.5068 -0.3908 0.5945, 0.5073 -0.3899 0.5945, 0.508 -0.3961 0.5945, 0.5075 -0.3957 0.5945, 0.507 -0.3948 0.5945, 0.5067 -0.3939 0.5945, 0.5118 -0.3974 0.5945, 0.5101 -0.3972 0.5945, 0.509 -0.3968 0.5945, 0.5172 -0.395 0.5945, 0.5166 -0.3956 0.5945, 0.5152 -0.3966 0.5945, 0.5137 -0.3972 0.5945, 0.5194 -0.3892 0.5945, 0.5194 -0.3895 0.5945, 0.5191 -0.3918 0.5945, 0.5183 -0.3936 0.5945, 0.5194 -0.3865 0.5945
            ]
        }
        coordIndex [
            0,1,2,-1,2,1,3,-1,4,0,5,-1,5,0,2,-1,6,4,7,-1,7,4,5,-1,8,6,9,-1,9,6,7,-1,10,8,11,-1,11,8,9,-1,12,10,13,-1,13,10,11,-1,14,12,15,-1,15,12,13,-1,16,14,17,-1,17,14,15,-1,18,16,19,-1,19,16,17,-1,20,18,21,-1,21,18,19,-1,22,20,23,-1,23,20,21,-1,1,22,3,-1,3,22,23,-1,22,1,0,-1,0,4,22,-1,22,4,6,-1,22,6,20,-1,16,18,14,-1,14,18,20,-1,14,20,12,-1,12,20,6,-1,12,6,10,-1,10,6,8,-1,24,25,26,-1,26,25,27,-1,28,29,30,-1,31,32,33,-1,34,35,36,-1,36,35,37,-1,33,32,38,-1,39,27,29,-1,29,27,40,-1,29,40,30,-1,39,41,27,-1,27,41,42,-1,27,42,26,-1,26,42,43,-1,26,43,34,-1,34,43,44,-1,34,44,35,-1,45,46,47,-1,47,46,48,-1,47,48,49,-1,49,48,50,-1,49,50,51,-1,51,50,52,-1,51,52,53,-1,53,52,54,-1,53,54,55,-1,55,54,56,-1,55,56,57,-1,57,56,58,-1,57,58,59,-1,59,58,60,-1,59,60,61,-1,61,60,62,-1,61,62,40,-1,40,62,63,-1,40,63,30,-1,64,65,30,-1,30,65,66,-1,30,66,28,-1,67,68,69,-1,69,68,70,-1,69,70,71,-1,71,70,72,-1,71,72,73,-1,73,72,74,-1,73,74,75,-1,75,74,76,-1,75,76,77,-1,77,76,78,-1,77,78,37,-1,37,78,79,-1,37,79,36,-1,32,80,38,-1,38,80,65,-1,38,65,81,-1,81,65,64,-1,33,82,31,-1,31,82,83,-1,31,83,84,-1,84,83,85,-1,84,85,86,-1,86,85,87,-1,86,87,88,-1,88,87,89,-1,88,89,90,-1,90,89,91,-1,90,91,67,-1,67,91,92,-1,67,92,68,-1,51,93,94,-1,51,94,49,-1,49,94,95,-1,49,95,47,-1,47,95,96,-1,47,96,45,-1,46,45,97,-1,97,45,96,-1,46,97,98,-1,46,98,48,-1,48,98,99,-1,48,99,50,-1,50,99,100,-1,50,100,52,-1,52,100,101,-1,52,101,54,-1,54,101,102,-1,54,102,56,-1,56,102,103,-1,56,103,58,-1,58,103,104,-1,58,104,60,-1,60,104,105,-1,60,105,62,-1,62,105,106,-1,62,106,63,-1,63,106,107,-1,63,107,30,-1,64,30,108,-1,108,30,107,-1,64,108,109,-1,64,109,81,-1,81,109,110,-1,81,110,38,-1,38,110,111,-1,38,111,33,-1,33,111,112,-1,33,112,82,-1,82,112,113,-1,82,113,83,-1,83,113,114,-1,83,114,85,-1,85,114,115,-1,85,115,87,-1,87,115,116,-1,87,116,89,-1,89,116,117,-1,89,117,91,-1,91,117,118,-1,91,118,92,-1,92,118,119,-1,92,119,68,-1,120,74,121,-1,121,74,72,-1,121,72,122,-1,122,72,70,-1,122,70,123,-1,123,70,68,-1,123,68,119,-1,74,120,124,-1,74,124,76,-1,76,124,125,-1,76,125,78,-1,78,125,126,-1,78,126,79,-1,79,126,127,-1,79,127,36,-1,36,127,128,-1,36,128,34,-1,26,34,129,-1,129,34,128,-1,24,26,130,-1,130,26,129,-1,25,24,131,-1,131,24,130,-1,27,25,132,-1,132,25,131,-1,27,132,133,-1,27,133,40,-1,40,133,134,-1,40,134,61,-1,61,134,135,-1,61,135,59,-1,59,135,136,-1,59,136,57,-1,57,136,137,-1,57,137,55,-1,55,137,138,-1,55,138,53,-1,53,138,93,-1,53,93,51,-1,80,139,140,-1,80,140,65,-1,65,140,141,-1,65,141,66,-1,66,141,142,-1,66,142,28,-1,86,143,144,-1,86,144,84,-1,84,144,145,-1,84,145,31,-1,31,145,146,-1,31,146,32,-1,32,146,139,-1,32,139,80,-1,69,147,148,-1,69,148,67,-1,67,148,149,-1,67,149,90,-1,90,149,150,-1,90,150,88,-1,88,150,143,-1,88,143,86,-1,75,151,152,-1,75,152,73,-1,73,152,153,-1,73,153,71,-1,71,153,147,-1,71,147,69,-1,44,154,155,-1,44,155,35,-1,35,155,156,-1,35,156,37,-1,37,156,157,-1,37,157,77,-1,77,157,151,-1,77,151,75,-1,39,158,159,-1,39,159,41,-1,41,159,160,-1,41,160,42,-1,42,160,161,-1,42,161,43,-1,43,161,154,-1,43,154,44,-1,39,29,158,-1,158,29,162,-1,29,28,162,-1,162,28,142,-1,
        ]
    }
}
Shape{
    appearance Appearance {
        material  Material {
            diffuseColor 0.8509803921568627 0.8509803921568627 0.8509803921568627
            specularColor 0.4235294117647059 0.4235294117647059 0.4235294117647059
            ambientIntensity 0.851
            transparency 0.0
            shininess 0.5
        }
    }
    geometry IndexedFaceSet {
        ccw TRUE
        solid FALSE
        coord DEF co Coordinate {
            point [
                0.5194 -0.3895 0.5945, 0.5194 -0.3892 0.5945, 0.5079 -0.3891 0.5945, 0.5194 -0.3865 0.5945, 0.5127 -0.3874 0.5945, 0.5094 -0.3882 0.5945, 0.5083 -0.3888 0.5945, 0.5191 -0.3918 0.5945, 0.5073 -0.3899 0.5945, 0.5183 -0.3936 0.5945, 0.5075 -0.3957 0.5945, 0.508 -0.3961 0.5945, 0.5166 -0.3956 0.5945, 0.507 -0.3948 0.5945, 0.5152 -0.3966 0.5945, 0.5137 -0.3972 0.5945, 0.5118 -0.3974 0.5945, 0.5068 -0.3908 0.5945, 0.5066 -0.3919 0.5945, 0.5172 -0.395 0.5945, 0.5065 -0.3927 0.5945, 0.5067 -0.3939 0.5945, 0.509 -0.3968 0.5945, 0.5101 -0.3972 0.5945
            ]
        }
        coordIndex [
            0,1,2,-1,1,3,4,-1,4,5,1,-1,1,5,6,-1,1,6,2,-1,0,2,7,-1,7,2,8,-1,7,8,9,-1,10,11,12,-1,10,12,13,-1,14,12,15,-1,15,12,16,-1,8,17,9,-1,9,17,18,-1,9,18,19,-1,19,18,20,-1,19,20,12,-1,12,20,21,-1,12,21,13,-1,11,22,12,-1,12,22,23,-1,12,23,16,-1,
        ]
    }
}
Shape{
    appearance Appearance {
        material  Material {
            diffuseColor 0.0 0.0 0.0
            specularColor 0.0 0.0 0.0
            ambientIntensity 0.0
            transparency 0.0
            shininess 0.5
        }
    }
    geometry IndexedFaceSet {
        ccw TRUE
        solid FALSE
        coord DEF co Coordinate {
            point [
                0.5395 -0.3974 0.5949, 0.5395 -0.3974 0.5945, 0.5364 -0.397 0.5945, 0.5335 -0.396 0.5945, 0.5333 -0.3959 0.5949, 0.5364 -0.397 0.5949, 0.5333 -0.3959 0.5945, 0.5312 -0.3946 0.5945, 0.5312 -0.3946 0.5949, 0.5312 -0.3998 0.5949, 0.5312 -0.3998 0.5945, 0.5342 -0.4009 0.5949, 0.5335 -0.4007 0.5945, 0.539 -0.4015 0.5945, 0.539 -0.4015 0.5949, 0.5361 -0.4011 0.5945, 0.5342 -0.4009 0.5945, 0.5435 -0.401 0.5949, 0.5418 -0.4011 0.5945, 0.5435 -0.401 0.5945, 0.5461 -0.3999 0.5945, 0.5461 -0.3999 0.5949, 0.5473 -0.3992 0.5945, 0.5473 -0.3992 0.5949, 0.5487 -0.398 0.5945, 0.5487 -0.398 0.5949, 0.5497 -0.3966 0.5945, 0.5497 -0.3966 0.5949, 0.5503 -0.395 0.5945, 0.5503 -0.395 0.5949, 0.5505 -0.393 0.5945, 0.5505 -0.393 0.5949, 0.5503 -0.3912 0.5945, 0.5503 -0.3912 0.5949, 0.5498 -0.3897 0.5945, 0.5498 -0.3897 0.5949, 0.5488 -0.3883 0.5945, 0.5488 -0.3883 0.5949, 0.5476 -0.3872 0.5945, 0.5476 -0.3872 0.5949, 0.5443 -0.3854 0.5945, 0.5443 -0.3854 0.5949, 0.5424 -0.3846 0.5945, 0.5424 -0.3846 0.5949, 0.5393 -0.3832 0.5945, 0.5393 -0.3832 0.5949, 0.5375 -0.3821 0.5945, 0.5375 -0.3821 0.5949, 0.537 -0.3816 0.5945, 0.537 -0.3816 0.5949, 0.5366 -0.3809 0.5945, 0.5366 -0.3809 0.5949, 0.5365 -0.3801 0.5945, 0.5365 -0.3801 0.5949, 0.5364 -0.3795 0.5945, 0.5364 -0.3795 0.5949, 0.5365 -0.3787 0.5945, 0.5365 -0.3787 0.5949, 0.5367 -0.378 0.5945, 0.5367 -0.378 0.5949, 0.5372 -0.3774 0.5945, 0.5372 -0.3774 0.5949, 0.5379 -0.3767 0.5945, 0.5379 -0.3767 0.5949, 0.5391 -0.3761 0.5945, 0.5391 -0.3761 0.5949, 0.5404 -0.3757 0.5945, 0.5404 -0.3757 0.5949, 0.5419 -0.3756 0.5945, 0.5419 -0.3756 0.5949, 0.545 -0.376 0.5945, 0.545 -0.376 0.5949, 0.5479 -0.377 0.5945, 0.5479 -0.377 0.5949, 0.5491 -0.3777 0.5945, 0.5491 -0.3777 0.5949, 0.5491 -0.3728 0.5949, 0.5491 -0.3728 0.5945, 0.5459 -0.3719 0.5945, 0.5459 -0.3719 0.5949, 0.5424 -0.3716 0.5945, 0.5424 -0.3716 0.5949, 0.5389 -0.3719 0.5945, 0.5389 -0.3719 0.5949, 0.5361 -0.3728 0.5945, 0.5361 -0.3728 0.5949, 0.5345 -0.3738 0.5945, 0.5345 -0.3738 0.5949, 0.533 -0.3752 0.5949, 0.5335 -0.3747 0.5945, 0.533 -0.3752 0.5945, 0.532 -0.3765 0.5945, 0.532 -0.3765 0.5949, 0.5314 -0.3781 0.5945, 0.5314 -0.3781 0.5949, 0.5312 -0.3799 0.5945, 0.5312 -0.3799 0.5949, 0.5315 -0.3819 0.5945, 0.5315 -0.3819 0.5949, 0.532 -0.3834 0.5945, 0.532 -0.3834 0.5949, 0.5327 -0.3845 0.5945, 0.5327 -0.3845 0.5949, 0.5388 -0.3882 0.5945, 0.5388 -0.3882 0.5949, 0.5358 -0.3869 0.5949, 0.5335 -0.3853 0.5945, 0.5335 -0.3853 0.5949, 0.5335 -0.3853 0.5945, 0.5358 -0.3869 0.5945, 0.5421 -0.3896 0.5945, 0.5421 -0.3896 0.5949, 0.5441 -0.3908 0.5945, 0.5441 -0.3908 0.5949, 0.5447 -0.3914 0.5945, 0.5447 -0.3914 0.5949, 0.5451 -0.3921 0.5945, 0.5451 -0.3921 0.5949, 0.5453 -0.3929 0.5945, 0.5453 -0.3929 0.5949, 0.5454 -0.3935 0.5945, 0.5454 -0.3935 0.5949, 0.5453 -0.3945 0.5945, 0.5453 -0.3945 0.5949, 0.545 -0.3952 0.5945, 0.545 -0.3952 0.5949, 0.5446 -0.3958 0.5945, 0.5446 -0.3958 0.5949, 0.544 -0.3963 0.5945, 0.544 -0.3963 0.5949, 0.5435 -0.3966 0.5945, 0.5435 -0.3966 0.5949, 0.5422 -0.3971 0.5945, 0.5422 -0.3971 0.5949, 0.5397 -0.3974 0.5945, 0.5397 -0.3974 0.5949, 0.5754 -0.3722 0.5949, 0.5806 -0.3722 0.5949, 0.5754 -0.3722 0.5945, 0.5806 -0.3722 0.5945, 0.5676 -0.3937 0.5949, 0.5676 -0.3937 0.5945, 0.5672 -0.3951 0.5945, 0.5672 -0.3951 0.5949, 0.567 -0.3961 0.5945, 0.567 -0.3961 0.5949, 0.5668 -0.3961 0.5949, 0.5668 -0.3961 0.5945, 0.5662 -0.3937 0.5949, 0.5662 -0.3937 0.5945, 0.5587 -0.3722 0.5945, 0.5587 -0.3722 0.5949, 0.5612 -0.3792 0.5945, 0.5531 -0.3722 0.5949, 0.5531 -0.3722 0.5945, 0.5643 -0.4007 0.5945, 0.5643 -0.4007 0.5949, 0.5612 -0.3926 0.5945, 0.5621 -0.4059 0.5945, 0.5621 -0.4059 0.5949, 0.5642 -0.4011 0.5945, 0.5612 -0.4077 0.5945, 0.5611 -0.4078 0.5949, 0.5611 -0.4078 0.5945, 0.5602 -0.4088 0.5945, 0.5602 -0.4088 0.5949, 0.5594 -0.4094 0.5945, 0.5594 -0.4094 0.5949, 0.5583 -0.4098 0.5945, 0.5583 -0.4098 0.5949, 0.557 -0.41 0.5945, 0.557 -0.41 0.5949, 0.5552 -0.4097 0.5945, 0.5552 -0.4097 0.5949, 0.5542 -0.4094 0.5945, 0.5542 -0.4094 0.5949, 0.5542 -0.4139 0.5949, 0.5542 -0.4139 0.5945, 0.5563 -0.4142 0.5945, 0.5563 -0.4142 0.5949, 0.5574 -0.4143 0.5945, 0.5574 -0.4143 0.5949, 0.5594 -0.414 0.5945, 0.5612 -0.4134 0.5945, 0.5614 -0.4133 0.5949, 0.5594 -0.414 0.5949, 0.5614 -0.4133 0.5945, 0.5632 -0.4121 0.5945, 0.5632 -0.4121 0.5949, 0.5635 -0.4118 0.5945, 0.5635 -0.4118 0.5949, 0.5653 -0.4095 0.5945, 0.5653 -0.4095 0.5949, 0.5676 -0.4051 0.5945, 0.5676 -0.4051 0.5949, 0.5692 -0.4011 0.5945, 0.6075 -0.3962 0.5949, 0.6075 -0.4008 0.5949, 0.6075 -0.3962 0.5945, 0.6075 -0.4008 0.5945, 0.5911 -0.3962 0.5945, 0.5911 -0.3962 0.5949, 0.5986 -0.3962 0.5945, 0.5911 -0.3828 0.5949, 0.5911 -0.3828 0.5945, 0.6055 -0.3828 0.5945, 0.6055 -0.3828 0.5949, 0.5986 -0.3828 0.5945, 0.6055 -0.3782 0.5949, 0.6055 -0.3782 0.5945, 0.5911 -0.3782 0.5945, 0.5911 -0.3782 0.5949, 0.5986 -0.3782 0.5945, 0.5911 -0.3654 0.5949, 0.5911 -0.3654 0.5945, 0.6066 -0.3654 0.5945, 0.6066 -0.3654 0.5949, 0.5986 -0.3654 0.5945, 0.6066 -0.3608 0.5949, 0.6066 -0.3608 0.5945, 0.586 -0.3608 0.5945, 0.586 -0.3608 0.5949, 0.5986 -0.3608 0.5945, 0.586 -0.4008 0.5949, 0.586 -0.4008 0.5945, 0.5986 -0.4008 0.5945, 0.6416 -0.3952 0.5949, 0.6375 -0.3925 0.5949, 0.6374 -0.3982 0.5949, 0.6349 -0.3943 0.5949, 0.6329 -0.4 0.5949, 0.6316 -0.3956 0.5949, 0.6261 -0.4008 0.5949, 0.6261 -0.3962 0.5949, 0.6151 -0.4008 0.5949, 0.6202 -0.3962 0.5949, 0.6151 -0.3608 0.5949, 0.6202 -0.3654 0.5949, 0.6265 -0.3608 0.5949, 0.6263 -0.3654 0.5949, 0.6268 -0.3654 0.5949, 0.6326 -0.3614 0.5949, 0.6319 -0.3661 0.5949, 0.6374 -0.3632 0.5949, 0.6353 -0.3674 0.5949, 0.6416 -0.3661 0.5949, 0.6378 -0.3691 0.5949, 0.643 -0.3675 0.5949, 0.639 -0.3702 0.5949, 0.6455 -0.3709 0.5949, 0.6405 -0.3725 0.5949, 0.647 -0.3748 0.5949, 0.6416 -0.3754 0.5949, 0.6477 -0.3803 0.5949, 0.6422 -0.3804 0.5949, 0.6475 -0.3828 0.5949, 0.6421 -0.3832 0.5949, 0.6466 -0.3875 0.5949, 0.6412 -0.3868 0.5949, 0.6446 -0.3917 0.5949, 0.6398 -0.3898 0.5949, 0.638 -0.3921 0.5949, 0.6261 -0.4008 0.5945, 0.6151 -0.4008 0.5945, 0.6329 -0.4 0.5945, 0.6374 -0.3982 0.5945, 0.6416 -0.3952 0.5945, 0.6446 -0.3917 0.5945, 0.6466 -0.3875 0.5945, 0.6475 -0.3828 0.5945, 0.6477 -0.3803 0.5945, 0.647 -0.3748 0.5945, 0.6455 -0.3709 0.5945, 0.643 -0.3675 0.5945, 0.6416 -0.3661 0.5945, 0.6374 -0.3632 0.5945, 0.6326 -0.3614 0.5945, 0.6265 -0.3608 0.5945, 0.6151 -0.3608 0.5945, 0.6263 -0.3654 0.5945, 0.6202 -0.3654 0.5945, 0.6202 -0.3962 0.5945, 0.6261 -0.3962 0.5945, 0.638 -0.3921 0.5945, 0.6375 -0.3925 0.5945, 0.6349 -0.3943 0.5945, 0.6316 -0.3956 0.5945, 0.6422 -0.3804 0.5945, 0.6421 -0.3832 0.5945, 0.6412 -0.3868 0.5945, 0.6398 -0.3898 0.5945, 0.6378 -0.3691 0.5945, 0.639 -0.3702 0.5945, 0.6405 -0.3725 0.5945, 0.6416 -0.3754 0.5945, 0.6268 -0.3654 0.5945, 0.6319 -0.3661 0.5945, 0.6353 -0.3674 0.5945
            ]
        }
        coordIndex [
            0,1,2,-1,3,4,2,-1,2,4,5,-1,2,5,0,-1,3,6,4,-1,4,6,7,-1,4,7,8,-1,9,8,10,-1,10,8,7,-1,9,10,11,-1,11,10,12,-1,13,14,15,-1,15,14,11,-1,15,11,16,-1,16,11,12,-1,17,14,18,-1,18,14,13,-1,18,19,17,-1,17,19,20,-1,17,20,21,-1,21,20,22,-1,21,22,23,-1,23,22,24,-1,23,24,25,-1,25,24,26,-1,25,26,27,-1,27,26,28,-1,27,28,29,-1,29,28,30,-1,29,30,31,-1,31,30,32,-1,31,32,33,-1,33,32,34,-1,33,34,35,-1,35,34,36,-1,35,36,37,-1,37,36,38,-1,37,38,39,-1,39,38,40,-1,39,40,41,-1,41,40,42,-1,41,42,43,-1,43,42,44,-1,43,44,45,-1,45,44,46,-1,45,46,47,-1,47,46,48,-1,47,48,49,-1,49,48,50,-1,49,50,51,-1,51,50,52,-1,51,52,53,-1,53,52,54,-1,53,54,55,-1,55,54,56,-1,55,56,57,-1,57,56,58,-1,57,58,59,-1,59,58,60,-1,59,60,61,-1,61,60,62,-1,61,62,63,-1,63,62,64,-1,63,64,65,-1,65,64,66,-1,65,66,67,-1,67,66,68,-1,67,68,69,-1,69,68,70,-1,69,70,71,-1,71,70,72,-1,71,72,73,-1,73,72,74,-1,73,74,75,-1,76,75,77,-1,77,75,74,-1,76,77,78,-1,76,78,79,-1,79,78,80,-1,79,80,81,-1,81,80,82,-1,81,82,83,-1,83,82,84,-1,83,84,85,-1,85,84,86,-1,85,86,87,-1,87,86,88,-1,88,86,89,-1,89,90,88,-1,88,90,91,-1,88,91,92,-1,92,91,93,-1,92,93,94,-1,94,93,95,-1,94,95,96,-1,96,95,97,-1,96,97,98,-1,98,97,99,-1,98,99,100,-1,100,99,101,-1,100,101,102,-1,103,104,105,-1,102,101,106,-1,102,106,107,-1,107,106,108,-1,107,108,105,-1,105,108,109,-1,105,109,103,-1,104,103,110,-1,104,110,111,-1,111,110,112,-1,111,112,113,-1,113,112,114,-1,113,114,115,-1,115,114,116,-1,115,116,117,-1,117,116,118,-1,117,118,119,-1,119,118,120,-1,119,120,121,-1,121,120,122,-1,121,122,123,-1,123,122,124,-1,123,124,125,-1,125,124,126,-1,125,126,127,-1,127,126,128,-1,127,128,129,-1,129,128,130,-1,129,130,131,-1,131,130,132,-1,131,132,133,-1,133,132,134,-1,133,134,135,-1,135,134,1,-1,135,1,0,-1,61,63,85,-1,85,63,83,-1,111,43,104,-1,104,43,45,-1,21,23,127,-1,127,23,25,-1,127,25,125,-1,125,25,27,-1,125,27,123,-1,123,27,29,-1,123,29,121,-1,121,29,31,-1,121,31,119,-1,119,31,33,-1,119,33,117,-1,117,33,35,-1,117,35,115,-1,115,35,37,-1,115,37,113,-1,113,37,39,-1,113,39,111,-1,111,39,41,-1,111,41,43,-1,14,0,11,-1,11,0,5,-1,11,5,9,-1,9,5,4,-1,9,4,8,-1,63,65,83,-1,83,65,67,-1,83,67,81,-1,81,67,69,-1,81,69,79,-1,79,69,71,-1,79,71,76,-1,76,71,73,-1,76,73,75,-1,127,129,21,-1,21,129,131,-1,21,131,17,-1,17,131,133,-1,17,133,14,-1,14,133,135,-1,14,135,0,-1,85,87,61,-1,61,87,88,-1,61,88,59,-1,59,88,92,-1,59,92,57,-1,57,92,94,-1,57,94,55,-1,55,94,96,-1,55,96,53,-1,53,96,98,-1,53,98,51,-1,51,98,100,-1,51,100,49,-1,49,100,102,-1,49,102,47,-1,47,102,107,-1,47,107,45,-1,45,107,105,-1,45,105,104,-1,136,137,138,-1,138,137,139,-1,140,136,141,-1,141,136,138,-1,140,141,142,-1,140,142,143,-1,143,142,144,-1,143,144,145,-1,146,145,147,-1,147,145,144,-1,148,146,149,-1,149,146,147,-1,150,151,152,-1,152,151,148,-1,152,148,149,-1,153,151,154,-1,154,151,150,-1,155,156,157,-1,157,156,153,-1,157,153,154,-1,158,159,160,-1,160,159,156,-1,160,156,155,-1,158,161,159,-1,159,161,162,-1,161,163,162,-1,162,163,164,-1,162,164,165,-1,165,164,166,-1,165,166,167,-1,167,166,168,-1,167,168,169,-1,169,168,170,-1,169,170,171,-1,171,170,172,-1,171,172,173,-1,173,172,174,-1,173,174,175,-1,176,175,177,-1,177,175,174,-1,176,177,178,-1,176,178,179,-1,179,178,180,-1,179,180,181,-1,181,180,182,-1,183,184,182,-1,182,184,185,-1,182,185,181,-1,183,186,184,-1,184,186,187,-1,184,187,188,-1,188,187,189,-1,188,189,190,-1,190,189,191,-1,190,191,192,-1,192,191,193,-1,192,193,194,-1,139,137,195,-1,195,137,194,-1,195,194,193,-1,143,145,194,-1,137,136,194,-1,194,136,140,-1,194,140,143,-1,151,153,148,-1,148,153,156,-1,148,156,146,-1,175,176,173,-1,173,176,179,-1,173,179,171,-1,171,179,181,-1,171,181,169,-1,169,181,185,-1,169,185,167,-1,167,185,184,-1,167,184,165,-1,145,146,194,-1,194,146,156,-1,194,156,192,-1,156,159,192,-1,192,159,162,-1,192,162,190,-1,190,162,165,-1,190,165,188,-1,188,165,184,-1,196,197,198,-1,198,197,199,-1,200,201,202,-1,202,201,196,-1,202,196,198,-1,203,201,204,-1,204,201,200,-1,205,206,207,-1,207,206,203,-1,207,203,204,-1,208,206,209,-1,209,206,205,-1,210,211,212,-1,212,211,208,-1,212,208,209,-1,213,211,214,-1,214,211,210,-1,215,216,217,-1,217,216,213,-1,217,213,214,-1,218,216,219,-1,219,216,215,-1,220,221,222,-1,222,221,218,-1,222,218,219,-1,223,221,224,-1,224,221,220,-1,199,197,225,-1,225,197,223,-1,225,223,224,-1,223,197,196,-1,196,201,223,-1,223,201,203,-1,223,203,221,-1,216,218,213,-1,213,218,221,-1,213,221,211,-1,211,221,203,-1,211,203,208,-1,208,203,206,-1,226,227,228,-1,228,227,229,-1,228,229,230,-1,230,229,231,-1,230,231,232,-1,232,231,233,-1,232,233,234,-1,234,233,235,-1,234,235,236,-1,236,235,237,-1,236,237,238,-1,237,239,238,-1,238,239,240,-1,238,240,241,-1,241,240,242,-1,241,242,243,-1,243,242,244,-1,243,244,245,-1,245,244,246,-1,245,246,247,-1,247,246,248,-1,247,248,249,-1,249,248,250,-1,249,250,251,-1,251,250,252,-1,251,252,253,-1,253,252,254,-1,253,254,255,-1,255,254,256,-1,255,256,257,-1,257,256,258,-1,257,258,259,-1,259,258,260,-1,259,260,226,-1,226,260,261,-1,226,261,227,-1,232,234,262,-1,262,234,263,-1,232,262,264,-1,232,264,230,-1,230,264,265,-1,230,265,228,-1,228,265,266,-1,228,266,226,-1,226,266,267,-1,226,267,259,-1,259,267,268,-1,259,268,257,-1,257,268,269,-1,257,269,255,-1,255,269,270,-1,255,270,253,-1,253,270,271,-1,253,271,251,-1,251,271,272,-1,251,272,249,-1,249,272,273,-1,249,273,247,-1,247,273,274,-1,247,274,245,-1,245,274,275,-1,245,275,243,-1,243,275,276,-1,243,276,241,-1,241,276,277,-1,241,277,238,-1,236,238,278,-1,278,238,277,-1,234,236,263,-1,263,236,278,-1,239,237,279,-1,279,237,280,-1,237,235,280,-1,280,235,281,-1,235,233,281,-1,281,233,282,-1,261,283,284,-1,261,284,227,-1,227,284,285,-1,227,285,229,-1,229,285,286,-1,229,286,231,-1,231,286,282,-1,231,282,233,-1,254,287,288,-1,254,288,256,-1,256,288,289,-1,256,289,258,-1,258,289,290,-1,258,290,260,-1,260,290,283,-1,260,283,261,-1,246,291,292,-1,246,292,248,-1,248,292,293,-1,248,293,250,-1,250,293,294,-1,250,294,252,-1,252,294,287,-1,252,287,254,-1,239,279,295,-1,239,295,240,-1,240,295,296,-1,240,296,242,-1,242,296,297,-1,242,297,244,-1,244,297,291,-1,244,291,246,-1,
        ]
    }
}
Shape{
    appearance Appearance {
        material  Material {
            diffuseColor 0.8509803921568627 0.8509803921568627 0.8509803921568627
            specularColor 0.4235294117647059 0.4235294117647059 0.4235294117647059
            ambientIntensity 0.851
            transparency 0.0
            shininess 0.5
        }
    }
    geometry IndexedFaceSet {
        ccw TRUE
        solid FALSE
        coord DEF co Coordinate {
            point [
                0.6349 -0.3943 0.5945, 0.6375 -0.3925 0.5945, 0.6268 -0.3654 0.5945, 0.6202 -0.3654 0.5945, 0.6202 -0.3962 0.5945, 0.6263 -0.3654 0.5945, 0.6261 -0.3962 0.5945, 0.6316 -0.3956 0.5945, 0.638 -0.3921 0.5945, 0.6398 -0.3898 0.5945, 0.6412 -0.3868 0.5945, 0.6422 -0.3804 0.5945, 0.6378 -0.3691 0.5945, 0.6353 -0.3674 0.5945, 0.6416 -0.3754 0.5945, 0.6405 -0.3725 0.5945, 0.639 -0.3702 0.5945, 0.6421 -0.3832 0.5945, 0.6319 -0.3661 0.5945
            ]
        }
        coordIndex [
            0,1,2,-1,3,4,5,-1,5,4,6,-1,5,6,2,-1,2,6,7,-1,2,7,0,-1,1,8,2,-1,2,8,9,-1,2,9,10,-1,11,12,13,-1,14,15,11,-1,11,15,16,-1,11,16,12,-1,10,17,2,-1,2,17,11,-1,2,11,18,-1,18,11,13,-1,
        ]
    }
}
Shape{
    appearance Appearance {
        material  Material {
            diffuseColor 0.0 0.0 0.0
            specularColor 0.0 0.0 0.0
            ambientIntensity 0.0
            transparency 0.0
            shininess 0.5
        }
    }
    geometry IndexedFaceSet {
        ccw TRUE
        solid FALSE
        coord DEF co Coordinate {
            point [
                0.6611 -0.3853 0.5949, 0.6594 -0.3899 0.5949, 0.6745 -0.3853 0.5949, 0.6761 -0.3899 0.5949, 0.6671 -0.3687 0.5949, 0.6651 -0.3608 0.5949, 0.6499 -0.4008 0.5949, 0.6556 -0.4008 0.5949, 0.6674 -0.3675 0.5949, 0.6677 -0.3659 0.5949, 0.6707 -0.3608 0.5949, 0.6678 -0.3659 0.5949, 0.6682 -0.3676 0.5949, 0.6685 -0.3687 0.5949, 0.6859 -0.4008 0.5949, 0.6802 -0.4008 0.5949, 0.6707 -0.3608 0.5945, 0.6859 -0.4008 0.5945, 0.6651 -0.3608 0.5945, 0.6499 -0.4008 0.5945, 0.6556 -0.4008 0.5945, 0.6594 -0.3899 0.5945, 0.6761 -0.3899 0.5945, 0.6802 -0.4008 0.5945, 0.6611 -0.3853 0.5945, 0.6745 -0.3853 0.5945, 0.6685 -0.3687 0.5945, 0.6678 -0.3659 0.5945, 0.6682 -0.3676 0.5945, 0.6677 -0.3659 0.5945, 0.6671 -0.3687 0.5945, 0.6674 -0.3675 0.5945
            ]
        }
        coordIndex [
            0,1,2,-1,2,1,3,-1,4,5,0,-1,0,5,6,-1,0,6,1,-1,1,6,7,-1,4,8,5,-1,5,8,9,-1,5,9,10,-1,10,9,11,-1,10,11,12,-1,12,13,10,-1,10,13,2,-1,10,2,14,-1,14,2,3,-1,14,3,15,-1,10,14,16,-1,16,14,17,-1,5,10,18,-1,18,10,16,-1,6,5,19,-1,19,5,18,-1,7,6,20,-1,20,6,19,-1,1,7,21,-1,21,7,20,-1,3,1,22,-1,22,1,21,-1,15,3,23,-1,23,3,22,-1,14,15,17,-1,17,15,23,-1,0,2,24,-1,24,2,25,-1,2,13,25,-1,25,13,26,-1,11,27,28,-1,11,28,12,-1,12,28,26,-1,12,26,13,-1,11,9,27,-1,27,9,29,-1,4,30,31,-1,4,31,8,-1,8,31,29,-1,8,29,9,-1,4,0,30,-1,30,0,24,-1,
        ]
    }
}
Shape{
    appearance Appearance {
        material  Material {
            diffuseColor 0.8509803921568627 0.8509803921568627 0.8509803921568627
            specularColor 0.4235294117647059 0.4235294117647059 0.4235294117647059
            ambientIntensity 0.851
            transparency 0.0
            shininess 0.5
        }
    }
    geometry IndexedFaceSet {
        ccw TRUE
        solid FALSE
        coord DEF co Coordinate {
            point [
                0.6678 -0.3659 0.5945, 0.6677 -0.3659 0.5945, 0.6682 -0.3676 0.5945, 0.6674 -0.3675 0.5945, 0.6685 -0.3687 0.5945, 0.6671 -0.3687 0.5945, 0.6745 -0.3853 0.5945, 0.6611 -0.3853 0.5945
            ]
        }
        coordIndex [
            0,1,2,-1,2,1,3,-1,2,3,4,-1,4,3,5,-1,4,5,6,-1,6,5,7,-1,
        ]
    }
}
Shape{
    appearance Appearance {
        material  Material {
            diffuseColor 0.0 0.0 0.0
            specularColor 0.0 0.0 0.0
            ambientIntensity 0.0
            transparency 0.0
            shininess 0.5
        }
    }
    geometry IndexedFaceSet {
        ccw TRUE
        solid FALSE
        coord DEF co Coordinate {
            point [
                0.2983 -0.4065 0.5949, 0.3025 -0.4117 0.5949, 0.2957 -0.3813 0.5949, 0.2908 -0.3318 0.5949, 0.2971 -0.3285 0.5949, 0.2956 -0.311 0.5949, 0.3134 -0.3101 0.5949, 0.3222 -0.3309 0.5949, 0.3265 -0.3219 0.5949, 0.3509 -0.3913 0.5949, 0.3509 -0.3884 0.5949, 0.3269 -0.3815 0.5949, 0.3242 -0.3806 0.5949, 0.2895 -0.3775 0.5949, 0.2917 -0.3993 0.5949, 0.2954 -0.4004 0.5949, 0.3068 -0.3096 0.5949, 0.3311 -0.3849 0.5949, 0.3324 -0.3872 0.5949, 0.3508 -0.3942 0.5949, 0.3908 -0.3674 0.5949, 0.382 -0.3523 0.5949, 0.3438 -0.3722 0.5949, 0.3222 -0.3805 0.5949, 0.3195 -0.3808 0.5949, 0.3157 -0.3634 0.5949, 0.317 -0.3817 0.5949, 0.3094 -0.3658 0.5949, 0.3148 -0.3833 0.5949, 0.3036 -0.3698 0.5949, 0.3133 -0.3849 0.5949, 0.2989 -0.3752 0.5949, 0.3119 -0.3873 0.5949, 0.3112 -0.39 0.5949, 0.3328 -0.3644 0.5949, 0.3259 -0.3627 0.5949, 0.3225 -0.3625 0.5949, 0.3292 -0.3829 0.5949, 0.3148 -0.3998 0.5949, 0.3171 -0.4014 0.5949, 0.3081 -0.4159 0.5949, 0.3197 -0.4024 0.5949, 0.4002 -0.3392 0.5949, 0.4025 -0.3392 0.5949, 0.4141 -0.3238 0.5949, 0.4079 -0.3398 0.5949, 0.4155 -0.3243 0.5949, 0.4128 -0.3418 0.5949, 0.424 -0.3285 0.5949, 0.4317 -0.335 0.5949, 0.3192 -0.3033 0.5949, 0.3329 -0.3143 0.5949, 0.3259 -0.2976 0.5949, 0.3406 -0.3087 0.5949, 0.3342 -0.2926 0.5949, 0.3042 -0.3268 0.5949, 0.3071 -0.3267 0.5949, 0.3101 -0.3098 0.5949, 0.3138 -0.3275 0.5949, 0.3202 -0.3298 0.5949, 0.3389 -0.3677 0.5949, 0.4318 -0.3881 0.5949, 0.4185 -0.3768 0.5949, 0.424 -0.3947 0.5949, 0.4143 -0.3803 0.5949, 0.4154 -0.3989 0.5949, 0.4093 -0.3826 0.5949, 0.4059 -0.4009 0.5949, 0.4042 -0.3836 0.5949, 0.3891 -0.4009 0.5949, 0.3914 -0.3836 0.5949, 0.3875 -0.4007 0.5949, 0.313 -0.3978 0.5949, 0.3118 -0.3954 0.5949, 0.3112 -0.3928 0.5949, 0.4173 -0.3448 0.5949, 0.4206 -0.3485 0.5949, 0.4375 -0.3431 0.5949, 0.4232 -0.3534 0.5949, 0.441 -0.3518 0.5949, 0.4245 -0.3589 0.5949, 0.4423 -0.3611 0.5949, 0.4247 -0.3614 0.5949, 0.441 -0.3713 0.5949, 0.424 -0.3669 0.5949, 0.4374 -0.3803 0.5949, 0.422 -0.372 0.5949, 0.4189 -0.3764 0.5949, 0.3988 -0.3013 0.5949, 0.3876 -0.3144 0.5949, 0.4087 -0.3131 0.5949, 0.3941 -0.3221 0.5949, 0.3985 -0.3313 0.5949, 0.2795 -0.3482 0.5949, 0.2608 -0.3529 0.5949, 0.2786 -0.3551 0.5949, 0.2607 -0.3557 0.5949, 0.279 -0.3595 0.5949, 0.2621 -0.3668 0.5949, 0.281 -0.3665 0.5949, 0.2662 -0.3774 0.5949, 0.2844 -0.3722 0.5949, 0.2727 -0.3867 0.5949, 0.2814 -0.3942 0.5949, 0.3332 -0.3898 0.5949, 0.3333 -0.3926 0.5949, 0.3491 -0.4012 0.5949, 0.3326 -0.3953 0.5949, 0.3458 -0.4076 0.5949, 0.3314 -0.3978 0.5949, 0.3414 -0.4125 0.5949, 0.3295 -0.3999 0.5949, 0.3357 -0.4164 0.5949, 0.3274 -0.4014 0.5949, 0.3294 -0.4189 0.5949, 0.3249 -0.4023 0.5949, 0.3225 -0.4197 0.5949, 0.3222 -0.4027 0.5949, 0.3214 -0.4197 0.5949, 0.3147 -0.4187 0.5949, 0.3475 -0.2879 0.5949, 0.3499 -0.3049 0.5949, 0.3601 -0.2865 0.5949, 0.3603 -0.3036 0.5949, 0.3738 -0.2882 0.5949, 0.37 -0.3048 0.5949, 0.3879 -0.2937 0.5949, 0.3789 -0.3082 0.5949, 0.3869 -0.3138 0.5949, 0.2851 -0.3151 0.5949, 0.276 -0.3214 0.5949, 0.2859 -0.3362 0.5949, 0.2741 -0.3232 0.5949, 0.2819 -0.3419 0.5949, 0.2673 -0.332 0.5949, 0.2627 -0.3422 0.5949, 0.3899 -0.3833 0.5949, 0.3831 -0.398 0.5949, 0.3838 -0.3986 0.5949, 0.3908 -0.3835 0.5949, 0.3856 -0.3999 0.5949, 0.3808 -0.3921 0.5949, 0.3811 -0.3942 0.5949, 0.3819 -0.3962 0.5949, 0.3875 -0.3836 0.5949, 0.3855 -0.3844 0.5949, 0.3809 -0.391 0.5949, 0.3837 -0.3856 0.5949, 0.3826 -0.3869 0.5949, 0.3815 -0.3888 0.5949, 0.3897 -0.3833 0.5949, 0.4423 -0.3611 0.5945, 0.4418 -0.3576 0.5945, 0.441 -0.3518 0.5945, 0.4375 -0.3431 0.5945, 0.4336 -0.3376 0.5945, 0.4317 -0.335 0.5945, 0.424 -0.3285 0.5945, 0.4155 -0.3243 0.5945, 0.4141 -0.3238 0.5945, 0.4087 -0.3131 0.5945, 0.3988 -0.3013 0.5945, 0.3925 -0.2969 0.5945, 0.3879 -0.2937 0.5945, 0.3738 -0.2882 0.5945, 0.3601 -0.2865 0.5945, 0.3259 -0.2976 0.5945, 0.3271 -0.2969 0.5945, 0.3342 -0.2926 0.5945, 0.3475 -0.2879 0.5945, 0.3192 -0.3033 0.5945, 0.3134 -0.3101 0.5945, 0.3101 -0.3098 0.5945, 0.3068 -0.3096 0.5945, 0.2956 -0.311 0.5945, 0.2851 -0.3151 0.5945, 0.276 -0.3214 0.5945, 0.2741 -0.3232 0.5945, 0.2673 -0.332 0.5945, 0.2648 -0.3376 0.5945, 0.2627 -0.3422 0.5945, 0.2608 -0.3529 0.5945, 0.2607 -0.3557 0.5945, 0.2609 -0.3576 0.5945, 0.2621 -0.3668 0.5945, 0.2662 -0.3774 0.5945, 0.2727 -0.3867 0.5945, 0.2814 -0.3942 0.5945, 0.2917 -0.3993 0.5945, 0.2954 -0.4004 0.5945, 0.2958 -0.4011 0.5945, 0.2983 -0.4065 0.5945, 0.3025 -0.4117 0.5945, 0.3081 -0.4159 0.5945, 0.3107 -0.417 0.5945, 0.3147 -0.4187 0.5945, 0.3214 -0.4197 0.5945, 0.3225 -0.4197 0.5945, 0.3509 -0.3913 0.5945, 0.3294 -0.4189 0.5945, 0.3343 -0.417 0.5945, 0.3357 -0.4164 0.5945, 0.3414 -0.4125 0.5945, 0.3458 -0.4076 0.5945, 0.3491 -0.4012 0.5945, 0.3492 -0.4011 0.5945, 0.3508 -0.3942 0.5945, 0.3509 -0.3884 0.5945, 0.3908 -0.3674 0.5945, 0.382 -0.3523 0.5945, 0.3851 -0.3576 0.5945, 0.3438 -0.3722 0.5945, 0.3719 -0.3576 0.5945, 0.3389 -0.3677 0.5945, 0.3328 -0.3644 0.5945, 0.3259 -0.3627 0.5945, 0.3225 -0.3625 0.5945, 0.3157 -0.3634 0.5945, 0.3094 -0.3658 0.5945, 0.3036 -0.3698 0.5945, 0.2989 -0.3752 0.5945, 0.2957 -0.3813 0.5945, 0.2786 -0.3551 0.5945, 0.2788 -0.3576 0.5945, 0.279 -0.3595 0.5945, 0.281 -0.3665 0.5945, 0.2844 -0.3722 0.5945, 0.2895 -0.3775 0.5945, 0.2795 -0.3482 0.5945, 0.2819 -0.3419 0.5945, 0.2849 -0.3376 0.5945, 0.2859 -0.3362 0.5945, 0.2908 -0.3318 0.5945, 0.2971 -0.3285 0.5945, 0.3042 -0.3268 0.5945, 0.3071 -0.3267 0.5945, 0.3138 -0.3275 0.5945, 0.3202 -0.3298 0.5945, 0.3222 -0.3309 0.5945, 0.3265 -0.3219 0.5945, 0.3329 -0.3143 0.5945, 0.3406 -0.3087 0.5945, 0.3499 -0.3049 0.5945, 0.3603 -0.3036 0.5945, 0.4002 -0.3392 0.5945, 0.3999 -0.3376 0.5945, 0.3985 -0.3313 0.5945, 0.3941 -0.3221 0.5945, 0.3876 -0.3144 0.5945, 0.3869 -0.3138 0.5945, 0.3789 -0.3082 0.5945, 0.37 -0.3048 0.5945, 0.4025 -0.3392 0.5945, 0.4247 -0.3614 0.5945, 0.4079 -0.3398 0.5945, 0.4128 -0.3418 0.5945, 0.4173 -0.3448 0.5945, 0.4206 -0.3485 0.5945, 0.4232 -0.3534 0.5945, 0.4242 -0.3576 0.5945, 0.4245 -0.3589 0.5945, 0.424 -0.3669 0.5945, 0.422 -0.372 0.5945, 0.4189 -0.3764 0.5945, 0.4185 -0.3768 0.5945, 0.4143 -0.3803 0.5945, 0.4093 -0.3826 0.5945, 0.4042 -0.3836 0.5945, 0.3914 -0.3836 0.5945, 0.3908 -0.3835 0.5945, 0.3899 -0.3833 0.5945, 0.3897 -0.3833 0.5945, 0.3875 -0.3836 0.5945, 0.3855 -0.3844 0.5945, 0.3837 -0.3856 0.5945, 0.3826 -0.3869 0.5945, 0.3815 -0.3888 0.5945, 0.3809 -0.391 0.5945, 0.3808 -0.3921 0.5945, 0.3811 -0.3942 0.5945, 0.3819 -0.3962 0.5945, 0.3831 -0.398 0.5945, 0.3838 -0.3986 0.5945, 0.3856 -0.3999 0.5945, 0.3875 -0.4007 0.5945, 0.3891 -0.4009 0.5945, 0.4059 -0.4009 0.5945, 0.4154 -0.3989 0.5945, 0.424 -0.3947 0.5945, 0.4318 -0.3881 0.5945, 0.4374 -0.3803 0.5945, 0.441 -0.3713 0.5945, 0.3222 -0.3805 0.5945, 0.3242 -0.3806 0.5945, 0.3269 -0.3815 0.5945, 0.3292 -0.3829 0.5945, 0.3311 -0.3849 0.5945, 0.3324 -0.3872 0.5945, 0.3332 -0.3898 0.5945, 0.3333 -0.3926 0.5945, 0.3326 -0.3953 0.5945, 0.3314 -0.3978 0.5945, 0.3295 -0.3999 0.5945, 0.3274 -0.4014 0.5945, 0.3249 -0.4023 0.5945, 0.3222 -0.4027 0.5945, 0.3197 -0.4024 0.5945, 0.3171 -0.4014 0.5945, 0.3148 -0.3998 0.5945, 0.313 -0.3978 0.5945, 0.3118 -0.3954 0.5945, 0.3112 -0.3928 0.5945, 0.3112 -0.39 0.5945, 0.3119 -0.3873 0.5945, 0.3133 -0.3849 0.5945, 0.3148 -0.3833 0.5945, 0.317 -0.3817 0.5945, 0.3195 -0.3808 0.5945
            ]
        }
        coordIndex [
            0,1,2,-1,3,4,5,-1,6,7,8,-1,9,10,11,-1,11,10,12,-1,13,14,2,-1,2,14,15,-1,2,15,0,-1,5,4,16,-1,17,18,19,-1,20,21,10,-1,10,21,22,-1,10,22,12,-1,12,22,23,-1,24,25,26,-1,26,25,27,-1,26,27,28,-1,28,27,29,-1,28,29,30,-1,30,29,31,-1,30,31,32,-1,32,31,2,-1,32,2,33,-1,34,35,24,-1,24,35,36,-1,24,36,25,-1,9,11,19,-1,19,11,37,-1,19,37,17,-1,38,1,39,-1,39,1,40,-1,39,40,41,-1,42,43,44,-1,44,43,45,-1,44,45,46,-1,46,45,47,-1,46,47,48,-1,48,47,49,-1,6,8,50,-1,50,8,51,-1,50,51,52,-1,52,51,53,-1,52,53,54,-1,4,55,16,-1,16,55,56,-1,16,56,57,-1,57,56,58,-1,57,58,6,-1,6,58,59,-1,6,59,7,-1,23,22,24,-1,24,22,60,-1,24,60,34,-1,61,62,63,-1,63,62,64,-1,63,64,65,-1,65,64,66,-1,65,66,67,-1,67,66,68,-1,67,68,69,-1,69,68,70,-1,69,70,71,-1,38,72,1,-1,1,72,73,-1,1,73,2,-1,2,73,74,-1,2,74,33,-1,47,75,49,-1,49,75,76,-1,49,76,77,-1,77,76,78,-1,77,78,79,-1,79,78,80,-1,79,80,81,-1,81,80,82,-1,81,82,83,-1,83,82,84,-1,83,84,85,-1,85,84,86,-1,85,86,61,-1,61,86,87,-1,61,87,62,-1,88,89,90,-1,90,89,91,-1,90,91,44,-1,44,91,92,-1,44,92,42,-1,93,94,95,-1,95,94,96,-1,95,96,97,-1,97,96,98,-1,97,98,99,-1,99,98,100,-1,99,100,101,-1,101,100,102,-1,101,102,13,-1,13,102,103,-1,13,103,14,-1,18,104,19,-1,19,104,105,-1,19,105,106,-1,106,105,107,-1,106,107,108,-1,108,107,109,-1,108,109,110,-1,110,109,111,-1,110,111,112,-1,112,111,113,-1,112,113,114,-1,114,113,115,-1,114,115,116,-1,116,115,117,-1,116,117,118,-1,118,117,41,-1,118,41,119,-1,119,41,40,-1,54,53,120,-1,120,53,121,-1,120,121,122,-1,122,121,123,-1,122,123,124,-1,124,123,125,-1,124,125,126,-1,126,125,127,-1,126,127,88,-1,88,127,128,-1,88,128,89,-1,5,129,3,-1,3,129,130,-1,3,130,131,-1,131,130,132,-1,131,132,133,-1,133,132,134,-1,133,134,93,-1,93,134,135,-1,93,135,94,-1,136,137,138,-1,70,139,71,-1,71,139,136,-1,71,136,140,-1,140,136,138,-1,141,142,136,-1,136,142,143,-1,136,143,137,-1,144,145,146,-1,145,147,146,-1,146,147,148,-1,146,148,149,-1,141,136,146,-1,146,136,150,-1,146,150,144,-1,81,151,152,-1,81,152,79,-1,152,153,79,-1,79,153,154,-1,79,154,77,-1,77,154,155,-1,77,155,49,-1,155,156,49,-1,49,156,157,-1,49,157,48,-1,48,157,158,-1,48,158,46,-1,46,158,159,-1,46,159,44,-1,44,159,160,-1,44,160,90,-1,90,160,161,-1,90,161,88,-1,126,88,162,-1,162,88,161,-1,162,163,126,-1,126,163,164,-1,126,164,124,-1,124,164,165,-1,124,165,122,-1,166,52,167,-1,167,52,54,-1,167,54,168,-1,168,54,120,-1,168,120,169,-1,169,120,122,-1,169,122,165,-1,52,166,170,-1,52,170,50,-1,50,170,171,-1,50,171,6,-1,6,171,172,-1,6,172,57,-1,57,172,173,-1,57,173,16,-1,16,173,174,-1,16,174,5,-1,5,174,175,-1,5,175,129,-1,129,175,176,-1,129,176,130,-1,130,176,177,-1,130,177,132,-1,132,177,178,-1,132,178,134,-1,134,178,179,-1,134,179,135,-1,179,180,135,-1,135,180,181,-1,135,181,94,-1,94,181,182,-1,94,182,96,-1,96,182,183,-1,96,183,98,-1,183,184,98,-1,98,184,185,-1,98,185,100,-1,100,185,186,-1,100,186,102,-1,102,186,187,-1,102,187,103,-1,103,187,188,-1,103,188,14,-1,14,188,189,-1,14,189,15,-1,15,189,190,-1,15,190,0,-1,190,191,0,-1,0,191,192,-1,0,192,1,-1,1,192,193,-1,1,193,40,-1,40,193,194,-1,40,194,119,-1,194,195,119,-1,119,195,196,-1,119,196,118,-1,118,196,197,-1,118,197,116,-1,198,9,19,-1,116,197,199,-1,116,199,114,-1,114,199,200,-1,114,200,112,-1,200,201,112,-1,112,201,202,-1,112,202,110,-1,110,202,203,-1,110,203,108,-1,108,203,204,-1,108,204,106,-1,106,204,205,-1,106,205,19,-1,19,205,206,-1,19,206,198,-1,10,9,207,-1,207,9,198,-1,20,10,208,-1,208,10,207,-1,209,21,210,-1,210,21,20,-1,210,20,208,-1,211,22,212,-1,212,22,21,-1,212,21,209,-1,22,211,213,-1,22,213,60,-1,60,213,214,-1,60,214,34,-1,34,214,215,-1,34,215,35,-1,35,215,216,-1,35,216,36,-1,36,216,217,-1,36,217,25,-1,25,217,218,-1,25,218,27,-1,27,218,219,-1,27,219,29,-1,29,219,220,-1,29,220,31,-1,31,220,221,-1,31,221,2,-1,222,95,223,-1,223,95,97,-1,223,97,224,-1,224,97,99,-1,224,99,225,-1,225,99,101,-1,225,101,226,-1,226,101,13,-1,226,13,227,-1,227,13,2,-1,227,2,221,-1,95,222,228,-1,95,228,93,-1,93,228,229,-1,93,229,133,-1,133,229,230,-1,133,230,131,-1,230,231,131,-1,131,231,232,-1,131,232,3,-1,3,232,233,-1,3,233,4,-1,4,233,234,-1,4,234,55,-1,55,234,235,-1,55,235,56,-1,56,235,236,-1,56,236,58,-1,58,236,237,-1,58,237,59,-1,59,237,238,-1,59,238,7,-1,7,238,239,-1,7,239,8,-1,8,239,240,-1,8,240,51,-1,51,240,241,-1,51,241,53,-1,53,241,242,-1,53,242,121,-1,121,242,243,-1,121,243,123,-1,244,42,245,-1,245,42,92,-1,245,92,246,-1,246,92,91,-1,246,91,247,-1,247,91,89,-1,247,89,248,-1,248,89,128,-1,248,128,249,-1,249,128,127,-1,249,127,250,-1,250,127,125,-1,250,125,251,-1,251,125,123,-1,251,123,243,-1,43,42,252,-1,252,42,244,-1,253,82,80,-1,43,252,254,-1,43,254,45,-1,45,254,255,-1,45,255,47,-1,47,255,256,-1,47,256,75,-1,75,256,257,-1,75,257,76,-1,76,257,258,-1,76,258,78,-1,78,258,259,-1,78,259,80,-1,80,259,260,-1,80,260,253,-1,82,253,261,-1,82,261,84,-1,84,261,262,-1,84,262,86,-1,86,262,263,-1,86,263,87,-1,87,263,264,-1,87,264,62,-1,62,264,265,-1,62,265,64,-1,64,265,266,-1,64,266,66,-1,66,266,267,-1,66,267,68,-1,70,68,268,-1,268,68,267,-1,70,268,269,-1,70,269,139,-1,139,269,270,-1,139,270,136,-1,136,270,271,-1,136,271,150,-1,150,271,272,-1,150,272,144,-1,144,272,273,-1,144,273,145,-1,145,273,274,-1,145,274,147,-1,147,274,275,-1,147,275,148,-1,148,275,276,-1,148,276,149,-1,149,276,277,-1,149,277,146,-1,146,277,278,-1,146,278,141,-1,141,278,279,-1,141,279,142,-1,142,279,280,-1,142,280,143,-1,143,280,281,-1,143,281,137,-1,137,281,282,-1,137,282,138,-1,138,282,283,-1,138,283,140,-1,140,283,284,-1,140,284,71,-1,71,284,285,-1,71,285,69,-1,67,69,286,-1,286,69,285,-1,67,286,287,-1,67,287,65,-1,65,287,288,-1,65,288,63,-1,63,288,289,-1,63,289,61,-1,61,289,290,-1,61,290,85,-1,85,290,291,-1,85,291,83,-1,83,291,151,-1,83,151,81,-1,23,292,293,-1,23,293,12,-1,12,293,294,-1,12,294,11,-1,11,294,295,-1,11,295,37,-1,37,295,296,-1,37,296,17,-1,17,296,297,-1,17,297,18,-1,18,297,298,-1,18,298,104,-1,104,298,299,-1,104,299,105,-1,105,299,300,-1,105,300,107,-1,107,300,301,-1,107,301,109,-1,109,301,302,-1,109,302,111,-1,111,302,303,-1,111,303,113,-1,113,303,304,-1,113,304,115,-1,115,304,305,-1,115,305,117,-1,117,305,306,-1,117,306,41,-1,41,306,307,-1,41,307,39,-1,39,307,308,-1,39,308,38,-1,38,308,309,-1,38,309,72,-1,72,309,310,-1,72,310,73,-1,73,310,311,-1,73,311,74,-1,74,311,312,-1,74,312,33,-1,33,312,313,-1,33,313,32,-1,32,313,314,-1,32,314,30,-1,30,314,315,-1,30,315,28,-1,28,315,316,-1,28,316,26,-1,26,316,317,-1,26,317,24,-1,24,317,292,-1,24,292,23,-1,
        ]
    }
}
Shape{
    appearance Appearance {
        material  Material {
            diffuseColor 0.8509803921568627 0.8509803921568627 0.8509803921568627
            specularColor 0.4235294117647059 0.4235294117647059 0.4235294117647059
            ambientIntensity 0.851
            transparency 0.0
            shininess 0.5
        }
    }
    geometry IndexedFaceSet {
        ccw TRUE
        solid FALSE
        coord DEF co Coordinate {
            point [
                0.3222 -0.4027 0.5945, 0.3148 -0.3833 0.5945, 0.3133 -0.3849 0.5945, 0.3222 -0.3805 0.5945, 0.3242 -0.3806 0.5945, 0.3249 -0.4023 0.5945, 0.3195 -0.3808 0.5945, 0.317 -0.3817 0.5945, 0.3295 -0.3999 0.5945, 0.3311 -0.3849 0.5945, 0.3292 -0.3829 0.5945, 0.3118 -0.3954 0.5945, 0.313 -0.3978 0.5945, 0.3148 -0.3998 0.5945, 0.3274 -0.4014 0.5945, 0.3269 -0.3815 0.5945, 0.3171 -0.4014 0.5945, 0.3197 -0.4024 0.5945, 0.3119 -0.3873 0.5945, 0.3112 -0.39 0.5945, 0.3112 -0.3928 0.5945, 0.3326 -0.3953 0.5945, 0.3333 -0.3926 0.5945, 0.3314 -0.3978 0.5945, 0.3332 -0.3898 0.5945, 0.3324 -0.3872 0.5945
            ]
        }
        coordIndex [
            0,1,2,-1,3,0,4,-1,4,0,5,-1,3,6,0,-1,0,6,7,-1,0,7,1,-1,8,9,10,-1,11,12,2,-1,2,12,13,-1,5,14,4,-1,4,14,8,-1,4,8,15,-1,15,8,10,-1,13,16,2,-1,2,16,17,-1,2,17,0,-1,18,19,2,-1,2,19,20,-1,2,20,11,-1,21,22,23,-1,23,22,24,-1,23,24,8,-1,8,24,25,-1,8,25,9,-1,
        ]
    }
}