#VRML V2.0 utf8
# 3D model generated by kicad-lcsc-manager
# Based on easyeda2kicad.py v1.0.1

Shape{
    appearance Appearance {
        material  Material {
            diffuseColor 0.7529411764705882 0.7529411764705882 0.7529411764705882
            specularColor 0.3764705882352941 0.3764705882352941 0.3764705882352941
            ambientIntensity 0.7529
            transparency 0.0
            shininess 0.5
        }
    }
    geometry IndexedFaceSet {
        ccw TRUE
        solid FALSE
        coord DEF co Coordinate {
            point [
                0.3953 0.0984 -1.5748, 0.3953 0.0984 0.3937, 0.5921 0.0984 -1.5748, 0.5921 0.0984 0.3937, 0.3953 -0.0984 -1.5748, 0.3953 -0.0984 0.3937, 0.5921 -0.0984 -1.5748, 0.5921 -0.0984 0.3937
            ]
        }
        coordIndex [
            0,1,2,-1,2,1,3,-1,4,5,0,-1,0,5,1,-1,6,7,4,-1,4,7,5,-1,2,3,6,-1,6,3,7,-1,5,7,1,-1,1,7,3,-1,
        ]
    }
}
Shape{
    appearance Appearance {
        material  Material {
            diffuseColor 1.0 1.0 1.0
            specularColor 0.5019607843137255 0.5019607843137255 0.5019607843137255
            ambientIntensity 1.0
            transparency 0.0
            shininess 0.5
        }
    }
    geometry IndexedFaceSet {
        ccw TRUE
        solid FALSE
        coord DEF co Coordinate {
            point [
                0.5921 0.0984 -1.5748, 0.5921 -0.0984 -1.5748, 0.3953 0.0984 -1.5748, 0.3953 -0.0984 -1.5748
            ]
        }
        coordIndex [
            0,1,2,-1,2,1,3,-1,
        ]
    }
}
Shape{
    appearance Appearance {
        material  Material {
            diffuseColor 0.7529411764705882 0.7529411764705882 0.7529411764705882
            specularColor 0.3764705882352941 0.3764705882352941 0.3764705882352941
            ambientIntensity 0.7529
            transparency 0.0
            shininess 0.5
        }
    }
    geometry IndexedFaceSet {
        ccw TRUE
        solid FALSE
        coord DEF co Coordinate {
            point [
                -0.4079 0.0984 -1.9685, -0.4079 0.0984 0.3937, -0.4079 -0.0984 -1.9685, -0.4079 -0.0984 0.3937, -0.6047 0.0984 -1.9685, -0.6047 0.0984 0.3937, -0.6047 -0.0984 -1.9685, -0.6047 -0.0984 0.3937, 0.6344 0.4577 0.3937, 0.6344 0.4577 0.0, 0.5663 0.5405 0.0, 0.5663 0.5405 0.3937, 0.4875 0.6133 0.0, 0.4875 0.6133 0.3937, 0.3996 0.6747 0.0, 0.3996 0.6747 0.3937, 0.3042 0.7236 0.0, 0.3042 0.7236 0.3937, 0.203 0.7591 0.0, 0.203 0.7591 0.3937, 0.0979 0.7805 0.0, 0.0979 0.7805 0.3937, -0.0091 0.7874 0.0, -0.0091 0.7874 0.3937, -0.116 0.7797 0.0, -0.116 0.7797 0.3937, -0.2209 0.7576 0.0, -0.2209 0.7576 0.3937, -0.3219 0.7214 0.0, -0.3219 0.7214 0.3937, -0.417 0.6718 0.0, -0.417 0.6718 0.3937, -0.5044 0.6098 0.0, -0.5044 0.6098 0.3937, -0.5827 0.5365 0.0, -0.5827 0.5365 0.3937, -0.6502 0.4532 0.0, -0.6502 0.4532 0.3937, -0.7058 0.3615 0.0, -0.7058 0.3615 0.3937, -0.7484 0.2631 0.0, -0.7484 0.2631 0.3937, -0.7773 0.1598 0.0, -0.7773 0.1598 0.3937, -0.7919 0.0536 0.0, -0.7919 0.0536 0.3937, -0.7919 -0.0536 0.0, -0.7919 -0.0536 0.3937, -0.7773 -0.1598 0.0, -0.7773 -0.1598 0.3937, -0.7484 -0.2631 0.0, -0.7484 -0.2631 0.3937, -0.7058 -0.3615 0.0, -0.7058 -0.3615 0.3937, -0.6502 -0.4532 0.0, -0.6502 -0.4532 0.3937, -0.5827 -0.5365 0.0, -0.5827 -0.5365 0.3937, -0.5044 -0.6098 0.0, -0.5044 -0.6098 0.3937, -0.417 -0.6718 0.0, -0.417 -0.6718 0.3937, -0.3219 -0.7214 0.0, -0.3219 -0.7214 0.3937, -0.2209 -0.7576 0.0, -0.2209 -0.7576 0.3937, -0.116 -0.7797 0.0, -0.116 -0.7797 0.3937, -0.0091 -0.7874 0.0, -0.0091 -0.7874 0.3937, 0.0979 -0.7805 0.0, 0.0979 -0.7805 0.3937, 0.203 -0.7591 0.0, 0.203 -0.7591 0.3937, 0.3042 -0.7236 0.0, 0.3042 -0.7236 0.3937, 0.3996 -0.6747 0.0, 0.3996 -0.6747 0.3937, 0.4875 -0.6133 0.0, 0.4875 -0.6133 0.3937, 0.5663 -0.5405 0.0, 0.5663 -0.5405 0.3937, 0.6344 -0.4577 0.0, 0.6344 -0.4577 0.3937, 0.3408 0.4778 0.3937, 0.2618 0.5262 0.3937, 0.1762 0.5616 0.3937, 0.0861 0.5833 0.3937, -0.0063 0.5906 0.3937, -0.0987 0.5833 0.3937, -0.1888 0.5616 0.3937, -0.2744 0.5262 0.3937, 0.4715 0.3471 0.3937, 0.5199 0.2681 0.3937, 0.5553 0.1825 0.3937, 0.5553 -0.1825 0.3937, 0.5199 -0.2681 0.3937, 0.4715 -0.3471 0.3937, 0.4113 -0.4176 0.3937, 0.3408 -0.4778 0.3937, 0.2618 -0.5262 0.3937, -0.3534 -0.4778 0.3937, -0.2744 -0.5262 0.3937, -0.1888 -0.5616 0.3937, -0.0987 -0.5833 0.3937, -0.0063 -0.5906 0.3937, 0.0861 -0.5833 0.3937, 0.1762 -0.5616 0.3937, 0.4113 0.4176 0.3937, 0.577 0.0924 0.3937, 0.5842 0.0 0.3937, 0.577 -0.0924 0.3937, -0.5969 0.0 0.3937, -0.5896 -0.0924 0.3937, -0.5679 -0.1825 0.3937, -0.5325 -0.2681 0.3937, -0.4841 -0.3471 0.3937, -0.4239 -0.4176 0.3937, -0.3534 0.4778 0.3937, -0.4239 0.4176 0.3937, -0.4841 0.3471 0.3937, -0.5325 0.2681 0.3937, -0.5679 0.1825 0.3937, -0.5896 0.0924 0.3937, -0.6584 0.0408 0.0, -0.6638 0.0 0.0, 0.612 -0.1039 0.0, 0.6344 -0.0707 0.0, -0.3699 0.0787 0.0, -0.4276 0.1364 0.0, -0.3949 0.1114 0.0, -0.4655 0.1521 0.0, -0.5063 0.1575 0.0, 0.3671 -0.0937 0.0, 0.3948 -0.1226 0.0, -0.3542 -0.0408 0.0, 0.4289 -0.1435 0.0, 0.4672 -0.1552 0.0, 0.6344 0.0707 0.0, 0.612 0.1039 0.0, -0.6584 -0.0408 0.0, -0.6427 -0.0787 0.0, -0.6177 -0.1114 0.0, -0.585 -0.1364 0.0, -0.5471 -0.1521 0.0, -0.5063 -0.1575 0.0, 0.582 -0.1304 0.0, 0.4672 0.1552 0.0, 0.4289 0.1435 0.0, -0.3542 0.0408 0.0, 0.3948 0.1226 0.0, 0.3671 0.0937 0.0, -0.6427 0.0787 0.0, -0.6177 0.1114 0.0, -0.585 0.1364 0.0, -0.5471 0.1521 0.0, -0.4655 -0.1521 0.0, -0.4276 -0.1364 0.0, -0.3949 -0.1114 0.0, -0.3699 -0.0787 0.0, 0.3476 0.0587 0.0, 0.3375 0.02 0.0, -0.3488 -0.0 0.0, 0.3375 -0.02 0.0, 0.3476 -0.0587 0.0, 0.5072 0.1569 0.0, 0.5463 0.1484 0.0, 0.582 0.1304 0.0, 0.5072 -0.1569 0.0, 0.5463 -0.1484 0.0, 0.2618 0.5262 0.664, 0.2618 0.5262 0.664, 0.2623 0.5259 0.7272, 0.1928 0.556 0.816, 0.1762 0.5616 0.8139, 0.1762 0.5616 0.9252, 0.0951 0.5818 0.7559, 0.0881 0.583 0.7414, 0.0861 0.5832 0.7403, -0.1635 0.5693 0.7725, -0.1635 0.5693 0.7597, -0.1888 0.5616 0.7597, -0.1635 0.5693 0.737, -0.1635 0.5693 0.7236, -0.1888 0.5615 0.7236, -0.0939 0.584 0.7364, -0.0974 0.5835 0.7307, -0.0987 0.5833 0.7297, -0.169 0.5677 0.5873, -0.1669 0.5683 0.5869, -0.1887 0.5617 0.5613, -0.1647 0.5689 0.5864, -0.1595 0.5703 0.5861, -0.1526 0.5721 0.5868, -0.1511 0.5725 0.587, -0.1312 0.5772 0.5874, -0.1304 0.5774 0.6288, -0.1445 0.5742 0.5998, -0.1283 0.5778 0.6362, -0.128 0.5779 0.6373, -0.147 0.5735 0.5885, -0.1445 0.5742 0.5894, -0.1312 0.5772 0.6242, -0.1305 0.5773 0.6281, -0.1214 0.5792 0.5874, -0.1888 0.5616 0.5613, -0.1214 0.5792 0.5962, -0.117 0.5801 0.5911, -0.1131 0.5808 0.5884, -0.1104 0.5813 0.5873, -0.1166 0.5802 0.5907, -0.1148 0.5805 0.5893, -0.1141 0.5806 0.5887, -0.1095 0.5815 0.5872, -0.1039 0.5824 0.5861, -0.0992 0.5832 0.5866, -0.1811 0.5641 0.5989, -0.181 0.5641 0.598, -0.1888 0.5616 0.5702, -0.1806 0.5642 0.597, -0.1803 0.5643 0.596, -0.18 0.5644 0.5956, -0.1791 0.5647 0.5942, -0.179 0.5647 0.5942, -0.1887 0.5617 0.5702, -0.1756 0.5658 0.5906, -0.1699 0.5674 0.5877, -0.1325 0.5769 0.7943, -0.1379 0.5757 0.7926, -0.1534 0.5719 0.7945, -0.0903 0.5845 0.7841, -0.0987 0.5833 0.7902, -0.0987 0.5833 0.9252, -0.099 0.5832 0.7904, -0.1009 0.5829 0.7918, -0.1035 0.5825 0.7928, -0.1064 0.582 0.7939, -0.1093 0.5815 0.7943, -0.1193 0.5796 0.7959, -0.1287 0.5777 0.7947, -0.1535 0.5719 0.7545, -0.1304 0.5774 0.7849, -0.1304 0.5773 0.7245, -0.1379 0.5757 0.7277, -0.1379 0.5757 0.7818, -0.1289 0.5777 0.7855, -0.1259 0.5783 0.7858, -0.1194 0.5796 0.7865, -0.1112 0.5811 0.7854, -0.1104 0.5813 0.7853, -0.1077 0.5818 0.7843, -0.1041 0.5824 0.7256, -0.1065 0.582 0.7245, -0.104 0.5824 0.782, -0.1077 0.5818 0.7239, -0.1103 0.5813 0.7235, -0.1177 0.58 0.7223, -0.1262 0.5782 0.7232, -0.1065 0.582 0.7838, -0.128 0.5779 0.7234, -0.152 0.5723 0.6161, -0.1529 0.5721 0.6157, -0.15 0.5728 0.5966, -0.1593 0.5704 0.6125, -0.1512 0.5725 0.596, -0.1528 0.5721 0.5955, -0.1553 0.5714 0.5949, -0.1578 0.5708 0.5946, -0.1605 0.5701 0.5942, -0.1646 0.5689 0.5946, -0.1659 0.5686 0.5947, -0.1661 0.5685 0.5947, -0.1672 0.5682 0.5951, -0.1675 0.5681 0.5952, -0.168 0.568 0.5955, -0.1682 0.5679 0.5956, -0.1687 0.5678 0.5961, -0.1692 0.5676 0.5966, -0.1693 0.5676 0.5969, -0.1703 0.5673 0.5986, -0.1719 0.5669 0.602, -0.1716 0.567 0.6042, -0.1709 0.5671 0.5997, -0.1715 0.567 0.6043, -0.1713 0.567 0.6051, -0.1694 0.5676 0.6074, -0.1704 0.5673 0.6063, -0.1708 0.5672 0.6057, -0.1476 0.5734 0.6381, -0.1508 0.5726 0.6414, -0.0987 0.5833 0.7171, -0.1264 0.5782 0.6401, -0.1269 0.5781 0.6392, -0.1453 0.574 0.6239, -0.1457 0.5739 0.6231, -0.1473 0.5735 0.6201, -0.1451 0.574 0.6246, -0.1249 0.5785 0.6417, -0.1261 0.5783 0.6405, -0.1448 0.5741 0.6262, -0.1447 0.5741 0.627, -0.1445 0.5741 0.6292, -0.1452 0.574 0.6332, -0.1229 0.5789 0.643, -0.1247 0.5786 0.6418, -0.1453 0.574 0.6341, -0.1457 0.5739 0.6351, -0.1227 0.579 0.6431, -0.1461 0.5738 0.6361, -0.1204 0.5794 0.644, -0.0991 0.5832 0.644, -0.1003 0.583 0.6446, -0.1032 0.5825 0.645, -0.1092 0.5815 0.6458, -0.111 0.5812 0.6459, -0.1181 0.5799 0.6447, -0.119 0.5797 0.6445, -0.1464 0.5737 0.6365, -0.1473 0.5735 0.6378, -0.1562 0.5712 0.6441, -0.1572 0.571 0.6447, -0.159 0.5705 0.645, -0.1612 0.5699 0.6455, -0.1661 0.5685 0.6459, -0.1727 0.5666 0.6451, -0.1747 0.566 0.6448, -0.1791 0.5647 0.6434, -0.1867 0.5623 0.6446, -0.1791 0.5647 0.6336, -0.1888 0.5616 0.6391, -0.1887 0.5615 0.7144, -0.1535 0.5719 0.7144, -0.1888 0.5616 0.6446, -0.1041 0.5824 0.7148, -0.1016 0.5828 0.7158, -0.0992 0.5832 0.7168, -0.1274 0.578 0.714, -0.1271 0.5781 0.7139, -0.1162 0.5802 0.7131, -0.1061 0.582 0.7145, -0.1379 0.5757 0.7178, -0.1741 0.5662 0.616, -0.1785 0.5649 0.6124, -0.1727 0.5666 0.6167, -0.1548 0.5716 0.6313, -0.1546 0.5716 0.6301, -0.1548 0.5716 0.6283, -0.1741 0.5662 0.6361, -0.1729 0.5666 0.6367, -0.1711 0.5671 0.637, -0.1618 0.5697 0.6373, -0.1613 0.5698 0.6372, -0.1603 0.5701 0.6367, -0.1588 0.5705 0.6361, -0.1652 0.5688 0.6378, -0.1681 0.5679 0.6375, -0.1575 0.5709 0.6356, -0.1559 0.5713 0.6341, -0.1558 0.5713 0.634, -0.1554 0.5714 0.6334, -0.1554 0.5714 0.6333, -0.1551 0.5715 0.6326, -0.155 0.5715 0.6323, -0.1548 0.5716 0.6278, -0.155 0.5715 0.6274, -0.1551 0.5715 0.627, -0.1553 0.5715 0.6268, -0.156 0.5713 0.6257, -0.1567 0.5711 0.6247, -0.1661 0.5685 0.6198, -0.1803 0.5643 0.6096, -0.1808 0.5642 0.6087, -0.1809 0.5641 0.6081, -0.1813 0.564 0.6067, -0.1814 0.564 0.6064, -0.1818 0.5639 0.603, -0.0906 0.5845 0.7447, -0.0907 0.5845 0.7435, -0.0916 0.5844 0.7412, -0.0931 0.5841 0.7701, -0.0925 0.5842 0.7691, -0.0917 0.5844 0.7666, -0.0909 0.5845 0.7642, -0.0905 0.5845 0.7614, -0.0896 0.5846 0.7536, -0.0927 0.5842 0.7383, -0.0987 0.5833 0.7782, -0.0979 0.5834 0.7776, -0.1035 0.5825 0.726, -0.0438 0.5894 0.61, -0.0438 0.5894 0.5965, -0.0764 0.5864 0.5965, -0.0955 0.5838 0.6334, -0.0977 0.5834 0.6348, -0.0987 0.5833 0.6352, -0.0746 0.5866 0.6583, -0.0438 0.5894 0.6583, -0.0438 0.5894 0.6326, -0.0915 0.5844 0.6308, -0.0723 0.5868 0.6326, -0.0723 0.5868 0.6235, -0.0438 0.5894 0.6235, -0.0987 0.5833 0.5867, -0.0975 0.5835 0.5868, -0.097 0.5835 0.587, -0.0949 0.5839 0.588, -0.0948 0.5839 0.588, -0.0764 0.5864 0.5874, -0.0908 0.5845 0.5906, -0.0884 0.5848 0.5938, -0.0867 0.585 0.5971, -0.0862 0.5851 0.6011, -0.0875 0.5849 0.5951, -0.0873 0.585 0.5954, -0.0868 0.585 0.5969, -0.086 0.5852 0.6027, -0.0874 0.585 0.6094, -0.0874 0.585 0.6097, -0.0883 0.5848 0.6117, -0.0888 0.5848 0.613, -0.0893 0.5847 0.6137, -0.0905 0.5845 0.6152, -0.0906 0.5845 0.6153, -0.092 0.5843 0.6165, -0.0923 0.5843 0.6168, -0.0945 0.5839 0.6178, -0.0971 0.5835 0.6191, -0.0335 0.5899 0.5874, -0.0335 0.5899 0.6274, -0.0335 0.5899 0.6675, -0.0746 0.5866 0.6675, -0.0915 0.5844 0.6406, -0.0987 0.5833 0.6439, -0.0756 0.5865 0.7144, -0.0976 0.5834 0.7179, -0.089 0.5847 0.724, -0.0756 0.5865 0.7236, -0.0833 0.5855 0.733, -0.0438 0.5894 0.7236, -0.0822 0.5857 0.7348, -0.0814 0.5858 0.7372, -0.0801 0.5859 0.7416, -0.0799 0.5859 0.7432, -0.0438 0.5894 0.759, -0.0806 0.5859 0.7671, -0.0438 0.5894 0.7945, -0.0803 0.5859 0.7647, -0.0788 0.5861 0.753, -0.0817 0.5857 0.7695, -0.0834 0.5855 0.7738, -0.0839 0.5854 0.7744, -0.0335 0.5899 0.7945, -0.0063 0.5906 0.9252, -0.0335 0.5899 0.7545, -0.0335 0.5899 0.7144, -0.1888 0.5616 0.9252, -0.1888 0.5615 0.7945, -0.2744 0.5262 0.9252, -0.193 0.5603 0.7945, -0.193 0.5603 0.7853, -0.1909 0.561 0.7597, -0.1909 0.561 0.7505, -0.209 0.5547 0.7945, -0.2303 0.5464 0.7945, -0.2411 0.5419 0.793, -0.2432 0.541 0.7927, -0.2454 0.54 0.7917, -0.2497 0.538 0.7897, -0.2519 0.537 0.7882, -0.2581 0.5342 0.7839, -0.2638 0.5314 0.7758, -0.265 0.5309 0.7742, -0.2659 0.5304 0.7718, -0.2669 0.53 0.7695, -0.2671 0.5298 0.7675, -0.2689 0.5289 0.7555, -0.1635 0.5693 0.7505, -0.1888 0.5616 0.7505, -0.1948 0.5597 0.7236, -0.2675 0.5296 0.7445, -0.2744 0.5261 0.7189, -0.2672 0.5298 0.742, -0.2663 0.5302 0.7396, -0.2581 0.5342 0.7257, -0.2729 0.5269 0.7145, -0.2642 0.5312 0.7352, -0.2652 0.5308 0.7367, -0.2493 0.5382 0.7195, -0.2475 0.5391 0.7182, -0.2451 0.5401 0.7174, -0.2407 0.542 0.7159, -0.2391 0.5427 0.7157, -0.2296 0.5467 0.7145, -0.209 0.5547 0.7145, -0.1948 0.5597 0.7144, -0.209 0.5547 0.7545, -0.2743 0.5259 0.5875, -0.2481 0.5388 0.5874, -0.203 0.5568 0.5636, -0.1969 0.5589 0.5613, -0.1948 0.5596 0.5605, -0.21 0.5543 0.5707, -0.2141 0.5528 0.5788, -0.2481 0.5388 0.6275, -0.2382 0.5431 0.6446, -0.2481 0.5388 0.6675, -0.2286 0.5471 0.6446, -0.1974 0.5588 0.6446, -0.214 0.5528 0.6016, -0.2114 0.5538 0.6016, -0.2126 0.5533 0.5969, -0.2088 0.5547 0.5683, -0.2079 0.5551 0.5673, -0.2067 0.5555 0.566, -0.2065 0.5556 0.5658, -0.2038 0.5565 0.5641, -0.1635 0.5693 0.7853, -0.1888 0.5616 0.7853, -0.2998 0.5125 0.7946, -0.3534 0.4778 0.9252, -0.3093 0.5069 0.7946, -0.3351 0.4906 0.7145, -0.2831 0.5217 0.6235, -0.2743 0.526 0.6235, -0.2743 0.526 0.5966, -0.3186 0.5012 0.7364, -0.2898 0.518 0.7364, -0.2831 0.5217 0.7145, -0.2744 0.5262 0.7145, -0.2743 0.5259 0.6675, -0.2851 0.5206 0.6675, -0.3255 0.4968 0.7145, -0.2851 0.5206 0.6583, -0.2999 0.5124 0.6675, -0.3195 0.5006 0.6675, -0.3293 0.4943 0.666, -0.3313 0.4931 0.6657, -0.3333 0.4917 0.6647, -0.3372 0.4891 0.6627, -0.3392 0.4877 0.6612, -0.3448 0.4839 0.657, -0.35 0.4802 0.6488, -0.351 0.4795 0.6473, -0.353 0.4781 0.6406, -0.3527 0.4783 0.6425, -0.3519 0.4788 0.6448, -0.2743 0.526 0.6583, -0.2743 0.526 0.6327, -0.2831 0.5217 0.6327, -0.2867 0.5197 0.5966, -0.3534 0.4778 0.6175, -0.3531 0.478 0.615, -0.3523 0.4786 0.6126, -0.3513 0.4793 0.6097, -0.3504 0.4799 0.6082, -0.3448 0.4839 0.5987, -0.3368 0.4894 0.5925, -0.3351 0.4905 0.5912, -0.333 0.4919 0.5904, -0.329 0.4946 0.5889, -0.2999 0.5124 0.5875, -0.3189 0.5011 0.5875, -0.3274 0.4956 0.5887, -0.2867 0.5197 0.5875, -0.2999 0.5124 0.6275, -0.0987 0.5833 0.6195, -0.1013 0.5828 0.6203, -0.0997 0.5831 0.6357, -0.1047 0.5823 0.6214, -0.1018 0.5828 0.6366, -0.1214 0.5792 0.6238, -0.1206 0.5794 0.6296, -0.1205 0.5794 0.6303, -0.12 0.5795 0.6319, -0.1197 0.5796 0.6325, -0.1195 0.5796 0.6329, -0.1191 0.5797 0.6335, -0.119 0.5797 0.6336, -0.1183 0.5798 0.6343, -0.1181 0.5799 0.6344, -0.1168 0.5801 0.6352, -0.1157 0.5803 0.6358, -0.1133 0.5808 0.6367, -0.11 0.5814 0.6378, -0.1027 0.5826 0.6367, -0.1913 0.5608 0.5696, -0.1926 0.5604 0.5692, -0.1983 0.5585 0.5702, -0.1973 0.5588 0.57, -0.1941 0.5599 0.5691, -0.1989 0.5583 0.5705, -0.1998 0.558 0.571, -0.1999 0.5579 0.5711, -0.2007 0.5576 0.5719, -0.2007 0.5576 0.572, -0.2017 0.5573 0.5735, -0.2031 0.5568 0.5757, -0.2038 0.5565 0.5772, -0.2079 0.5551 0.5875, -0.2575 0.5345 0.6235, -0.2575 0.5345 0.61, -0.2575 0.5345 0.5966, -0.2575 0.5345 0.6583, -0.2575 0.5345 0.6455, -0.2575 0.5345 0.6327, -0.3673 0.4673 0.5875, -0.3582 0.4742 0.5875, -0.3989 0.4411 0.6094, -0.3734 0.4626 0.6094, -0.405 0.4357 0.5875, -0.3534 0.4778 0.618, -0.3546 0.4769 0.6286, -0.3822 0.4555 0.6676, -0.3534 0.4778 0.6375, -0.4239 0.4176 0.9252, -0.3907 0.4484 0.6676, -0.4134 0.4279 0.5876, 0.151 0.5692 0.8068, 0.1449 0.5708 0.8037, 0.0861 0.5833 0.9252, 0.1397 0.5722 0.8011, 0.1183 0.5772 0.7864, 0.1707 0.5634 0.8132, 0.1648 0.5652 0.8116, 0.1547 0.5682 0.8087, 0.1033 0.5803 0.7694, 0.102 0.5805 0.7673, 0.0958 0.5817 0.757, 0.2618 0.5262 0.788, 0.2557 0.5293 0.7938, 0.2618 0.5262 0.9252, 0.2382 0.5376 0.805, 0.2314 0.5406 0.8078, 0.2236 0.5439 0.811, 0.2196 0.5455 0.8117, 0.2022 0.5525 0.8149, 0.3408 0.4778 0.9252, 0.3308 0.4849 0.7554, 0.3282 0.4866 0.7571, 0.3259 0.4882 0.7586, 0.3193 0.4927 0.7628, 0.3163 0.4946 0.7637, 0.2893 0.5112 0.7699, 0.3027 0.5032 0.7676, 0.3049 0.5019 0.7672, 0.2779 0.5177 0.7688, 0.2662 0.5239 0.7838, 0.3559 0.4665 0.6325, 0.3564 0.466 0.6341, 0.3579 0.4649 0.6381, 0.3609 0.4625 0.6464, 0.361 0.4624 0.6471, 0.3642 0.4599 0.6663, 0.3643 0.4598 0.6679, 0.3653 0.459 0.6777, 0.4113 0.4176 0.9252, 0.3633 0.4606 0.6984, 0.3629 0.4609 0.7002, 0.3609 0.4625 0.7081, 0.3597 0.4635 0.7133, 0.3578 0.465 0.7174, 0.3524 0.4692 0.7288, 0.3441 0.4753 0.7426, 0.3408 0.4777 0.7458, 0.2775 0.5179 0.553, 0.2782 0.5175 0.5533, 0.2854 0.5134 0.5566, 0.2877 0.5122 0.5577, 0.2903 0.5107 0.56, 0.2939 0.5085 0.5632, 0.2951 0.5079 0.5648, 0.3014 0.5041 0.5738, 0.3015 0.504 0.574, 0.3017 0.5038 0.5745, 0.3088 0.4994 0.5883, 0.3253 0.4887 0.5959, 0.3342 0.4825 0.6028, 0.3352 0.4818 0.6037, 0.3408 0.4777 0.6096, 0.3464 0.4736 0.6157, 0.3262 0.4881 0.5966, 0.2099 0.5496 0.6065, 0.2146 0.5477 0.586, 0.2152 0.5474 0.5845, 0.2184 0.5461 0.5768, 0.2191 0.5458 0.5749, 0.2219 0.5447 0.571, 0.2244 0.5436 0.5676, 0.225 0.5434 0.567, 0.2306 0.541 0.5624, 0.2308 0.5409 0.5622, 0.2401 0.5367 0.5574, 0.2429 0.5354 0.5559, 0.2618 0.5262 0.5496, 0.2618 0.5262 0.5496, 0.1396 0.5722 0.7597, 0.144 0.5711 0.7628, 0.1762 0.5615 0.6708, 0.1499 0.5695 0.767, 0.1547 0.5681 0.7692, 0.1644 0.5653 0.7737, 0.0861 0.5833 0.7016, 0.0865 0.5832 0.702, 0.1339 0.5737 0.6543, 0.0879 0.583 0.7025, 0.0973 0.5814 0.7065, 0.0989 0.5811 0.7071, 0.1111 0.5788 0.7107, 0.1155 0.5778 0.7107, 0.151 0.5692 0.6845, 0.1241 0.576 0.7359, 0.1263 0.5755 0.7403, 0.131 0.5744 0.7494, 0.1317 0.5742 0.7503, 0.1377 0.5727 0.7574, 0.1519 0.569 0.6006, 0.1532 0.5686 0.6048, 0.1762 0.5616 0.6311, 0.1372 0.5728 0.5872, 0.1044 0.5801 0.5872, 0.099 0.5811 0.5883, 0.1438 0.5711 0.5897, 0.1456 0.5707 0.5904, 0.1465 0.5704 0.5911, 0.1478 0.5701 0.5921, 0.1478 0.5701 0.5921, 0.1487 0.5698 0.5932, 0.1492 0.5697 0.5938, 0.1499 0.5695 0.5953, 0.1512 0.5692 0.5982, 0.1771 0.5614 0.6306, 0.2099 0.5496 0.6122, 0.1423 0.5715 0.6202, 0.1361 0.5731 0.6225, 0.1511 0.5692 0.6119, 0.1507 0.5693 0.6133, 0.1499 0.5695 0.6148, 0.1492 0.5697 0.616, 0.149 0.5698 0.6163, 0.1481 0.57 0.6173, 0.1479 0.5701 0.6174, 0.1463 0.5705 0.6185, 0.1452 0.5708 0.6192, 0.1077 0.5794 0.6219, 0.0928 0.5822 0.6267, 0.0919 0.5823 0.6269, 0.2266 0.5427 0.7728, 0.2272 0.5424 0.7724, 0.2463 0.5338 0.6612, 0.2345 0.5392 0.7676, 0.2364 0.5384 0.7663, 0.2415 0.536 0.7608, 0.245 0.5344 0.7569, 0.2506 0.5317 0.7481, 0.2388 0.5373 0.6579, 0.1761 0.5615 0.7771, 0.2404 0.5365 0.6586, 0.1923 0.5562 0.7818, 0.2454 0.5342 0.6608, 0.2143 0.5478 0.7775, 0.2161 0.5471 0.7768, 0.2336 0.5396 0.6537, 0.2262 0.5428 0.6477, 0.2231 0.5442 0.6447, 0.1725 0.5627 0.776, 0.1811 0.56 0.6681, 0.2527 0.5307 0.7448, 0.2552 0.5295 0.7407, 0.2618 0.5262 0.7282, 0.3009 0.5044 0.6413, 0.3317 0.4842 0.654, 0.3309 0.4848 0.6514, 0.329 0.4861 0.6481, 0.3263 0.4879 0.6436, 0.3252 0.4887 0.6424, 0.3178 0.4937 0.6344, 0.3175 0.4938 0.6342, 0.3084 0.4997 0.6265, 0.3367 0.4807 0.6788, 0.3343 0.4824 0.6626, 0.3341 0.4826 0.6615, 0.3006 0.5045 0.6417, 0.2953 0.5077 0.6488, 0.3316 0.4843 0.6998, 0.2945 0.5082 0.6499, 0.3316 0.4843 0.6999, 0.2907 0.5104 0.6529, 0.3272 0.4874 0.7112, 0.2879 0.512 0.6552, 0.3233 0.49 0.718, 0.3264 0.4879 0.7131, 0.3158 0.495 0.7258, 0.3197 0.4924 0.7222, 0.322 0.4909 0.7201, 0.2764 0.5185 0.6603, 0.3065 0.5009 0.7307, 0.2847 0.5139 0.6566, 0.3089 0.4994 0.7295, 0.3152 0.4954 0.7261, 0.2744 0.5195 0.6608, 0.2732 0.5202 0.7326, 0.2745 0.5195 0.7333, 0.2813 0.5157 0.7345, 0.2873 0.5124 0.7356, 0.2889 0.5115 0.7358, 0.0871 0.5831 0.6295, 0.0861 0.5833 0.6301, 0.0845 0.5835 0.631, 0.0826 0.5838 0.6327, 0.0793 0.5843 0.6356, 0.0761 0.5848 0.6407, 0.0786 0.5844 0.6918, 0.0699 0.5856 0.6559, 0.0673 0.586 0.6663, 0.0711 0.5855 0.6819, 0.0747 0.585 0.6427, 0.0724 0.5853 0.6491, 0.0714 0.5854 0.6831, 0.0736 0.5851 0.6878, 0.0755 0.5849 0.6919, 0.0763 0.5847 0.6929, 0.0793 0.5843 0.6965, 0.0798 0.5842 0.6972, 0.082 0.5839 0.6987, 0.0673 0.5859 0.7302, 0.0645 0.5863 0.7281, 0.0561 0.5872 0.7218, 0.0543 0.5874 0.7197, 0.0483 0.588 0.7128, 0.0479 0.5881 0.7123, 0.0426 0.5885 0.7022, 0.0416 0.5886 0.7003, 0.0367 0.589 0.6849, 0.0354 0.5891 0.6807, 0.0321 0.5893 0.6668, 0.0343 0.5892 0.6491, 0.0345 0.5891 0.6479, 0.0373 0.5889 0.6395, 0.039 0.5888 0.6347, 0.042 0.5886 0.63, 0.0501 0.5879 0.6169, 0.0531 0.5876 0.6128, 0.067 0.586 0.6009, 0.0673 0.5859 0.6006, 0.0739 0.585 0.5969, 0.0794 0.5843 0.5938, 0.0821 0.5839 0.5931, 0.0861 0.5832 0.592, 0.4715 0.3471 0.9252, 0.5199 0.2681 0.9252, 0.5553 0.1825 0.9252, 0.577 0.0924 0.9252, 0.5842 0.0 0.9252, 0.577 -0.0924 0.9252, 0.5553 -0.1825 0.9252, 0.5199 -0.2681 0.9252, 0.4715 -0.3471 0.9252, 0.4113 -0.4176 0.9252, 0.3408 -0.4778 0.9252, 0.2618 -0.5262 0.9252, 0.1762 -0.5616 0.9252, 0.0861 -0.5833 0.9252, -0.0063 -0.5906 0.9252, -0.0987 -0.5833 0.9252, -0.1888 -0.5616 0.9252, -0.2744 -0.5262 0.9252, -0.3534 -0.4778 0.9252, -0.4239 -0.4176 0.9252, -0.4841 -0.3471 0.9252, -0.5325 -0.2681 0.9252, -0.5679 -0.1825 0.9252, -0.5896 -0.0924 0.9252, -0.5969 0.0 0.9252, -0.5896 0.0924 0.9252, -0.5679 0.1825 0.9252, -0.5325 0.2681 0.9252, -0.4841 0.3471 0.9252, -0.5896 0.0924 1.4567, -0.5679 0.1825 1.4567, -0.5325 0.2681 1.4567, -0.4841 0.3471 1.4567, -0.4239 0.4176 1.4567, -0.3534 0.4778 1.4567, -0.2744 0.5262 1.4567, -0.1888 0.5616 1.4567, -0.0987 0.5833 1.4567, -0.0063 0.5906 1.4567, 0.0861 0.5833 1.4567, 0.1762 0.5616 1.4567, 0.2618 0.5262 1.4567, 0.3408 0.4778 1.4567, 0.4113 0.4176 1.4567, 0.4715 0.3471 1.4567, 0.5199 0.2681 1.4567, 0.5553 0.1825 1.4567, 0.577 0.0924 1.4567, 0.5842 0.0 1.4567, 0.577 -0.0924 1.4567, 0.5553 -0.1825 1.4567, 0.5199 -0.2681 1.4567, 0.4715 -0.3471 1.4567, 0.4113 -0.4176 1.4567, 0.3408 -0.4778 1.4567, 0.2618 -0.5262 1.4567, 0.1762 -0.5616 1.4567, 0.0861 -0.5833 1.4567, -0.0063 -0.5906 1.4567, -0.0987 -0.5833 1.4567, -0.1888 -0.5616 1.4567, -0.2744 -0.5262 1.4567, -0.3534 -0.4778 1.4567, -0.4239 -0.4176 1.4567, -0.4841 -0.3471 1.4567, -0.5325 -0.2681 1.4567, -0.5679 -0.1825 1.4567, -0.5896 -0.0924 1.4567, -0.5969 -0.0 1.4567, 0.5761 0.0922 1.4567, 0.5694 0.1314 1.4567, 0.5658 0.1306 1.5228, 0.5548 0.1823 1.4567, 0.5511 0.195 1.4567, 0.5476 0.1938 1.5228, 0.5194 0.2678 1.4567, 0.4937 0.3142 1.4567, 0.4906 0.3122 1.5228, 0.4707 0.3466 1.4567, 0.4554 0.3682 1.4567, 0.4525 0.3659 1.5228, 0.3403 0.477 1.4567, 0.3079 0.5 1.4567, 0.3059 0.4969 1.5228, 0.2615 0.5257 1.4567, 0.2499 0.5321 1.4567, 0.2483 0.5287 1.5228, 0.176 0.5611 1.4567, 0.1251 0.5757 1.4567, 0.1243 0.5721 1.5228, 0.0859 0.5824 1.4567, 0.0598 0.5868 1.4567, 0.0594 0.5831 1.5228, -0.0985 0.5824 1.4567, -0.1377 0.5757 1.4567, -0.1369 0.5721 1.5228, -0.1886 0.5611 1.4567, -0.2013 0.5574 1.4567, -0.2001 0.5539 1.5228, -0.2741 0.5257 1.4567, -0.3205 0.5 1.4567, -0.3185 0.4969 1.5228, -0.3529 0.477 1.4567, -0.3745 0.4617 1.4567, -0.3722 0.4588 1.5228, -0.4833 0.3466 1.4567, -0.5063 0.3142 1.4567, -0.5032 0.3122 1.5228, -0.532 0.2678 1.4567, -0.5384 0.2562 1.4567, -0.535 0.2546 1.5228, -0.5674 0.1823 1.4567, -0.582 0.1314 1.4567, -0.5784 0.1306 1.5228, -0.5887 0.0922 1.4567, -0.5931 0.0661 1.4567, -0.5894 0.0657 1.5228, -0.5887 -0.0922 1.4567, -0.582 -0.1314 1.4567, -0.5784 -0.1306 1.5228, -0.5674 -0.1823 1.4567, -0.5637 -0.195 1.4567, -0.5602 -0.1938 1.5228, -0.532 -0.2678 1.4567, -0.5063 -0.3142 1.4567, -0.5032 -0.3122 1.5228, -0.4833 -0.3466 1.4567, -0.468 -0.3682 1.4567, -0.4651 -0.3659 1.5228, -0.3529 -0.477 1.4567, -0.3205 -0.5 1.4567, -0.3185 -0.4969 1.5228, -0.2741 -0.5257 1.4567, -0.2625 -0.5321 1.4567, -0.2609 -0.5287 1.5228, -0.1886 -0.5611 1.4567, -0.1377 -0.5757 1.4567, -0.1369 -0.5721 1.5228, -0.0985 -0.5824 1.4567, -0.0724 -0.5868 1.4567, -0.072 -0.5831 1.5228, 0.0859 -0.5824 1.4567, 0.1251 -0.5757 1.4567, 0.1243 -0.5721 1.5228, 0.176 -0.5611 1.4567, 0.1887 -0.5574 1.4567, 0.1875 -0.5539 1.5228, 0.2615 -0.5257 1.4567, 0.3079 -0.5 1.4567, 0.3059 -0.4969 1.5228, 0.3403 -0.477 1.4567, 0.3619 -0.4617 1.4567, 0.3596 -0.4588 1.5228, 0.4707 -0.3466 1.4567, 0.4937 -0.3142 1.4567, 0.4906 -0.3122 1.5228, 0.5194 -0.2678 1.4567, 0.5258 -0.2562 1.4567, 0.5224 -0.2546 1.5228, 0.0371 -0.124 2.0324, 0.0155 -0.0624 2.0435, 0.0084 -0.0645 2.0435, -0.0063 0.0 2.0472, 0.0224 -0.0596 2.0435, 0.0507 -0.1184 2.0324, 0.0783 -0.1757 2.0141, 0.0289 -0.056 2.0435, 0.0636 -0.1113 2.0324, 0.0975 -0.1652 2.0141, 0.13 -0.217 1.9888, 0.0349 -0.0517 2.0435, 0.0756 -0.1027 2.0324, 0.1153 -0.1525 2.0141, 0.1535 -0.2003 1.9888, 0.1896 -0.2456 1.9567, 0.0405 -0.0468 2.0435, 0.0866 -0.0929 2.0324, 0.1316 -0.1379 2.0141, 0.1749 -0.1812 1.9888, 0.2159 -0.2222 1.9567, 0.2541 -0.2604 1.9184, 0.0454 -0.0412 2.0435, 0.0964 -0.0819 2.0324, 0.1462 -0.1216 2.0141, 0.194 -0.1598 1.9888, 0.2393 -0.1959 1.9567, 0.2816 -0.2296 1.9184, 0.3202 -0.2604 1.8743, 0.0497 -0.0352 2.0435, 0.105 -0.0699 2.0324, 0.1588 -0.1038 2.0141, 0.2107 -0.1363 1.9888, 0.2597 -0.1672 1.9567, 0.3055 -0.1959 1.9184, 0.3473 -0.2222 1.8743, 0.3846 -0.2456 1.8249, 0.0533 -0.0287 2.0435, 0.1121 -0.057 2.0324, 0.1694 -0.0846 2.0141, 0.2246 -0.1112 1.9888, 0.2768 -0.1363 1.9567, 0.3254 -0.1598 1.9184, 0.3699 -0.1812 1.8743, 0.4097 -0.2003 1.8249, 0.4442 -0.217 1.7709, 0.0561 -0.0218 2.0435, 0.1177 -0.0434 2.0324, 0.1778 -0.0644 2.0141, 0.2355 -0.0846 1.9888, 0.2903 -0.1038 1.9567, 0.3412 -0.1216 1.9184, 0.3878 -0.1379 1.8743, 0.4295 -0.1525 1.8249, 0.4657 -0.1652 1.7709, 0.4959 -0.1757 1.7129, 0.0582 -0.0147 2.0435, 0.1218 -0.0292 2.0324, 0.1839 -0.0434 2.0141, 0.2435 -0.057 1.9888, 0.3 -0.0699 1.9567, 0.3527 -0.0819 1.9184, 0.4008 -0.0929 1.8743, 0.4438 -0.1027 1.8249, 0.4812 -0.1113 1.7709, 0.5124 -0.1184 1.7129, 0.5371 -0.124 1.6517, 0.0594 -0.0074 2.0435, 0.1243 -0.0147 2.0324, 0.1875 -0.0218 2.0141, 0.2483 -0.0287 1.9888, 0.3059 -0.0352 1.9567, 0.3596 -0.0412 1.9184, 0.4087 -0.0468 1.8743, 0.4525 -0.0517 1.8249, 0.4906 -0.056 1.7709, 0.5224 -0.0596 1.7129, 0.5476 -0.0624 1.6517, 0.5658 -0.0645 1.5881, 0.0598 0.0 2.0435, 0.1251 0.0 2.0324, 0.1887 0.0 2.0141, 0.2499 0.0 1.9888, 0.3079 0.0 1.9567, 0.3619 0.0 1.9184, 0.4113 0.0 1.8743, 0.4554 0.0 1.8249, 0.4937 0.0 1.7709, 0.5258 0.0 1.7129, 0.5511 0.0 1.6517, 0.5694 0.0 1.5881, 0.5805 0.0 1.5228, 0.555 -0.1281 1.5881, 0.5658 -0.1306 1.5228, 0.5768 -0.0657 1.5228, 0.5548 -0.1823 1.4567, 0.5694 -0.1314 1.4567, 0.5761 -0.0922 1.4567, 0.5805 -0.0661 1.4567, 0.5511 -0.195 1.4567, 0.5476 -0.1938 1.5228, 0.5371 -0.1902 1.5881, 0.5198 -0.1841 1.6517, 0.5124 -0.2498 1.5881, 0.4959 -0.2419 1.6517, 0.4731 -0.2309 1.7129, 0.4812 -0.3063 1.5881, 0.4657 -0.2966 1.6517, 0.4442 -0.2831 1.7129, 0.4171 -0.266 1.7709, 0.4554 -0.3682 1.4567, 0.4525 -0.3659 1.5228, 0.4438 -0.359 1.5881, 0.4295 -0.3475 1.6517, 0.4097 -0.3317 1.7129, 0.3846 -0.3118 1.7709, 0.3547 -0.2879 1.8249, 0.4087 -0.415 1.5228, 0.4008 -0.4071 1.5881, 0.3878 -0.3941 1.6517, 0.3699 -0.3762 1.7129, 0.3473 -0.3536 1.7709, 0.3202 -0.3265 1.8249, 0.289 -0.2953 1.8743, 0.3527 -0.4501 1.5881, 0.3412 -0.4358 1.6517, 0.3254 -0.416 1.7129, 0.3055 -0.3909 1.7709, 0.2816 -0.361 1.8249, 0.2541 -0.3265 1.8743, 0.2233 -0.2879 1.9184, 0.3 -0.4875 1.5881, 0.2903 -0.472 1.6517, 0.2768 -0.4505 1.7129, 0.2597 -0.4234 1.7709, 0.2393 -0.3909 1.8249, 0.2159 -0.3536 1.8743, 0.1896 -0.3118 1.9184, 0.1609 -0.266 1.9567, 0.2499 -0.5321 1.4567, 0.2483 -0.5287 1.5228, 0.2435 -0.5187 1.5881, 0.2355 -0.5022 1.6517, 0.2246 -0.4794 1.7129, 0.2107 -0.4505 1.7709, 0.194 -0.416 1.8249, 0.1749 -0.3762 1.8743, 0.1535 -0.3317 1.9184, 0.13 -0.2831 1.9567, 0.1049 -0.2309 1.9888, 0.1839 -0.5434 1.5881, 0.1778 -0.5261 1.6517, 0.1694 -0.5022 1.7129, 0.1588 -0.472 1.7709, 0.1462 -0.4358 1.8249, 0.1316 -0.3941 1.8743, 0.1153 -0.3475 1.9184, 0.0975 -0.2966 1.9567, 0.0783 -0.2419 1.9888, 0.0581 -0.1841 2.0141, 0.1218 -0.5613 1.5881, 0.1177 -0.5434 1.6517, 0.1121 -0.5187 1.7129, 0.105 -0.4875 1.7709, 0.0964 -0.4501 1.8249, 0.0866 -0.4071 1.8743, 0.0756 -0.359 1.9184, 0.0636 -0.3063 1.9567, 0.0507 -0.2498 1.9888, 0.0371 -0.1902 2.0141, 0.0229 -0.1281 2.0324, 0.0598 -0.5868 1.4567, 0.0594 -0.5831 1.5228, 0.0582 -0.5721 1.5881, 0.0561 -0.5539 1.6517, 0.0533 -0.5287 1.7129, 0.0497 -0.4969 1.7709, 0.0454 -0.4588 1.8249, 0.0405 -0.415 1.8743, 0.0349 -0.3659 1.9184, 0.0289 -0.3122 1.9567, 0.0224 -0.2546 1.9888, 0.0155 -0.1938 2.0141, 0.0084 -0.1306 2.0324, 0.0011 -0.0657 2.0435, -0.0063 -0.0661 2.0435, -0.0063 -0.1314 2.0324, -0.0063 -0.195 2.0141, -0.0063 -0.2562 1.9888, -0.0063 -0.3142 1.9567, -0.0063 -0.3682 1.9184, -0.0063 -0.4176 1.8743, -0.0063 -0.4617 1.8249, -0.0063 -0.5 1.7709, -0.0063 -0.5321 1.7129, -0.0063 -0.5574 1.6517, -0.0063 -0.5757 1.5881, -0.0063 -0.5868 1.5228, -0.0708 -0.5721 1.5881, -0.0687 -0.5539 1.6517, -0.0659 -0.5287 1.7129, -0.0623 -0.4969 1.7709, -0.058 -0.4588 1.8249, -0.0531 -0.415 1.8743, -0.0475 -0.3659 1.9184, -0.0415 -0.3122 1.9567, -0.035 -0.2546 1.9888, -0.0281 -0.1938 2.0141, -0.021 -0.1306 2.0324, -0.0137 -0.0657 2.0435, -0.1344 -0.5613 1.5881, -0.1303 -0.5434 1.6517, -0.1247 -0.5187 1.7129, -0.1176 -0.4875 1.7709, -0.109 -0.4501 1.8249, -0.0992 -0.4071 1.8743, -0.0882 -0.359 1.9184, -0.0762 -0.3063 1.9567, -0.0633 -0.2498 1.9888, -0.0497 -0.1902 2.0141, -0.0355 -0.1281 2.0324, -0.021 -0.0645 2.0435, -0.2013 -0.5574 1.4567, -0.2001 -0.5539 1.5228, -0.1965 -0.5434 1.5881, -0.1904 -0.5261 1.6517, -0.182 -0.5022 1.7129, -0.1715 -0.472 1.7709, -0.1588 -0.4358 1.8249, -0.1442 -0.3941 1.8743, -0.1279 -0.3475 1.9184, -0.1101 -0.2966 1.9567, -0.0909 -0.2419 1.9888, -0.0707 -0.1841 2.0141, -0.0497 -0.124 2.0324, -0.0281 -0.0624 2.0435, -0.2561 -0.5187 1.5881, -0.2482 -0.5022 1.6517, -0.2372 -0.4794 1.7129, -0.2233 -0.4505 1.7709, -0.2066 -0.416 1.8249, -0.1875 -0.3762 1.8743, -0.1661 -0.3317 1.9184, -0.1426 -0.2831 1.9567, -0.1175 -0.2309 1.9888, -0.0909 -0.1757 2.0141, -0.0633 -0.1184 2.0324, -0.035 -0.0596 2.0435, -0.3126 -0.4875 1.5881, -0.3029 -0.472 1.6517, -0.2894 -0.4505 1.7129, -0.2723 -0.4234 1.7709, -0.2519 -0.3909 1.8249, -0.2285 -0.3536 1.8743, -0.2022 -0.3118 1.9184, -0.1735 -0.266 1.9567, -0.1426 -0.217 1.9888, -0.1101 -0.1652 2.0141, -0.0762 -0.1113 2.0324, -0.0415 -0.056 2.0435, -0.3745 -0.4617 1.4567, -0.3722 -0.4588 1.5228, -0.3653 -0.4501 1.5881, -0.3538 -0.4358 1.6517, -0.338 -0.416 1.7129, -0.3181 -0.3909 1.7709, -0.2942 -0.361 1.8249, -0.2667 -0.3265 1.8743, -0.2359 -0.2879 1.9184, -0.2022 -0.2456 1.9567, -0.1661 -0.2003 1.9888, -0.1279 -0.1525 2.0141, -0.0882 -0.1027 2.0324, -0.0475 -0.0517 2.0435, -0.4213 -0.415 1.5228, -0.4134 -0.4071 1.5881, -0.4005 -0.3941 1.6517, -0.3825 -0.3762 1.7129, -0.3599 -0.3536 1.7709, -0.3328 -0.3265 1.8249, -0.3016 -0.2953 1.8743, -0.2667 -0.2604 1.9184, -0.2285 -0.2222 1.9567, -0.1875 -0.1812 1.9888, -0.1442 -0.1379 2.0141, -0.0992 -0.0929 2.0324, -0.0531 -0.0468 2.0435, -0.4564 -0.359 1.5881, -0.4421 -0.3475 1.6517, -0.4223 -0.3317 1.7129, -0.3972 -0.3118 1.7709, -0.3673 -0.2879 1.8249, -0.3328 -0.2604 1.8743, -0.2942 -0.2296 1.9184, -0.2519 -0.1959 1.9567, -0.2066 -0.1598 1.9888, -0.1588 -0.1216 2.0141, -0.109 -0.0819 2.0324, -0.058 -0.0412 2.0435, -0.4938 -0.3063 1.5881, -0.4783 -0.2966 1.6517, -0.4568 -0.2831 1.7129, -0.4297 -0.266 1.7709, -0.3972 -0.2456 1.8249, -0.3599 -0.2222 1.8743, -0.3181 -0.1959 1.9184, -0.2723 -0.1672 1.9567, -0.2233 -0.1363 1.9888, -0.1715 -0.1038 2.0141, -0.1176 -0.0699 2.0324, -0.0623 -0.0352 2.0435, -0.5384 -0.2562 1.4567, -0.535 -0.2546 1.5228, -0.525 -0.2498 1.5881, -0.5085 -0.2419 1.6517, -0.4857 -0.2309 1.7129, -0.4568 -0.217 1.7709, -0.4223 -0.2003 1.8249, -0.3825 -0.1812 1.8743, -0.338 -0.1598 1.9184, -0.2894 -0.1363 1.9567, -0.2372 -0.1112 1.9888, -0.182 -0.0846 2.0141, -0.1247 -0.057 2.0324, -0.0659 -0.0287 2.0435, -0.5497 -0.1902 1.5881, -0.5324 -0.1841 1.6517, -0.5085 -0.1757 1.7129, -0.4783 -0.1652 1.7709, -0.4421 -0.1525 1.8249, -0.4005 -0.1379 1.8743, -0.3538 -0.1216 1.9184, -0.3029 -0.1038 1.9567, -0.2482 -0.0846 1.9888, -0.1904 -0.0644 2.0141, -0.1303 -0.0434 2.0324, -0.0687 -0.0218 2.0435, -0.5676 -0.1281 1.5881, -0.5497 -0.124 1.6517, -0.525 -0.1184 1.7129, -0.4938 -0.1113 1.7709, -0.4564 -0.1027 1.8249, -0.4134 -0.0929 1.8743, -0.3653 -0.0819 1.9184, -0.3126 -0.0699 1.9567, -0.2561 -0.057 1.9888, -0.1965 -0.0434 2.0141, -0.1344 -0.0292 2.0324, -0.0708 -0.0147 2.0435, -0.5931 -0.0661 1.4567, -0.5894 -0.0657 1.5228, -0.5784 -0.0645 1.5881, -0.5602 -0.0624 1.6517, -0.535 -0.0596 1.7129, -0.5032 -0.056 1.7709, -0.4651 -0.0517 1.8249, -0.4213 -0.0468 1.8743, -0.3722 -0.0412 1.9184, -0.3185 -0.0352 1.9567, -0.2609 -0.0287 1.9888, -0.2001 -0.0218 2.0141, -0.1369 -0.0147 2.0324, -0.072 -0.0074 2.0435, -0.5931 0.0 1.5228, -0.582 0.0 1.5881, -0.5637 0.0 1.6517, -0.5384 0.0 1.7129, -0.5063 0.0 1.7709, -0.468 0.0 1.8249, -0.4239 0.0 1.8743, -0.3745 0.0 1.9184, -0.3205 0.0 1.9567, -0.2625 0.0 1.9888, -0.2013 0.0 2.0141, -0.1377 0.0 2.0324, -0.0724 0.0 2.0435, -0.5784 0.0645 1.5881, -0.5602 0.0624 1.6517, -0.535 0.0596 1.7129, -0.5032 0.056 1.7709, -0.4651 0.0517 1.8249, -0.4213 0.0468 1.8743, -0.3722 0.0412 1.9184, -0.3185 0.0352 1.9567, -0.2609 0.0287 1.9888, -0.2001 0.0218 2.0141, -0.1369 0.0147 2.0324, -0.072 0.0074 2.0435, -0.5676 0.1281 1.5881, -0.5497 0.124 1.6517, -0.525 0.1184 1.7129, -0.4938 0.1113 1.7709, -0.4564 0.1027 1.8249, -0.4134 0.0929 1.8743, -0.3653 0.0819 1.9184, -0.3126 0.0699 1.9567, -0.2561 0.057 1.9888, -0.1965 0.0434 2.0141, -0.1344 0.0292 2.0324, -0.0708 0.0147 2.0435, -0.5637 0.195 1.4567, -0.5602 0.1938 1.5228, -0.5497 0.1902 1.5881, -0.5324 0.1841 1.6517, -0.5085 0.1757 1.7129, -0.4783 0.1652 1.7709, -0.4421 0.1525 1.8249, -0.4005 0.1379 1.8743, -0.3538 0.1216 1.9184, -0.3029 0.1038 1.9567, -0.2482 0.0846 1.9888, -0.1904 0.0644 2.0141, -0.1303 0.0434 2.0324, -0.0687 0.0218 2.0435, -0.525 0.2498 1.5881, -0.5085 0.2419 1.6517, -0.4857 0.2309 1.7129, -0.4568 0.217 1.7709, -0.4223 0.2003 1.8249, -0.3825 0.1812 1.8743, -0.338 0.1598 1.9184, -0.2894 0.1363 1.9567, -0.2372 0.1112 1.9888, -0.182 0.0846 2.0141, -0.1247 0.057 2.0324, -0.0659 0.0287 2.0435, -0.4938 0.3063 1.5881, -0.4783 0.2966 1.6517, -0.4568 0.2831 1.7129, -0.4297 0.266 1.7709, -0.3972 0.2456 1.8249, -0.3599 0.2222 1.8743, -0.3181 0.1959 1.9184, -0.2723 0.1672 1.9567, -0.2233 0.1363 1.9888, -0.1715 0.1038 2.0141, -0.1176 0.0699 2.0324, -0.0623 0.0352 2.0435, -0.468 0.3682 1.4567, -0.4651 0.3659 1.5228, -0.4564 0.359 1.5881, -0.4421 0.3475 1.6517, -0.4223 0.3317 1.7129, -0.3972 0.3118 1.7709, -0.3673 0.2879 1.8249, -0.3328 0.2604 1.8743, -0.2942 0.2296 1.9184, -0.2519 0.1959 1.9567, -0.2066 0.1598 1.9888, -0.1588 0.1216 2.0141, -0.109 0.0819 2.0324, -0.058 0.0412 2.0435, -0.4213 0.415 1.5228, -0.4134 0.4071 1.5881, -0.4005 0.3941 1.6517, -0.3825 0.3762 1.7129, -0.3599 0.3536 1.7709, -0.3328 0.3265 1.8249, -0.3016 0.2953 1.8743, -0.2667 0.2604 1.9184, -0.2285 0.2222 1.9567, -0.1875 0.1812 1.9888, -0.1442 0.1379 2.0141, -0.0992 0.0929 2.0324, -0.0531 0.0468 2.0435, -0.3653 0.4501 1.5881, -0.3538 0.4358 1.6517, -0.338 0.416 1.7129, -0.3181 0.3909 1.7709, -0.2942 0.361 1.8249, -0.2667 0.3265 1.8743, -0.2359 0.2879 1.9184, -0.2022 0.2456 1.9567, -0.1661 0.2003 1.9888, -0.1279 0.1525 2.0141, -0.0882 0.1027 2.0324, -0.0475 0.0517 2.0435, -0.3126 0.4875 1.5881, -0.3029 0.472 1.6517, -0.2894 0.4505 1.7129, -0.2723 0.4234 1.7709, -0.2519 0.3909 1.8249, -0.2285 0.3536 1.8743, -0.2022 0.3118 1.9184, -0.1735 0.266 1.9567, -0.1426 0.217 1.9888, -0.1101 0.1652 2.0141, -0.0762 0.1113 2.0324, -0.0415 0.056 2.0435, -0.2625 0.5321 1.4567, -0.2609 0.5287 1.5228, -0.2561 0.5187 1.5881, -0.2482 0.5022 1.6517, -0.2372 0.4794 1.7129, -0.2233 0.4505 1.7709, -0.2066 0.416 1.8249, -0.1875 0.3762 1.8743, -0.1661 0.3317 1.9184, -0.1426 0.2831 1.9567, -0.1175 0.2309 1.9888, -0.0909 0.1757 2.0141, -0.0633 0.1184 2.0324, -0.035 0.0596 2.0435, -0.1965 0.5434 1.5881, -0.1904 0.5261 1.6517, -0.182 0.5022 1.7129, -0.1715 0.472 1.7709, -0.1588 0.4358 1.8249, -0.1442 0.3941 1.8743, -0.1279 0.3475 1.9184, -0.1101 0.2966 1.9567, -0.0909 0.2419 1.9888, -0.0707 0.1841 2.0141, -0.0497 0.124 2.0324, -0.0281 0.0624 2.0435, -0.1344 0.5613 1.5881, -0.1303 0.5434 1.6517, -0.1247 0.5187 1.7129, -0.1176 0.4875 1.7709, -0.109 0.4501 1.8249, -0.0992 0.4071 1.8743, -0.0882 0.359 1.9184, -0.0762 0.3063 1.9567, -0.0633 0.2498 1.9888, -0.0497 0.1902 2.0141, -0.0355 0.1281 2.0324, -0.021 0.0645 2.0435, -0.0724 0.5868 1.4567, -0.072 0.5831 1.5228, -0.0708 0.5721 1.5881, -0.0687 0.5539 1.6517, -0.0659 0.5287 1.7129, -0.0623 0.4969 1.7709, -0.058 0.4588 1.8249, -0.0531 0.415 1.8743, -0.0475 0.3659 1.9184, -0.0415 0.3122 1.9567, -0.035 0.2546 1.9888, -0.0281 0.1938 2.0141, -0.021 0.1306 2.0324, -0.0137 0.0657 2.0435, -0.0063 0.5868 1.5228, -0.0063 0.5757 1.5881, -0.0063 0.5574 1.6517, -0.0063 0.5321 1.7129, -0.0063 0.5 1.7709, -0.0063 0.4617 1.8249, -0.0063 0.4176 1.8743, -0.0063 0.3682 1.9184, -0.0063 0.3142 1.9567, -0.0063 0.2562 1.9888, -0.0063 0.195 2.0141, -0.0063 0.1314 2.0324, -0.0063 0.0661 2.0435, 0.0582 0.5721 1.5881, 0.0561 0.5539 1.6517, 0.0533 0.5287 1.7129, 0.0497 0.4969 1.7709, 0.0454 0.4588 1.8249, 0.0405 0.415 1.8743, 0.0349 0.3659 1.9184, 0.0289 0.3122 1.9567, 0.0224 0.2546 1.9888, 0.0155 0.1938 2.0141, 0.0084 0.1306 2.0324, 0.0011 0.0657 2.0435, 0.1218 0.5613 1.5881, 0.1177 0.5434 1.6517, 0.1121 0.5187 1.7129, 0.105 0.4875 1.7709, 0.0964 0.4501 1.8249, 0.0866 0.4071 1.8743, 0.0756 0.359 1.9184, 0.0636 0.3063 1.9567, 0.0507 0.2498 1.9888, 0.0371 0.1902 2.0141, 0.0229 0.1281 2.0324, 0.0084 0.0645 2.0435, 0.1887 0.5574 1.4567, 0.1875 0.5539 1.5228, 0.1839 0.5434 1.5881, 0.1778 0.5261 1.6517, 0.1694 0.5022 1.7129, 0.1588 0.472 1.7709, 0.1462 0.4358 1.8249, 0.1316 0.3941 1.8743, 0.1153 0.3475 1.9184, 0.0975 0.2966 1.9567, 0.0783 0.2419 1.9888, 0.0581 0.1841 2.0141, 0.0371 0.124 2.0324, 0.0155 0.0624 2.0435, 0.2435 0.5187 1.5881, 0.2355 0.5022 1.6517, 0.2246 0.4794 1.7129, 0.2107 0.4505 1.7709, 0.194 0.416 1.8249, 0.1749 0.3762 1.8743, 0.1535 0.3317 1.9184, 0.13 0.2831 1.9567, 0.1049 0.2309 1.9888, 0.0783 0.1757 2.0141, 0.0507 0.1184 2.0324, 0.0224 0.0596 2.0435, 0.3 0.4875 1.5881, 0.2903 0.472 1.6517, 0.2768 0.4505 1.7129, 0.2597 0.4234 1.7709, 0.2393 0.3909 1.8249, 0.2159 0.3536 1.8743, 0.1896 0.3118 1.9184, 0.1609 0.266 1.9567, 0.13 0.217 1.9888, 0.0975 0.1652 2.0141, 0.0636 0.1113 2.0324, 0.0289 0.056 2.0435, 0.3619 0.4617 1.4567, 0.3596 0.4588 1.5228, 0.3527 0.4501 1.5881, 0.3412 0.4358 1.6517, 0.3254 0.416 1.7129, 0.3055 0.3909 1.7709, 0.2816 0.361 1.8249, 0.2541 0.3265 1.8743, 0.2233 0.2879 1.9184, 0.1896 0.2456 1.9567, 0.1535 0.2003 1.9888, 0.1153 0.1525 2.0141, 0.0756 0.1027 2.0324, 0.0349 0.0517 2.0435, 0.4087 0.415 1.5228, 0.4008 0.4071 1.5881, 0.3878 0.3941 1.6517, 0.3699 0.3762 1.7129, 0.3473 0.3536 1.7709, 0.3202 0.3265 1.8249, 0.289 0.2953 1.8743, 0.2541 0.2604 1.9184, 0.2159 0.2222 1.9567, 0.1749 0.1812 1.9888, 0.1316 0.1379 2.0141, 0.0866 0.0929 2.0324, 0.0405 0.0468 2.0435, 0.4438 0.359 1.5881, 0.4295 0.3475 1.6517, 0.4097 0.3317 1.7129, 0.3846 0.3118 1.7709, 0.3547 0.2879 1.8249, 0.3202 0.2604 1.8743, 0.2816 0.2296 1.9184, 0.2393 0.1959 1.9567, 0.194 0.1598 1.9888, 0.1462 0.1216 2.0141, 0.0964 0.0819 2.0324, 0.0454 0.0412 2.0435, 0.4812 0.3063 1.5881, 0.4657 0.2966 1.6517, 0.4442 0.2831 1.7129, 0.4171 0.266 1.7709, 0.3846 0.2456 1.8249, 0.3473 0.2222 1.8743, 0.3055 0.1959 1.9184, 0.2597 0.1672 1.9567, 0.2107 0.1363 1.9888, 0.1588 0.1038 2.0141, 0.105 0.0699 2.0324, 0.0497 0.0352 2.0435, 0.5258 0.2562 1.4567, 0.5224 0.2546 1.5228, 0.5124 0.2498 1.5881, 0.4959 0.2419 1.6517, 0.4731 0.2309 1.7129, 0.4442 0.217 1.7709, 0.4097 0.2003 1.8249, 0.3699 0.1812 1.8743, 0.3254 0.1598 1.9184, 0.2768 0.1363 1.9567, 0.2246 0.1112 1.9888, 0.1694 0.0846 2.0141, 0.1121 0.057 2.0324, 0.0533 0.0287 2.0435, 0.5371 0.1902 1.5881, 0.5198 0.1841 1.6517, 0.4959 0.1757 1.7129, 0.4657 0.1652 1.7709, 0.4295 0.1525 1.8249, 0.3878 0.1379 1.8743, 0.3412 0.1216 1.9184, 0.2903 0.1038 1.9567, 0.2355 0.0846 1.9888, 0.1778 0.0644 2.0141, 0.1177 0.0434 2.0324, 0.0561 0.0218 2.0435, 0.555 0.1281 1.5881, 0.5371 0.124 1.6517, 0.5124 0.1184 1.7129, 0.4812 0.1113 1.7709, 0.4438 0.1027 1.8249, 0.4008 0.0929 1.8743, 0.3527 0.0819 1.9184, 0.3 0.0699 1.9567, 0.2435 0.057 1.9888, 0.1839 0.0434 2.0141, 0.1218 0.0292 2.0324, 0.0582 0.0147 2.0435, 0.5805 0.0661 1.4567, 0.5768 0.0657 1.5228, 0.5658 0.0645 1.5881, 0.5476 0.0624 1.6517, 0.5224 0.0596 1.7129, 0.4906 0.056 1.7709, 0.4525 0.0517 1.8249, 0.4087 0.0468 1.8743, 0.3596 0.0412 1.9184, 0.3059 0.0352 1.9567, 0.2483 0.0287 1.9888, 0.1875 0.0218 2.0141, 0.1243 0.0147 2.0324, 0.0594 0.0074 2.0435, 0.6344 -0.0489 -0.0834, 0.6344 -0.0474 -0.0846, 0.6344 0.0636 -0.0656, 0.6344 0.068 -0.0564, 0.6344 0.0699 -0.0489, 0.6344 0.0707 -0.0394, 0.6344 -0.0707 -0.0394, 0.6344 -0.0707 -0.0401, 0.6344 0.0393 -0.09, 0.6344 0.0474 -0.0844, 0.6344 -0.0635 -0.0656, 0.6344 -0.0615 -0.0696, 0.6344 -0.0586 -0.0735, 0.6344 -0.069 -0.0527, 0.6344 -0.0674 -0.0578, 0.6344 -0.0446 -0.0867, 0.6344 -0.0374 -0.0906, 0.6344 -0.0315 -0.0938, 0.6344 -0.0253 -0.0961, 0.6344 -0.0153 -0.0983, 0.6344 -0.0098 -0.0995, 0.6344 0.0 -0.1001, 0.6344 0.0153 -0.0986, 0.6344 0.0157 -0.0986, 0.6344 0.0489 -0.0835, 0.6344 0.0584 -0.0738, 0.6344 0.0624 -0.0681, 0.6344 0.0258 -0.096, 0.6344 0.0379 -0.0906
            ]
        }
        coordIndex [
            0,1,2,-1,2,1,3,-1,4,5,0,-1,0,5,1,-1,6,7,4,-1,4,7,5,-1,2,3,6,-1,6,3,7,-1,5,7,1,-1,1,7,3,-1,6,4,2,-1,2,4,0,-1,8,9,10,-1,8,10,11,-1,11,10,12,-1,11,12,13,-1,13,12,14,-1,13,14,15,-1,15,14,16,-1,15,16,17,-1,17,16,18,-1,17,18,19,-1,19,18,20,-1,19,20,21,-1,21,20,22,-1,21,22,23,-1,23,22,24,-1,23,24,25,-1,25,24,26,-1,25,26,27,-1,27,26,28,-1,27,28,29,-1,29,28,30,-1,29,30,31,-1,31,30,32,-1,31,32,33,-1,33,32,34,-1,33,34,35,-1,35,34,36,-1,35,36,37,-1,37,36,38,-1,37,38,39,-1,39,38,40,-1,39,40,41,-1,41,40,42,-1,41,42,43,-1,43,42,44,-1,43,44,45,-1,45,44,46,-1,45,46,47,-1,47,46,48,-1,47,48,49,-1,49,48,50,-1,49,50,51,-1,51,50,52,-1,51,52,53,-1,53,52,54,-1,53,54,55,-1,55,54,56,-1,55,56,57,-1,57,56,58,-1,57,58,59,-1,59,58,60,-1,59,60,61,-1,61,60,62,-1,61,62,63,-1,63,62,64,-1,63,64,65,-1,65,64,66,-1,65,66,67,-1,67,66,68,-1,67,68,69,-1,69,68,70,-1,69,70,71,-1,71,70,72,-1,71,72,73,-1,73,72,74,-1,73,74,75,-1,75,74,76,-1,75,76,77,-1,77,76,78,-1,77,78,79,-1,79,78,80,-1,79,80,81,-1,81,80,82,-1,81,82,83,-1,84,15,85,-1,85,15,17,-1,85,17,86,-1,86,17,19,-1,86,19,87,-1,87,19,21,-1,87,21,88,-1,88,21,23,-1,88,23,89,-1,89,23,25,-1,89,25,90,-1,90,25,27,-1,90,27,91,-1,92,93,8,-1,8,93,94,-1,95,96,83,-1,83,96,97,-1,83,97,81,-1,81,97,98,-1,81,98,79,-1,79,98,99,-1,79,99,77,-1,77,99,100,-1,101,61,102,-1,102,61,63,-1,102,63,103,-1,103,63,65,-1,103,65,104,-1,104,65,67,-1,104,67,105,-1,105,67,69,-1,105,69,106,-1,106,69,71,-1,106,71,107,-1,107,71,73,-1,107,73,100,-1,100,73,75,-1,100,75,77,-1,92,8,108,-1,108,8,11,-1,108,11,84,-1,84,11,13,-1,84,13,15,-1,94,109,8,-1,8,109,110,-1,8,110,83,-1,83,110,111,-1,83,111,95,-1,112,47,113,-1,113,47,49,-1,113,49,114,-1,114,49,51,-1,114,51,115,-1,115,51,53,-1,115,53,116,-1,116,53,55,-1,116,55,117,-1,117,55,57,-1,117,57,101,-1,101,57,59,-1,101,59,61,-1,27,29,91,-1,91,29,31,-1,91,31,118,-1,118,31,33,-1,118,33,119,-1,119,33,35,-1,119,35,120,-1,120,35,37,-1,120,37,121,-1,121,37,39,-1,121,39,122,-1,122,39,41,-1,122,41,123,-1,123,41,43,-1,123,43,112,-1,112,43,45,-1,112,45,47,-1,124,125,44,-1,126,127,82,-1,14,12,128,-1,24,22,129,-1,129,22,20,-1,129,20,130,-1,130,20,18,-1,130,18,128,-1,128,18,16,-1,128,16,14,-1,131,132,32,-1,133,134,135,-1,135,134,136,-1,135,136,137,-1,9,138,139,-1,32,30,131,-1,131,30,28,-1,131,28,129,-1,129,28,26,-1,129,26,24,-1,44,125,46,-1,46,125,140,-1,46,140,48,-1,48,140,141,-1,48,141,50,-1,50,141,142,-1,50,142,52,-1,52,142,143,-1,52,143,54,-1,54,143,144,-1,54,144,56,-1,56,144,145,-1,56,145,58,-1,126,82,146,-1,147,148,149,-1,149,148,150,-1,149,150,151,-1,124,44,152,-1,152,44,42,-1,152,42,153,-1,153,42,40,-1,153,40,154,-1,154,40,38,-1,154,38,155,-1,155,38,36,-1,155,36,132,-1,132,36,34,-1,132,34,32,-1,58,145,60,-1,60,145,156,-1,60,156,62,-1,62,156,64,-1,64,156,157,-1,64,157,66,-1,158,70,157,-1,157,70,68,-1,157,68,66,-1,78,76,159,-1,159,76,74,-1,159,74,158,-1,158,74,72,-1,158,72,70,-1,151,160,149,-1,149,160,161,-1,149,161,162,-1,162,161,163,-1,162,163,135,-1,135,163,164,-1,135,164,133,-1,149,128,147,-1,147,128,12,-1,147,12,165,-1,165,12,10,-1,165,10,166,-1,166,10,9,-1,166,9,167,-1,167,9,139,-1,159,135,78,-1,78,135,137,-1,78,137,80,-1,80,137,168,-1,80,168,82,-1,82,168,169,-1,82,169,146,-1,170,171,172,-1,173,174,175,-1,176,177,178,-1,179,180,181,-1,182,183,184,-1,185,186,187,-1,188,189,190,-1,190,189,191,-1,190,191,192,-1,192,193,190,-1,190,193,194,-1,190,194,195,-1,196,197,198,-1,198,197,199,-1,194,200,195,-1,195,200,201,-1,195,201,202,-1,202,201,197,-1,202,197,203,-1,203,197,196,-1,195,204,190,-1,190,204,89,-1,190,89,205,-1,205,89,90,-1,204,206,207,-1,208,209,89,-1,207,210,204,-1,204,210,211,-1,204,211,89,-1,89,211,212,-1,89,212,208,-1,209,213,89,-1,89,213,214,-1,89,214,215,-1,216,217,218,-1,217,219,218,-1,218,219,220,-1,218,220,221,-1,221,222,218,-1,218,222,223,-1,218,223,224,-1,224,223,225,-1,224,225,190,-1,190,225,226,-1,190,226,188,-1,227,228,229,-1,230,231,232,-1,232,231,233,-1,233,234,232,-1,232,234,235,-1,232,235,236,-1,236,237,232,-1,232,237,238,-1,232,238,239,-1,229,228,240,-1,241,242,243,-1,241,243,244,-1,241,245,242,-1,242,245,246,-1,242,246,247,-1,247,248,242,-1,242,248,249,-1,242,249,250,-1,251,252,253,-1,253,252,254,-1,254,255,253,-1,253,255,256,-1,253,256,257,-1,250,258,242,-1,242,258,253,-1,242,253,259,-1,259,253,257,-1,260,197,261,-1,261,197,262,-1,261,262,263,-1,263,262,264,-1,264,265,263,-1,263,265,266,-1,263,266,267,-1,267,268,263,-1,263,268,269,-1,263,269,270,-1,270,271,263,-1,263,271,272,-1,263,272,273,-1,273,274,263,-1,263,274,275,-1,263,275,276,-1,276,277,263,-1,263,277,278,-1,263,278,279,-1,280,281,282,-1,282,281,283,-1,282,283,279,-1,279,283,284,-1,285,263,286,-1,286,263,279,-1,286,279,287,-1,287,279,284,-1,288,289,290,-1,291,292,293,-1,293,292,199,-1,293,199,294,-1,294,199,197,-1,294,197,295,-1,295,197,260,-1,296,297,293,-1,293,297,298,-1,293,298,291,-1,296,299,297,-1,297,299,300,-1,297,300,301,-1,302,303,301,-1,301,303,304,-1,301,304,297,-1,302,305,303,-1,303,305,306,-1,303,306,307,-1,307,306,308,-1,307,308,309,-1,310,311,290,-1,290,311,312,-1,290,312,313,-1,313,314,290,-1,290,314,315,-1,290,315,316,-1,309,308,316,-1,316,308,317,-1,316,317,290,-1,290,317,318,-1,290,318,288,-1,289,319,290,-1,290,319,320,-1,290,320,321,-1,321,322,290,-1,290,322,323,-1,290,323,324,-1,325,326,327,-1,327,326,328,-1,327,328,329,-1,330,331,332,-1,332,331,327,-1,327,333,334,-1,324,325,290,-1,290,325,327,-1,290,327,335,-1,335,327,334,-1,336,337,331,-1,331,337,338,-1,331,338,327,-1,327,338,339,-1,327,339,333,-1,228,244,240,-1,240,244,243,-1,240,243,331,-1,331,243,340,-1,331,340,336,-1,341,342,328,-1,341,328,343,-1,344,345,346,-1,347,348,349,-1,350,351,352,-1,352,351,353,-1,354,350,355,-1,355,350,352,-1,355,352,349,-1,349,352,353,-1,349,353,347,-1,347,353,356,-1,347,356,357,-1,357,358,347,-1,347,358,359,-1,347,359,328,-1,328,359,360,-1,360,361,328,-1,328,361,362,-1,328,362,344,-1,344,346,328,-1,328,346,363,-1,328,363,364,-1,364,365,328,-1,328,365,366,-1,328,366,367,-1,367,368,328,-1,328,368,369,-1,328,369,343,-1,342,370,328,-1,328,370,371,-1,328,371,372,-1,373,374,218,-1,218,374,375,-1,218,375,216,-1,376,377,378,-1,378,379,380,-1,381,382,383,-1,380,381,378,-1,378,381,383,-1,378,383,376,-1,376,383,384,-1,385,386,378,-1,378,386,387,-1,378,387,379,-1,385,185,386,-1,386,185,187,-1,386,187,253,-1,253,187,388,-1,253,388,251,-1,389,390,391,-1,392,391,393,-1,393,391,394,-1,395,396,397,-1,398,399,400,-1,401,389,400,-1,400,389,391,-1,400,391,398,-1,398,391,392,-1,215,402,89,-1,89,402,403,-1,89,403,404,-1,405,406,407,-1,407,406,408,-1,407,408,409,-1,410,411,391,-1,409,412,407,-1,407,412,413,-1,407,413,391,-1,391,413,414,-1,391,414,410,-1,411,415,391,-1,391,415,416,-1,391,416,417,-1,417,418,391,-1,391,418,419,-1,391,419,394,-1,394,419,420,-1,420,421,394,-1,394,421,422,-1,394,422,423,-1,423,424,394,-1,394,424,425,-1,394,425,426,-1,404,405,89,-1,89,405,407,-1,89,407,88,-1,407,427,88,-1,88,427,428,-1,88,428,429,-1,397,399,395,-1,395,399,398,-1,395,398,430,-1,430,398,431,-1,431,432,430,-1,430,432,433,-1,430,433,429,-1,310,290,432,-1,432,290,434,-1,432,434,433,-1,433,434,435,-1,433,435,436,-1,436,435,437,-1,436,437,438,-1,438,437,439,-1,438,439,440,-1,440,441,438,-1,438,441,442,-1,438,442,443,-1,444,445,446,-1,446,445,443,-1,446,443,447,-1,447,443,442,-1,444,448,445,-1,445,448,449,-1,445,449,450,-1,450,230,445,-1,445,230,232,-1,445,232,451,-1,451,232,452,-1,451,452,453,-1,453,452,454,-1,239,227,232,-1,232,227,229,-1,232,229,455,-1,455,229,456,-1,455,456,457,-1,457,456,458,-1,457,458,459,-1,460,461,462,-1,463,464,457,-1,457,464,465,-1,457,465,466,-1,466,467,457,-1,457,467,468,-1,457,468,469,-1,469,470,457,-1,457,470,471,-1,457,471,472,-1,472,473,457,-1,457,473,474,-1,457,474,475,-1,476,182,477,-1,477,182,184,-1,477,184,461,-1,461,184,478,-1,461,478,462,-1,475,479,480,-1,480,479,481,-1,480,481,482,-1,483,484,485,-1,485,484,480,-1,485,480,486,-1,486,480,482,-1,483,487,484,-1,484,487,488,-1,484,488,332,-1,332,488,489,-1,332,489,490,-1,490,491,332,-1,332,491,492,-1,332,492,493,-1,330,332,494,-1,494,332,493,-1,494,493,478,-1,478,493,495,-1,478,495,462,-1,91,496,497,-1,497,498,91,-1,91,498,499,-1,91,499,90,-1,90,499,500,-1,90,500,205,-1,501,497,502,-1,502,497,503,-1,502,503,504,-1,504,503,505,-1,504,505,506,-1,506,505,507,-1,506,507,508,-1,508,507,509,-1,508,509,510,-1,501,511,497,-1,497,511,512,-1,497,512,513,-1,513,514,497,-1,497,514,515,-1,497,515,498,-1,516,179,517,-1,517,179,181,-1,517,181,459,-1,459,181,460,-1,459,460,457,-1,457,460,462,-1,457,462,463,-1,475,480,457,-1,457,480,518,-1,457,518,519,-1,519,518,520,-1,519,520,521,-1,522,523,524,-1,525,526,527,-1,332,507,484,-1,484,507,505,-1,484,505,528,-1,528,505,529,-1,528,529,527,-1,527,529,530,-1,525,527,531,-1,531,527,530,-1,531,530,521,-1,521,530,532,-1,521,532,533,-1,533,534,521,-1,521,534,535,-1,521,535,536,-1,536,537,521,-1,521,537,538,-1,521,538,539,-1,539,540,521,-1,521,540,541,-1,521,541,542,-1,543,519,544,-1,544,519,521,-1,544,521,545,-1,545,521,542,-1,546,547,532,-1,532,547,548,-1,532,548,533,-1,533,548,522,-1,533,522,549,-1,549,522,524,-1,550,551,118,-1,118,551,552,-1,118,552,553,-1,553,554,118,-1,118,554,555,-1,118,555,556,-1,556,557,118,-1,118,557,558,-1,118,558,559,-1,560,91,561,-1,561,91,118,-1,561,118,562,-1,562,118,559,-1,496,91,563,-1,563,91,560,-1,563,560,549,-1,549,560,564,-1,549,564,533,-1,426,565,394,-1,394,565,566,-1,394,566,567,-1,567,566,568,-1,567,568,569,-1,570,571,568,-1,568,571,572,-1,568,572,573,-1,573,574,568,-1,568,574,575,-1,568,575,576,-1,576,577,568,-1,568,577,578,-1,568,578,579,-1,579,580,568,-1,568,580,581,-1,568,581,582,-1,582,583,568,-1,568,583,584,-1,568,584,569,-1,372,373,328,-1,328,373,218,-1,328,218,329,-1,329,218,585,-1,329,585,586,-1,587,329,588,-1,588,329,586,-1,588,586,589,-1,587,590,329,-1,329,590,591,-1,329,591,592,-1,592,593,329,-1,329,593,594,-1,329,594,595,-1,595,596,329,-1,329,596,597,-1,329,597,598,-1,523,599,524,-1,524,599,600,-1,524,600,601,-1,546,602,547,-1,547,602,603,-1,547,603,604,-1,605,606,118,-1,607,608,609,-1,609,608,605,-1,609,605,119,-1,119,605,118,-1,550,118,610,-1,610,118,606,-1,610,606,611,-1,611,606,612,-1,611,612,613,-1,543,613,519,-1,519,613,612,-1,519,612,614,-1,614,612,615,-1,614,615,616,-1,617,618,619,-1,619,618,620,-1,619,620,621,-1,174,622,175,-1,175,622,623,-1,175,623,619,-1,619,623,624,-1,619,624,617,-1,621,625,619,-1,619,625,626,-1,619,626,627,-1,628,629,630,-1,630,629,631,-1,630,631,632,-1,632,633,630,-1,630,633,634,-1,630,634,175,-1,175,634,635,-1,175,635,173,-1,636,637,638,-1,638,639,636,-1,636,639,640,-1,636,640,641,-1,642,630,643,-1,643,630,636,-1,643,636,644,-1,644,636,641,-1,642,645,630,-1,630,645,646,-1,630,646,628,-1,647,648,108,-1,108,648,649,-1,108,649,650,-1,650,651,108,-1,108,651,652,-1,108,652,653,-1,653,654,655,-1,655,654,656,-1,655,656,657,-1,657,658,655,-1,655,658,659,-1,655,659,660,-1,660,661,655,-1,655,661,662,-1,655,662,636,-1,636,662,663,-1,636,663,637,-1,664,665,84,-1,84,665,666,-1,666,667,84,-1,84,667,668,-1,84,668,669,-1,669,670,84,-1,84,670,671,-1,84,671,672,-1,673,674,675,-1,673,675,672,-1,676,677,84,-1,84,677,678,-1,84,678,108,-1,108,678,679,-1,108,679,647,-1,672,675,84,-1,84,675,680,-1,84,680,676,-1,681,682,86,-1,86,682,683,-1,86,683,684,-1,684,685,86,-1,86,685,686,-1,86,686,687,-1,687,688,86,-1,86,688,689,-1,86,689,690,-1,690,691,86,-1,86,691,692,-1,86,692,85,-1,85,692,693,-1,85,693,84,-1,84,693,694,-1,84,694,664,-1,695,696,697,-1,696,698,697,-1,697,698,699,-1,697,699,700,-1,701,702,703,-1,702,704,703,-1,703,704,705,-1,703,705,706,-1,706,707,703,-1,703,707,708,-1,703,708,709,-1,709,708,710,-1,709,710,711,-1,711,712,709,-1,709,712,713,-1,709,713,697,-1,697,713,714,-1,697,714,695,-1,715,716,717,-1,718,86,719,-1,719,86,87,-1,719,87,720,-1,718,721,86,-1,86,721,722,-1,86,722,723,-1,723,724,86,-1,86,724,725,-1,86,725,726,-1,726,727,86,-1,86,727,728,-1,86,728,729,-1,729,715,86,-1,86,715,717,-1,86,717,681,-1,681,717,730,-1,681,730,731,-1,732,733,703,-1,716,734,717,-1,717,734,735,-1,717,735,736,-1,736,737,717,-1,717,737,738,-1,717,738,739,-1,739,740,717,-1,717,740,741,-1,717,741,703,-1,703,741,742,-1,703,742,732,-1,733,743,703,-1,703,743,744,-1,703,744,745,-1,746,747,748,-1,748,747,749,-1,748,749,750,-1,750,751,748,-1,748,751,752,-1,748,752,753,-1,754,755,756,-1,756,755,757,-1,756,757,758,-1,758,757,759,-1,758,759,748,-1,748,759,760,-1,748,760,746,-1,754,761,755,-1,755,761,762,-1,755,762,763,-1,700,764,697,-1,697,764,755,-1,697,755,765,-1,765,755,763,-1,753,766,748,-1,748,766,767,-1,748,767,171,-1,171,767,768,-1,171,768,172,-1,769,770,771,-1,771,772,769,-1,769,772,773,-1,769,773,774,-1,774,775,769,-1,769,775,776,-1,769,776,777,-1,778,779,769,-1,769,779,780,-1,769,780,770,-1,769,781,778,-1,778,781,782,-1,778,782,783,-1,783,782,784,-1,783,784,785,-1,785,784,786,-1,785,786,787,-1,788,789,786,-1,786,789,790,-1,786,790,787,-1,791,792,788,-1,788,792,793,-1,788,793,789,-1,794,795,796,-1,796,795,797,-1,796,797,788,-1,788,797,798,-1,788,798,791,-1,170,172,799,-1,799,172,800,-1,799,800,794,-1,794,800,801,-1,794,801,802,-1,802,803,794,-1,794,803,804,-1,794,804,795,-1,745,805,703,-1,703,805,806,-1,703,806,701,-1,701,806,807,-1,701,807,808,-1,808,809,701,-1,701,809,810,-1,701,810,811,-1,812,813,814,-1,810,815,811,-1,811,815,816,-1,811,816,812,-1,812,814,811,-1,811,814,817,-1,811,817,818,-1,818,819,811,-1,811,819,820,-1,811,820,821,-1,821,822,811,-1,811,822,823,-1,811,823,701,-1,627,176,619,-1,619,176,178,-1,619,178,452,-1,452,178,824,-1,452,824,825,-1,825,826,452,-1,452,826,827,-1,452,827,828,-1,828,829,452,-1,452,829,830,-1,452,830,831,-1,831,832,452,-1,452,832,833,-1,452,833,834,-1,433,454,429,-1,429,454,452,-1,429,452,88,-1,88,452,834,-1,88,834,835,-1,835,836,88,-1,88,836,837,-1,88,837,838,-1,838,839,88,-1,88,839,840,-1,88,840,841,-1,841,842,88,-1,88,842,843,-1,88,843,844,-1,844,845,88,-1,88,845,846,-1,88,846,87,-1,87,846,847,-1,87,847,720,-1,653,655,108,-1,108,655,848,-1,108,848,92,-1,92,848,849,-1,92,849,93,-1,93,849,850,-1,93,850,94,-1,94,850,851,-1,94,851,109,-1,109,851,852,-1,109,852,110,-1,110,852,853,-1,110,853,111,-1,111,853,854,-1,111,854,95,-1,95,854,855,-1,95,855,96,-1,96,855,856,-1,96,856,97,-1,97,856,857,-1,97,857,98,-1,98,857,858,-1,98,858,99,-1,99,858,859,-1,99,859,100,-1,100,859,860,-1,100,860,107,-1,107,860,861,-1,107,861,106,-1,106,861,862,-1,106,862,105,-1,105,862,863,-1,105,863,104,-1,104,863,864,-1,104,864,103,-1,103,864,865,-1,103,865,102,-1,102,865,866,-1,102,866,101,-1,101,866,867,-1,101,867,117,-1,117,867,868,-1,117,868,116,-1,116,868,869,-1,116,869,115,-1,115,869,870,-1,115,870,114,-1,114,870,871,-1,114,871,113,-1,113,871,872,-1,113,872,112,-1,112,872,873,-1,112,873,123,-1,123,873,874,-1,123,874,122,-1,122,874,875,-1,122,875,121,-1,121,875,876,-1,121,876,120,-1,120,876,614,-1,120,614,119,-1,119,614,616,-1,119,616,609,-1,872,877,873,-1,873,877,878,-1,873,878,874,-1,874,878,879,-1,874,879,875,-1,875,879,880,-1,875,880,876,-1,876,880,881,-1,876,881,614,-1,614,881,882,-1,614,882,519,-1,519,882,883,-1,519,883,457,-1,457,883,884,-1,457,884,455,-1,455,884,885,-1,455,885,232,-1,232,885,886,-1,232,886,452,-1,452,886,887,-1,452,887,619,-1,619,887,888,-1,619,888,175,-1,175,888,889,-1,175,889,630,-1,630,889,890,-1,630,890,636,-1,636,890,891,-1,636,891,655,-1,655,891,892,-1,655,892,848,-1,848,892,893,-1,848,893,849,-1,849,893,894,-1,849,894,850,-1,850,894,895,-1,850,895,851,-1,851,895,896,-1,851,896,852,-1,852,896,897,-1,852,897,853,-1,853,897,898,-1,853,898,854,-1,854,898,899,-1,854,899,855,-1,855,899,900,-1,855,900,856,-1,856,900,901,-1,856,901,857,-1,857,901,902,-1,857,902,858,-1,858,902,903,-1,858,903,859,-1,859,903,904,-1,859,904,860,-1,860,904,905,-1,860,905,861,-1,861,905,906,-1,861,906,862,-1,862,906,907,-1,862,907,863,-1,863,907,908,-1,863,908,864,-1,864,908,909,-1,864,909,865,-1,865,909,910,-1,865,910,866,-1,866,910,911,-1,866,911,867,-1,867,911,912,-1,867,912,868,-1,868,912,913,-1,868,913,869,-1,869,913,914,-1,869,914,870,-1,870,914,915,-1,870,915,871,-1,871,915,916,-1,871,916,872,-1,872,916,877,-1,917,918,919,-1,920,921,922,-1,923,924,925,-1,926,927,928,-1,929,930,931,-1,932,933,934,-1,935,936,937,-1,938,939,940,-1,941,942,943,-1,944,945,946,-1,947,948,949,-1,950,951,952,-1,953,954,955,-1,956,957,958,-1,959,960,961,-1,962,963,964,-1,965,966,967,-1,968,969,970,-1,971,972,973,-1,974,975,976,-1,977,978,979,-1,980,981,982,-1,983,984,985,-1,986,987,988,-1,989,990,991,-1,992,993,994,-1,995,996,997,-1,998,999,1000,-1,1001,1002,1003,-1,1004,1005,1006,-1,1007,1008,1009,-1,1009,1008,1010,-1,1011,1010,1008,-1,1011,1008,1012,-1,1012,1008,1007,-1,1012,1007,1013,-1,1014,1010,1011,-1,1014,1011,1015,-1,1015,1011,1012,-1,1015,1012,1016,-1,1016,1012,1013,-1,1016,1013,1017,-1,1018,1010,1014,-1,1018,1014,1019,-1,1019,1014,1015,-1,1019,1015,1020,-1,1020,1015,1016,-1,1020,1016,1021,-1,1021,1016,1017,-1,1021,1017,1022,-1,1023,1010,1018,-1,1023,1018,1024,-1,1024,1018,1019,-1,1024,1019,1025,-1,1025,1019,1020,-1,1025,1020,1026,-1,1026,1020,1021,-1,1026,1021,1027,-1,1027,1021,1022,-1,1027,1022,1028,-1,1029,1010,1023,-1,1029,1023,1030,-1,1030,1023,1024,-1,1030,1024,1031,-1,1031,1024,1025,-1,1031,1025,1032,-1,1032,1025,1026,-1,1032,1026,1033,-1,1033,1026,1027,-1,1033,1027,1034,-1,1034,1027,1028,-1,1034,1028,1035,-1,1036,1010,1029,-1,1036,1029,1037,-1,1037,1029,1030,-1,1037,1030,1038,-1,1038,1030,1031,-1,1038,1031,1039,-1,1039,1031,1032,-1,1039,1032,1040,-1,1040,1032,1033,-1,1040,1033,1041,-1,1041,1033,1034,-1,1041,1034,1042,-1,1042,1034,1035,-1,1042,1035,1043,-1,1044,1010,1036,-1,1044,1036,1045,-1,1045,1036,1037,-1,1045,1037,1046,-1,1046,1037,1038,-1,1046,1038,1047,-1,1047,1038,1039,-1,1047,1039,1048,-1,1048,1039,1040,-1,1048,1040,1049,-1,1049,1040,1041,-1,1049,1041,1050,-1,1050,1041,1042,-1,1050,1042,1051,-1,1051,1042,1043,-1,1051,1043,1052,-1,1053,1010,1044,-1,1053,1044,1054,-1,1054,1044,1045,-1,1054,1045,1055,-1,1055,1045,1046,-1,1055,1046,1056,-1,1056,1046,1047,-1,1056,1047,1057,-1,1057,1047,1048,-1,1057,1048,1058,-1,1058,1048,1049,-1,1058,1049,1059,-1,1059,1049,1050,-1,1059,1050,1060,-1,1060,1050,1051,-1,1060,1051,1061,-1,1061,1051,1052,-1,1061,1052,1062,-1,1063,1010,1053,-1,1063,1053,1064,-1,1064,1053,1054,-1,1064,1054,1065,-1,1065,1054,1055,-1,1065,1055,1066,-1,1066,1055,1056,-1,1066,1056,1067,-1,1067,1056,1057,-1,1067,1057,1068,-1,1068,1057,1058,-1,1068,1058,1069,-1,1069,1058,1059,-1,1069,1059,1070,-1,1070,1059,1060,-1,1070,1060,1071,-1,1071,1060,1061,-1,1071,1061,1072,-1,1072,1061,1062,-1,1072,1062,1073,-1,1074,1010,1063,-1,1074,1063,1075,-1,1075,1063,1064,-1,1075,1064,1076,-1,1076,1064,1065,-1,1076,1065,1077,-1,1077,1065,1066,-1,1077,1066,1078,-1,1078,1066,1067,-1,1078,1067,1079,-1,1079,1067,1068,-1,1079,1068,1080,-1,1080,1068,1069,-1,1080,1069,1081,-1,1081,1069,1070,-1,1081,1070,1082,-1,1082,1070,1071,-1,1082,1071,1083,-1,1083,1071,1072,-1,1083,1072,1084,-1,1084,1072,1073,-1,1084,1073,1085,-1,1086,1010,1074,-1,1086,1074,1087,-1,1087,1074,1075,-1,1087,1075,1088,-1,1088,1075,1076,-1,1088,1076,1089,-1,1089,1076,1077,-1,1089,1077,1090,-1,1090,1077,1078,-1,1090,1078,1091,-1,1091,1078,1079,-1,1091,1079,1092,-1,1092,1079,1080,-1,1092,1080,1093,-1,1093,1080,1081,-1,1093,1081,1094,-1,1094,1081,1082,-1,1094,1082,1095,-1,1095,1082,1083,-1,1095,1083,1096,-1,1096,1083,1084,-1,1096,1084,1097,-1,1097,1084,1085,-1,1097,1085,1098,-1,1099,1100,1101,-1,1102,1103,1100,-1,1100,1103,1104,-1,1100,1104,1101,-1,1101,1104,1105,-1,1101,1105,896,-1,1106,1102,1107,-1,1107,1102,1100,-1,1107,1100,1108,-1,1108,1100,1099,-1,1108,1099,1109,-1,1005,1106,1006,-1,1006,1106,1107,-1,1006,1107,1110,-1,1110,1107,1108,-1,1110,1108,1111,-1,1111,1108,1109,-1,1111,1109,1112,-1,1002,1004,1003,-1,1003,1004,1006,-1,1003,1006,1113,-1,1113,1006,1110,-1,1113,1110,1114,-1,1114,1110,1111,-1,1114,1111,1115,-1,1115,1111,1112,-1,1115,1112,1116,-1,1117,1001,1118,-1,1118,1001,1003,-1,1118,1003,1119,-1,1119,1003,1113,-1,1119,1113,1120,-1,1120,1113,1114,-1,1120,1114,1121,-1,1121,1114,1115,-1,1121,1115,1122,-1,1122,1115,1116,-1,1122,1116,1123,-1,901,1117,1124,-1,1124,1117,1118,-1,1124,1118,1125,-1,1125,1118,1119,-1,1125,1119,1126,-1,1126,1119,1120,-1,1126,1120,1127,-1,1127,1120,1121,-1,1127,1121,1128,-1,1128,1121,1122,-1,1128,1122,1129,-1,1129,1122,1123,-1,1129,1123,1130,-1,999,901,1000,-1,1000,901,1124,-1,1000,1124,1131,-1,1131,1124,1125,-1,1131,1125,1132,-1,1132,1125,1126,-1,1132,1126,1133,-1,1133,1126,1127,-1,1133,1127,1134,-1,1134,1127,1128,-1,1134,1128,1135,-1,1135,1128,1129,-1,1135,1129,1136,-1,1136,1129,1130,-1,1136,1130,1137,-1,996,998,997,-1,997,998,1000,-1,997,1000,1138,-1,1138,1000,1131,-1,1138,1131,1139,-1,1139,1131,1132,-1,1139,1132,1140,-1,1140,1132,1133,-1,1140,1133,1141,-1,1141,1133,1134,-1,1141,1134,1142,-1,1142,1134,1135,-1,1142,1135,1143,-1,1143,1135,1136,-1,1143,1136,1144,-1,1144,1136,1137,-1,1144,1137,1145,-1,1146,995,1147,-1,1147,995,997,-1,1147,997,1148,-1,1148,997,1138,-1,1148,1138,1149,-1,1149,1138,1139,-1,1149,1139,1150,-1,1150,1139,1140,-1,1150,1140,1151,-1,1151,1140,1141,-1,1151,1141,1152,-1,1152,1141,1142,-1,1152,1142,1153,-1,1153,1142,1143,-1,1153,1143,1154,-1,1154,1143,1144,-1,1154,1144,1155,-1,1155,1144,1145,-1,1155,1145,1156,-1,993,1146,994,-1,994,1146,1147,-1,994,1147,1157,-1,1157,1147,1148,-1,1157,1148,1158,-1,1158,1148,1149,-1,1158,1149,1159,-1,1159,1149,1150,-1,1159,1150,1160,-1,1160,1150,1151,-1,1160,1151,1161,-1,1161,1151,1152,-1,1161,1152,1162,-1,1162,1152,1153,-1,1162,1153,1163,-1,1163,1153,1154,-1,1163,1154,1164,-1,1164,1154,1155,-1,1164,1155,1165,-1,1165,1155,1156,-1,1165,1156,1166,-1,990,992,991,-1,991,992,994,-1,991,994,1167,-1,1167,994,1157,-1,1167,1157,1168,-1,1168,1157,1158,-1,1168,1158,1169,-1,1169,1158,1159,-1,1169,1159,1170,-1,1170,1159,1160,-1,1170,1160,1171,-1,1171,1160,1161,-1,1171,1161,1172,-1,1172,1161,1162,-1,1172,1162,1173,-1,1173,1162,1163,-1,1173,1163,1174,-1,1174,1163,1164,-1,1174,1164,1175,-1,1175,1164,1165,-1,1175,1165,1176,-1,1176,1165,1166,-1,1176,1166,1177,-1,1178,989,1179,-1,1179,989,991,-1,1179,991,1180,-1,1180,991,1167,-1,1180,1167,1181,-1,1181,1167,1168,-1,1181,1168,1182,-1,1182,1168,1169,-1,1182,1169,1183,-1,1183,1169,1170,-1,1183,1170,1184,-1,1184,1170,1171,-1,1184,1171,1185,-1,1185,1171,1172,-1,1185,1172,1186,-1,1186,1172,1173,-1,1186,1173,1187,-1,1187,1173,1174,-1,1187,1174,1188,-1,1188,1174,1175,-1,1188,1175,1189,-1,1189,1175,1176,-1,1189,1176,1190,-1,1190,1176,1177,-1,1190,1177,1191,-1,1191,1192,1190,-1,1190,1192,1193,-1,1190,1193,1189,-1,1189,1193,1194,-1,1189,1194,1188,-1,1188,1194,1195,-1,1188,1195,1187,-1,1187,1195,1196,-1,1187,1196,1186,-1,1186,1196,1197,-1,1186,1197,1185,-1,1185,1197,1198,-1,1185,1198,1184,-1,1184,1198,1199,-1,1184,1199,1183,-1,1183,1199,1200,-1,1183,1200,1182,-1,1182,1200,1201,-1,1182,1201,1181,-1,1181,1201,1202,-1,1181,1202,1180,-1,1180,1202,1203,-1,1180,1203,1179,-1,1179,1203,1204,-1,1179,1204,1178,-1,1178,1204,906,-1,987,906,988,-1,988,906,1204,-1,988,1204,1205,-1,1205,1204,1203,-1,1205,1203,1206,-1,1206,1203,1202,-1,1206,1202,1207,-1,1207,1202,1201,-1,1207,1201,1208,-1,1208,1201,1200,-1,1208,1200,1209,-1,1209,1200,1199,-1,1209,1199,1210,-1,1210,1199,1198,-1,1210,1198,1211,-1,1211,1198,1197,-1,1211,1197,1212,-1,1212,1197,1196,-1,1212,1196,1213,-1,1213,1196,1195,-1,1213,1195,1214,-1,1214,1195,1194,-1,1214,1194,1215,-1,1215,1194,1193,-1,1215,1193,1216,-1,1216,1193,1192,-1,1216,1192,1010,-1,1191,1010,1192,-1,896,1098,1101,-1,1101,1098,1085,-1,1101,1085,1099,-1,1099,1085,1073,-1,1099,1073,1109,-1,1109,1073,1062,-1,1109,1062,1112,-1,1112,1062,1052,-1,1112,1052,1116,-1,1116,1052,1043,-1,1116,1043,1123,-1,1123,1043,1035,-1,1123,1035,1130,-1,1130,1035,1028,-1,1130,1028,1137,-1,1137,1028,1022,-1,1137,1022,1145,-1,1145,1022,1017,-1,1145,1017,1156,-1,1156,1017,1013,-1,1156,1013,1166,-1,1166,1013,1007,-1,1166,1007,1177,-1,1177,1007,1009,-1,1177,1009,1191,-1,1191,1009,1010,-1,984,986,985,-1,985,986,988,-1,985,988,1217,-1,1217,988,1205,-1,1217,1205,1218,-1,1218,1205,1206,-1,1218,1206,1219,-1,1219,1206,1207,-1,1219,1207,1220,-1,1220,1207,1208,-1,1220,1208,1221,-1,1221,1208,1209,-1,1221,1209,1222,-1,1222,1209,1210,-1,1222,1210,1223,-1,1223,1210,1211,-1,1223,1211,1224,-1,1224,1211,1212,-1,1224,1212,1225,-1,1225,1212,1213,-1,1225,1213,1226,-1,1226,1213,1214,-1,1226,1214,1227,-1,1227,1214,1215,-1,1227,1215,1228,-1,1228,1215,1216,-1,1228,1216,1010,-1,1229,983,1230,-1,1230,983,985,-1,1230,985,1231,-1,1231,985,1217,-1,1231,1217,1232,-1,1232,1217,1218,-1,1232,1218,1233,-1,1233,1218,1219,-1,1233,1219,1234,-1,1234,1219,1220,-1,1234,1220,1235,-1,1235,1220,1221,-1,1235,1221,1236,-1,1236,1221,1222,-1,1236,1222,1237,-1,1237,1222,1223,-1,1237,1223,1238,-1,1238,1223,1224,-1,1238,1224,1239,-1,1239,1224,1225,-1,1239,1225,1240,-1,1240,1225,1226,-1,1240,1226,1241,-1,1241,1226,1227,-1,1241,1227,1242,-1,1242,1227,1228,-1,1242,1228,1010,-1,981,1229,982,-1,982,1229,1230,-1,982,1230,1243,-1,1243,1230,1231,-1,1243,1231,1244,-1,1244,1231,1232,-1,1244,1232,1245,-1,1245,1232,1233,-1,1245,1233,1246,-1,1246,1233,1234,-1,1246,1234,1247,-1,1247,1234,1235,-1,1247,1235,1248,-1,1248,1235,1236,-1,1248,1236,1249,-1,1249,1236,1237,-1,1249,1237,1250,-1,1250,1237,1238,-1,1250,1238,1251,-1,1251,1238,1239,-1,1251,1239,1252,-1,1252,1239,1240,-1,1252,1240,1253,-1,1253,1240,1241,-1,1253,1241,1254,-1,1254,1241,1242,-1,1254,1242,1010,-1,978,980,979,-1,979,980,982,-1,979,982,1255,-1,1255,982,1243,-1,1255,1243,1256,-1,1256,1243,1244,-1,1256,1244,1257,-1,1257,1244,1245,-1,1257,1245,1258,-1,1258,1245,1246,-1,1258,1246,1259,-1,1259,1246,1247,-1,1259,1247,1260,-1,1260,1247,1248,-1,1260,1248,1261,-1,1261,1248,1249,-1,1261,1249,1262,-1,1262,1249,1250,-1,1262,1250,1263,-1,1263,1250,1251,-1,1263,1251,1264,-1,1264,1251,1252,-1,1264,1252,1265,-1,1265,1252,1253,-1,1265,1253,1266,-1,1266,1253,1254,-1,1266,1254,1010,-1,1267,977,1268,-1,1268,977,979,-1,1268,979,1269,-1,1269,979,1255,-1,1269,1255,1270,-1,1270,1255,1256,-1,1270,1256,1271,-1,1271,1256,1257,-1,1271,1257,1272,-1,1272,1257,1258,-1,1272,1258,1273,-1,1273,1258,1259,-1,1273,1259,1274,-1,1274,1259,1260,-1,1274,1260,1275,-1,1275,1260,1261,-1,1275,1261,1276,-1,1276,1261,1262,-1,1276,1262,1277,-1,1277,1262,1263,-1,1277,1263,1278,-1,1278,1263,1264,-1,1278,1264,1279,-1,1279,1264,1265,-1,1279,1265,1280,-1,1280,1265,1266,-1,1280,1266,1010,-1,911,1267,1281,-1,1281,1267,1268,-1,1281,1268,1282,-1,1282,1268,1269,-1,1282,1269,1283,-1,1283,1269,1270,-1,1283,1270,1284,-1,1284,1270,1271,-1,1284,1271,1285,-1,1285,1271,1272,-1,1285,1272,1286,-1,1286,1272,1273,-1,1286,1273,1287,-1,1287,1273,1274,-1,1287,1274,1288,-1,1288,1274,1275,-1,1288,1275,1289,-1,1289,1275,1276,-1,1289,1276,1290,-1,1290,1276,1277,-1,1290,1277,1291,-1,1291,1277,1278,-1,1291,1278,1292,-1,1292,1278,1279,-1,1292,1279,1293,-1,1293,1279,1280,-1,1293,1280,1010,-1,975,911,976,-1,976,911,1281,-1,976,1281,1294,-1,1294,1281,1282,-1,1294,1282,1295,-1,1295,1282,1283,-1,1295,1283,1296,-1,1296,1283,1284,-1,1296,1284,1297,-1,1297,1284,1285,-1,1297,1285,1298,-1,1298,1285,1286,-1,1298,1286,1299,-1,1299,1286,1287,-1,1299,1287,1300,-1,1300,1287,1288,-1,1300,1288,1301,-1,1301,1288,1289,-1,1301,1289,1302,-1,1302,1289,1290,-1,1302,1290,1303,-1,1303,1290,1291,-1,1303,1291,1304,-1,1304,1291,1292,-1,1304,1292,1305,-1,1305,1292,1293,-1,1305,1293,1010,-1,972,974,973,-1,973,974,976,-1,973,976,1306,-1,1306,976,1294,-1,1306,1294,1307,-1,1307,1294,1295,-1,1307,1295,1308,-1,1308,1295,1296,-1,1308,1296,1309,-1,1309,1296,1297,-1,1309,1297,1310,-1,1310,1297,1298,-1,1310,1298,1311,-1,1311,1298,1299,-1,1311,1299,1312,-1,1312,1299,1300,-1,1312,1300,1313,-1,1313,1300,1301,-1,1313,1301,1314,-1,1314,1301,1302,-1,1314,1302,1315,-1,1315,1302,1303,-1,1315,1303,1316,-1,1316,1303,1304,-1,1316,1304,1317,-1,1317,1304,1305,-1,1317,1305,1010,-1,1318,971,1319,-1,1319,971,973,-1,1319,973,1320,-1,1320,973,1306,-1,1320,1306,1321,-1,1321,1306,1307,-1,1321,1307,1322,-1,1322,1307,1308,-1,1322,1308,1323,-1,1323,1308,1309,-1,1323,1309,1324,-1,1324,1309,1310,-1,1324,1310,1325,-1,1325,1310,1311,-1,1325,1311,1326,-1,1326,1311,1312,-1,1326,1312,1327,-1,1327,1312,1313,-1,1327,1313,1328,-1,1328,1313,1314,-1,1328,1314,1329,-1,1329,1314,1315,-1,1329,1315,1330,-1,1330,1315,1316,-1,1330,1316,1331,-1,1331,1316,1317,-1,1331,1317,1010,-1,969,1318,970,-1,970,1318,1319,-1,970,1319,1332,-1,1332,1319,1320,-1,1332,1320,1333,-1,1333,1320,1321,-1,1333,1321,1334,-1,1334,1321,1322,-1,1334,1322,1335,-1,1335,1322,1323,-1,1335,1323,1336,-1,1336,1323,1324,-1,1336,1324,1337,-1,1337,1324,1325,-1,1337,1325,1338,-1,1338,1325,1326,-1,1338,1326,1339,-1,1339,1326,1327,-1,1339,1327,1340,-1,1340,1327,1328,-1,1340,1328,1341,-1,1341,1328,1329,-1,1341,1329,1342,-1,1342,1329,1330,-1,1342,1330,1343,-1,1343,1330,1331,-1,1343,1331,1010,-1,966,968,967,-1,967,968,970,-1,967,970,1344,-1,1344,970,1332,-1,1344,1332,1345,-1,1345,1332,1333,-1,1345,1333,1346,-1,1346,1333,1334,-1,1346,1334,1347,-1,1347,1334,1335,-1,1347,1335,1348,-1,1348,1335,1336,-1,1348,1336,1349,-1,1349,1336,1337,-1,1349,1337,1350,-1,1350,1337,1338,-1,1350,1338,1351,-1,1351,1338,1339,-1,1351,1339,1352,-1,1352,1339,1340,-1,1352,1340,1353,-1,1353,1340,1341,-1,1353,1341,1354,-1,1354,1341,1342,-1,1354,1342,1355,-1,1355,1342,1343,-1,1355,1343,1010,-1,1356,965,1357,-1,1357,965,967,-1,1357,967,1358,-1,1358,967,1344,-1,1358,1344,1359,-1,1359,1344,1345,-1,1359,1345,1360,-1,1360,1345,1346,-1,1360,1346,1361,-1,1361,1346,1347,-1,1361,1347,1362,-1,1362,1347,1348,-1,1362,1348,1363,-1,1363,1348,1349,-1,1363,1349,1364,-1,1364,1349,1350,-1,1364,1350,1365,-1,1365,1350,1351,-1,1365,1351,1366,-1,1366,1351,1352,-1,1366,1352,1367,-1,1367,1352,1353,-1,1367,1353,1368,-1,1368,1353,1354,-1,1368,1354,1369,-1,1369,1354,1355,-1,1369,1355,1010,-1,916,1356,1370,-1,1370,1356,1357,-1,1370,1357,1371,-1,1371,1357,1358,-1,1371,1358,1372,-1,1372,1358,1359,-1,1372,1359,1373,-1,1373,1359,1360,-1,1373,1360,1374,-1,1374,1360,1361,-1,1374,1361,1375,-1,1375,1361,1362,-1,1375,1362,1376,-1,1376,1362,1363,-1,1376,1363,1377,-1,1377,1363,1364,-1,1377,1364,1378,-1,1378,1364,1365,-1,1378,1365,1379,-1,1379,1365,1366,-1,1379,1366,1380,-1,1380,1366,1367,-1,1380,1367,1381,-1,1381,1367,1368,-1,1381,1368,1382,-1,1382,1368,1369,-1,1382,1369,1010,-1,963,916,964,-1,964,916,1370,-1,964,1370,1383,-1,1383,1370,1371,-1,1383,1371,1384,-1,1384,1371,1372,-1,1384,1372,1385,-1,1385,1372,1373,-1,1385,1373,1386,-1,1386,1373,1374,-1,1386,1374,1387,-1,1387,1374,1375,-1,1387,1375,1388,-1,1388,1375,1376,-1,1388,1376,1389,-1,1389,1376,1377,-1,1389,1377,1390,-1,1390,1377,1378,-1,1390,1378,1391,-1,1391,1378,1379,-1,1391,1379,1392,-1,1392,1379,1380,-1,1392,1380,1393,-1,1393,1380,1381,-1,1393,1381,1394,-1,1394,1381,1382,-1,1394,1382,1010,-1,960,962,961,-1,961,962,964,-1,961,964,1395,-1,1395,964,1383,-1,1395,1383,1396,-1,1396,1383,1384,-1,1396,1384,1397,-1,1397,1384,1385,-1,1397,1385,1398,-1,1398,1385,1386,-1,1398,1386,1399,-1,1399,1386,1387,-1,1399,1387,1400,-1,1400,1387,1388,-1,1400,1388,1401,-1,1401,1388,1389,-1,1401,1389,1402,-1,1402,1389,1390,-1,1402,1390,1403,-1,1403,1390,1391,-1,1403,1391,1404,-1,1404,1391,1392,-1,1404,1392,1405,-1,1405,1392,1393,-1,1405,1393,1406,-1,1406,1393,1394,-1,1406,1394,1010,-1,1407,959,1408,-1,1408,959,961,-1,1408,961,1409,-1,1409,961,1395,-1,1409,1395,1410,-1,1410,1395,1396,-1,1410,1396,1411,-1,1411,1396,1397,-1,1411,1397,1412,-1,1412,1397,1398,-1,1412,1398,1413,-1,1413,1398,1399,-1,1413,1399,1414,-1,1414,1399,1400,-1,1414,1400,1415,-1,1415,1400,1401,-1,1415,1401,1416,-1,1416,1401,1402,-1,1416,1402,1417,-1,1417,1402,1403,-1,1417,1403,1418,-1,1418,1403,1404,-1,1418,1404,1419,-1,1419,1404,1405,-1,1419,1405,1420,-1,1420,1405,1406,-1,1420,1406,1010,-1,957,1407,958,-1,958,1407,1408,-1,958,1408,1421,-1,1421,1408,1409,-1,1421,1409,1422,-1,1422,1409,1410,-1,1422,1410,1423,-1,1423,1410,1411,-1,1423,1411,1424,-1,1424,1411,1412,-1,1424,1412,1425,-1,1425,1412,1413,-1,1425,1413,1426,-1,1426,1413,1414,-1,1426,1414,1427,-1,1427,1414,1415,-1,1427,1415,1428,-1,1428,1415,1416,-1,1428,1416,1429,-1,1429,1416,1417,-1,1429,1417,1430,-1,1430,1417,1418,-1,1430,1418,1431,-1,1431,1418,1419,-1,1431,1419,1432,-1,1432,1419,1420,-1,1432,1420,1010,-1,954,956,955,-1,955,956,958,-1,955,958,1433,-1,1433,958,1421,-1,1433,1421,1434,-1,1434,1421,1422,-1,1434,1422,1435,-1,1435,1422,1423,-1,1435,1423,1436,-1,1436,1423,1424,-1,1436,1424,1437,-1,1437,1424,1425,-1,1437,1425,1438,-1,1438,1425,1426,-1,1438,1426,1439,-1,1439,1426,1427,-1,1439,1427,1440,-1,1440,1427,1428,-1,1440,1428,1441,-1,1441,1428,1429,-1,1441,1429,1442,-1,1442,1429,1430,-1,1442,1430,1443,-1,1443,1430,1431,-1,1443,1431,1444,-1,1444,1431,1432,-1,1444,1432,1010,-1,1445,953,1446,-1,1446,953,955,-1,1446,955,1447,-1,1447,955,1433,-1,1447,1433,1448,-1,1448,1433,1434,-1,1448,1434,1449,-1,1449,1434,1435,-1,1449,1435,1450,-1,1450,1435,1436,-1,1450,1436,1451,-1,1451,1436,1437,-1,1451,1437,1452,-1,1452,1437,1438,-1,1452,1438,1453,-1,1453,1438,1439,-1,1453,1439,1454,-1,1454,1439,1440,-1,1454,1440,1455,-1,1455,1440,1441,-1,1455,1441,1456,-1,1456,1441,1442,-1,1456,1442,1457,-1,1457,1442,1443,-1,1457,1443,1458,-1,1458,1443,1444,-1,1458,1444,1010,-1,881,1445,1459,-1,1459,1445,1446,-1,1459,1446,1460,-1,1460,1446,1447,-1,1460,1447,1461,-1,1461,1447,1448,-1,1461,1448,1462,-1,1462,1448,1449,-1,1462,1449,1463,-1,1463,1449,1450,-1,1463,1450,1464,-1,1464,1450,1451,-1,1464,1451,1465,-1,1465,1451,1452,-1,1465,1452,1466,-1,1466,1452,1453,-1,1466,1453,1467,-1,1467,1453,1454,-1,1467,1454,1468,-1,1468,1454,1455,-1,1468,1455,1469,-1,1469,1455,1456,-1,1469,1456,1470,-1,1470,1456,1457,-1,1470,1457,1471,-1,1471,1457,1458,-1,1471,1458,1010,-1,951,881,952,-1,952,881,1459,-1,952,1459,1472,-1,1472,1459,1460,-1,1472,1460,1473,-1,1473,1460,1461,-1,1473,1461,1474,-1,1474,1461,1462,-1,1474,1462,1475,-1,1475,1462,1463,-1,1475,1463,1476,-1,1476,1463,1464,-1,1476,1464,1477,-1,1477,1464,1465,-1,1477,1465,1478,-1,1478,1465,1466,-1,1478,1466,1479,-1,1479,1466,1467,-1,1479,1467,1480,-1,1480,1467,1468,-1,1480,1468,1481,-1,1481,1468,1469,-1,1481,1469,1482,-1,1482,1469,1470,-1,1482,1470,1483,-1,1483,1470,1471,-1,1483,1471,1010,-1,948,950,949,-1,949,950,952,-1,949,952,1484,-1,1484,952,1472,-1,1484,1472,1485,-1,1485,1472,1473,-1,1485,1473,1486,-1,1486,1473,1474,-1,1486,1474,1487,-1,1487,1474,1475,-1,1487,1475,1488,-1,1488,1475,1476,-1,1488,1476,1489,-1,1489,1476,1477,-1,1489,1477,1490,-1,1490,1477,1478,-1,1490,1478,1491,-1,1491,1478,1479,-1,1491,1479,1492,-1,1492,1479,1480,-1,1492,1480,1493,-1,1493,1480,1481,-1,1493,1481,1494,-1,1494,1481,1482,-1,1494,1482,1495,-1,1495,1482,1483,-1,1495,1483,1010,-1,1496,947,1497,-1,1497,947,949,-1,1497,949,1498,-1,1498,949,1484,-1,1498,1484,1499,-1,1499,1484,1485,-1,1499,1485,1500,-1,1500,1485,1486,-1,1500,1486,1501,-1,1501,1486,1487,-1,1501,1487,1502,-1,1502,1487,1488,-1,1502,1488,1503,-1,1503,1488,1489,-1,1503,1489,1504,-1,1504,1489,1490,-1,1504,1490,1505,-1,1505,1490,1491,-1,1505,1491,1506,-1,1506,1491,1492,-1,1506,1492,1507,-1,1507,1492,1493,-1,1507,1493,1508,-1,1508,1493,1494,-1,1508,1494,1509,-1,1509,1494,1495,-1,1509,1495,1010,-1,945,1496,946,-1,946,1496,1497,-1,946,1497,1510,-1,1510,1497,1498,-1,1510,1498,1511,-1,1511,1498,1499,-1,1511,1499,1512,-1,1512,1499,1500,-1,1512,1500,1513,-1,1513,1500,1501,-1,1513,1501,1514,-1,1514,1501,1502,-1,1514,1502,1515,-1,1515,1502,1503,-1,1515,1503,1516,-1,1516,1503,1504,-1,1516,1504,1517,-1,1517,1504,1505,-1,1517,1505,1518,-1,1518,1505,1506,-1,1518,1506,1519,-1,1519,1506,1507,-1,1519,1507,1520,-1,1520,1507,1508,-1,1520,1508,1521,-1,1521,1508,1509,-1,1521,1509,1010,-1,942,944,943,-1,943,944,946,-1,943,946,1522,-1,1522,946,1510,-1,1522,1510,1523,-1,1523,1510,1511,-1,1523,1511,1524,-1,1524,1511,1512,-1,1524,1512,1525,-1,1525,1512,1513,-1,1525,1513,1526,-1,1526,1513,1514,-1,1526,1514,1527,-1,1527,1514,1515,-1,1527,1515,1528,-1,1528,1515,1516,-1,1528,1516,1529,-1,1529,1516,1517,-1,1529,1517,1530,-1,1530,1517,1518,-1,1530,1518,1531,-1,1531,1518,1519,-1,1531,1519,1532,-1,1532,1519,1520,-1,1532,1520,1533,-1,1533,1520,1521,-1,1533,1521,1010,-1,1534,941,1535,-1,1535,941,943,-1,1535,943,1536,-1,1536,943,1522,-1,1536,1522,1537,-1,1537,1522,1523,-1,1537,1523,1538,-1,1538,1523,1524,-1,1538,1524,1539,-1,1539,1524,1525,-1,1539,1525,1540,-1,1540,1525,1526,-1,1540,1526,1541,-1,1541,1526,1527,-1,1541,1527,1542,-1,1542,1527,1528,-1,1542,1528,1543,-1,1543,1528,1529,-1,1543,1529,1544,-1,1544,1529,1530,-1,1544,1530,1545,-1,1545,1530,1531,-1,1545,1531,1546,-1,1546,1531,1532,-1,1546,1532,1547,-1,1547,1532,1533,-1,1547,1533,1010,-1,886,1534,1548,-1,1548,1534,1535,-1,1548,1535,1549,-1,1549,1535,1536,-1,1549,1536,1550,-1,1550,1536,1537,-1,1550,1537,1551,-1,1551,1537,1538,-1,1551,1538,1552,-1,1552,1538,1539,-1,1552,1539,1553,-1,1553,1539,1540,-1,1553,1540,1554,-1,1554,1540,1541,-1,1554,1541,1555,-1,1555,1541,1542,-1,1555,1542,1556,-1,1556,1542,1543,-1,1556,1543,1557,-1,1557,1543,1544,-1,1557,1544,1558,-1,1558,1544,1545,-1,1558,1545,1559,-1,1559,1545,1546,-1,1559,1546,1560,-1,1560,1546,1547,-1,1560,1547,1010,-1,939,886,940,-1,940,886,1548,-1,940,1548,1561,-1,1561,1548,1549,-1,1561,1549,1562,-1,1562,1549,1550,-1,1562,1550,1563,-1,1563,1550,1551,-1,1563,1551,1564,-1,1564,1551,1552,-1,1564,1552,1565,-1,1565,1552,1553,-1,1565,1553,1566,-1,1566,1553,1554,-1,1566,1554,1567,-1,1567,1554,1555,-1,1567,1555,1568,-1,1568,1555,1556,-1,1568,1556,1569,-1,1569,1556,1557,-1,1569,1557,1570,-1,1570,1557,1558,-1,1570,1558,1571,-1,1571,1558,1559,-1,1571,1559,1572,-1,1572,1559,1560,-1,1572,1560,1010,-1,936,938,937,-1,937,938,940,-1,937,940,1573,-1,1573,940,1561,-1,1573,1561,1574,-1,1574,1561,1562,-1,1574,1562,1575,-1,1575,1562,1563,-1,1575,1563,1576,-1,1576,1563,1564,-1,1576,1564,1577,-1,1577,1564,1565,-1,1577,1565,1578,-1,1578,1565,1566,-1,1578,1566,1579,-1,1579,1566,1567,-1,1579,1567,1580,-1,1580,1567,1568,-1,1580,1568,1581,-1,1581,1568,1569,-1,1581,1569,1582,-1,1582,1569,1570,-1,1582,1570,1583,-1,1583,1570,1571,-1,1583,1571,1584,-1,1584,1571,1572,-1,1584,1572,1010,-1,1585,935,1586,-1,1586,935,937,-1,1586,937,1587,-1,1587,937,1573,-1,1587,1573,1588,-1,1588,1573,1574,-1,1588,1574,1589,-1,1589,1574,1575,-1,1589,1575,1590,-1,1590,1575,1576,-1,1590,1576,1591,-1,1591,1576,1577,-1,1591,1577,1592,-1,1592,1577,1578,-1,1592,1578,1593,-1,1593,1578,1579,-1,1593,1579,1594,-1,1594,1579,1580,-1,1594,1580,1595,-1,1595,1580,1581,-1,1595,1581,1596,-1,1596,1581,1582,-1,1596,1582,1597,-1,1597,1582,1583,-1,1597,1583,1598,-1,1598,1583,1584,-1,1598,1584,1010,-1,933,1585,934,-1,934,1585,1586,-1,934,1586,1599,-1,1599,1586,1587,-1,1599,1587,1600,-1,1600,1587,1588,-1,1600,1588,1601,-1,1601,1588,1589,-1,1601,1589,1602,-1,1602,1589,1590,-1,1602,1590,1603,-1,1603,1590,1591,-1,1603,1591,1604,-1,1604,1591,1592,-1,1604,1592,1605,-1,1605,1592,1593,-1,1605,1593,1606,-1,1606,1593,1594,-1,1606,1594,1607,-1,1607,1594,1595,-1,1607,1595,1608,-1,1608,1595,1596,-1,1608,1596,1609,-1,1609,1596,1597,-1,1609,1597,1610,-1,1610,1597,1598,-1,1610,1598,1010,-1,930,932,931,-1,931,932,934,-1,931,934,1611,-1,1611,934,1599,-1,1611,1599,1612,-1,1612,1599,1600,-1,1612,1600,1613,-1,1613,1600,1601,-1,1613,1601,1614,-1,1614,1601,1602,-1,1614,1602,1615,-1,1615,1602,1603,-1,1615,1603,1616,-1,1616,1603,1604,-1,1616,1604,1617,-1,1617,1604,1605,-1,1617,1605,1618,-1,1618,1605,1606,-1,1618,1606,1619,-1,1619,1606,1607,-1,1619,1607,1620,-1,1620,1607,1608,-1,1620,1608,1621,-1,1621,1608,1609,-1,1621,1609,1622,-1,1622,1609,1610,-1,1622,1610,1010,-1,1623,929,1624,-1,1624,929,931,-1,1624,931,1625,-1,1625,931,1611,-1,1625,1611,1626,-1,1626,1611,1612,-1,1626,1612,1627,-1,1627,1612,1613,-1,1627,1613,1628,-1,1628,1613,1614,-1,1628,1614,1629,-1,1629,1614,1615,-1,1629,1615,1630,-1,1630,1615,1616,-1,1630,1616,1631,-1,1631,1616,1617,-1,1631,1617,1632,-1,1632,1617,1618,-1,1632,1618,1633,-1,1633,1618,1619,-1,1633,1619,1634,-1,1634,1619,1620,-1,1634,1620,1635,-1,1635,1620,1621,-1,1635,1621,1636,-1,1636,1621,1622,-1,1636,1622,1010,-1,891,1623,1637,-1,1637,1623,1624,-1,1637,1624,1638,-1,1638,1624,1625,-1,1638,1625,1639,-1,1639,1625,1626,-1,1639,1626,1640,-1,1640,1626,1627,-1,1640,1627,1641,-1,1641,1627,1628,-1,1641,1628,1642,-1,1642,1628,1629,-1,1642,1629,1643,-1,1643,1629,1630,-1,1643,1630,1644,-1,1644,1630,1631,-1,1644,1631,1645,-1,1645,1631,1632,-1,1645,1632,1646,-1,1646,1632,1633,-1,1646,1633,1647,-1,1647,1633,1634,-1,1647,1634,1648,-1,1648,1634,1635,-1,1648,1635,1649,-1,1649,1635,1636,-1,1649,1636,1010,-1,927,891,928,-1,928,891,1637,-1,928,1637,1650,-1,1650,1637,1638,-1,1650,1638,1651,-1,1651,1638,1639,-1,1651,1639,1652,-1,1652,1639,1640,-1,1652,1640,1653,-1,1653,1640,1641,-1,1653,1641,1654,-1,1654,1641,1642,-1,1654,1642,1655,-1,1655,1642,1643,-1,1655,1643,1656,-1,1656,1643,1644,-1,1656,1644,1657,-1,1657,1644,1645,-1,1657,1645,1658,-1,1658,1645,1646,-1,1658,1646,1659,-1,1659,1646,1647,-1,1659,1647,1660,-1,1660,1647,1648,-1,1660,1648,1661,-1,1661,1648,1649,-1,1661,1649,1010,-1,924,926,925,-1,925,926,928,-1,925,928,1662,-1,1662,928,1650,-1,1662,1650,1663,-1,1663,1650,1651,-1,1663,1651,1664,-1,1664,1651,1652,-1,1664,1652,1665,-1,1665,1652,1653,-1,1665,1653,1666,-1,1666,1653,1654,-1,1666,1654,1667,-1,1667,1654,1655,-1,1667,1655,1668,-1,1668,1655,1656,-1,1668,1656,1669,-1,1669,1656,1657,-1,1669,1657,1670,-1,1670,1657,1658,-1,1670,1658,1671,-1,1671,1658,1659,-1,1671,1659,1672,-1,1672,1659,1660,-1,1672,1660,1673,-1,1673,1660,1661,-1,1673,1661,1010,-1,1674,923,1675,-1,1675,923,925,-1,1675,925,1676,-1,1676,925,1662,-1,1676,1662,1677,-1,1677,1662,1663,-1,1677,1663,1678,-1,1678,1663,1664,-1,1678,1664,1679,-1,1679,1664,1665,-1,1679,1665,1680,-1,1680,1665,1666,-1,1680,1666,1681,-1,1681,1666,1667,-1,1681,1667,1682,-1,1682,1667,1668,-1,1682,1668,1683,-1,1683,1668,1669,-1,1683,1669,1684,-1,1684,1669,1670,-1,1684,1670,1685,-1,1685,1670,1671,-1,1685,1671,1686,-1,1686,1671,1672,-1,1686,1672,1687,-1,1687,1672,1673,-1,1687,1673,1010,-1,921,1674,922,-1,922,1674,1675,-1,922,1675,1688,-1,1688,1675,1676,-1,1688,1676,1689,-1,1689,1676,1677,-1,1689,1677,1690,-1,1690,1677,1678,-1,1690,1678,1691,-1,1691,1678,1679,-1,1691,1679,1692,-1,1692,1679,1680,-1,1692,1680,1693,-1,1693,1680,1681,-1,1693,1681,1694,-1,1694,1681,1682,-1,1694,1682,1695,-1,1695,1682,1683,-1,1695,1683,1696,-1,1696,1683,1684,-1,1696,1684,1697,-1,1697,1684,1685,-1,1697,1685,1698,-1,1698,1685,1686,-1,1698,1686,1699,-1,1699,1686,1687,-1,1699,1687,1010,-1,918,920,919,-1,919,920,922,-1,919,922,1700,-1,1700,922,1688,-1,1700,1688,1701,-1,1701,1688,1689,-1,1701,1689,1702,-1,1702,1689,1690,-1,1702,1690,1703,-1,1703,1690,1691,-1,1703,1691,1704,-1,1704,1691,1692,-1,1704,1692,1705,-1,1705,1692,1693,-1,1705,1693,1706,-1,1706,1693,1694,-1,1706,1694,1707,-1,1707,1694,1695,-1,1707,1695,1708,-1,1708,1695,1696,-1,1708,1696,1709,-1,1709,1696,1697,-1,1709,1697,1710,-1,1710,1697,1698,-1,1710,1698,1711,-1,1711,1698,1699,-1,1711,1699,1010,-1,1712,917,1713,-1,1713,917,919,-1,1713,919,1714,-1,1714,919,1700,-1,1714,1700,1715,-1,1715,1700,1701,-1,1715,1701,1716,-1,1716,1701,1702,-1,1716,1702,1717,-1,1717,1702,1703,-1,1717,1703,1718,-1,1718,1703,1704,-1,1718,1704,1719,-1,1719,1704,1705,-1,1719,1705,1720,-1,1720,1705,1706,-1,1720,1706,1721,-1,1721,1706,1707,-1,1721,1707,1722,-1,1722,1707,1708,-1,1722,1708,1723,-1,1723,1708,1709,-1,1723,1709,1724,-1,1724,1709,1710,-1,1724,1710,1725,-1,1725,1710,1711,-1,1725,1711,1010,-1,896,1712,1098,-1,1098,1712,1713,-1,1098,1713,1097,-1,1097,1713,1714,-1,1097,1714,1096,-1,1096,1714,1715,-1,1096,1715,1095,-1,1095,1715,1716,-1,1095,1716,1094,-1,1094,1716,1717,-1,1094,1717,1093,-1,1093,1717,1718,-1,1093,1718,1092,-1,1092,1718,1719,-1,1092,1719,1091,-1,1091,1719,1720,-1,1091,1720,1090,-1,1090,1720,1721,-1,1090,1721,1089,-1,1089,1721,1722,-1,1089,1722,1088,-1,1088,1722,1723,-1,1088,1723,1087,-1,1087,1723,1724,-1,1087,1724,1086,-1,1086,1724,1725,-1,1086,1725,1010,-1,9,8,138,-1,138,8,83,-1,138,83,127,-1,127,83,82,-1,1726,1727,1728,-1,1729,1730,127,-1,127,1730,1731,-1,127,1731,138,-1,1729,127,1728,-1,1728,127,1732,-1,1728,1732,1733,-1,1734,1735,1728,-1,1736,1737,1728,-1,1728,1737,1738,-1,1728,1738,1726,-1,1733,1739,1728,-1,1728,1739,1740,-1,1728,1740,1736,-1,1727,1741,1728,-1,1728,1741,1742,-1,1728,1742,1743,-1,1743,1744,1728,-1,1728,1744,1745,-1,1728,1745,1746,-1,1746,1747,1728,-1,1728,1747,1748,-1,1728,1748,1749,-1,1735,1750,1728,-1,1728,1750,1751,-1,1728,1751,1752,-1,1749,1753,1728,-1,1728,1753,1754,-1,1728,1754,1734,-1,
        ]
    }
}
Shape{
    appearance Appearance {
        material  Material {
            diffuseColor 1.0 1.0 1.0
            specularColor 0.5019607843137255 0.5019607843137255 0.5019607843137255
            ambientIntensity 1.0
            transparency 0.0
            shininess 0.5
        }
    }
    geometry IndexedFaceSet {
        ccw TRUE
        solid FALSE
        coord DEF co Coordinate {
            point [
                -0.3497 -0.017 -0.0394, -0.3488 -0.0 0.0, -0.3542 -0.0408 0.0, -0.3699 -0.0787 0.0, -0.3571 -0.0503 -0.0394, -0.3549 -0.0406 -0.0394, -0.3952 -0.111 -0.0394, -0.392 -0.1083 -0.0394, -0.3949 -0.1114 0.0, -0.3714 -0.0812 -0.0394, -0.3702 -0.0786 -0.0394, -0.4179 -0.1303 -0.0394, -0.4276 -0.1364 0.0, -0.4279 -0.1357 -0.0394, -0.448 -0.1463 -0.0394, -0.4655 -0.1521 0.0, -0.4658 -0.1512 -0.0394, -0.4808 -0.1554 -0.0394, -0.5063 -0.1575 0.0, -0.5063 -0.1568 -0.0394, -0.5148 -0.1572 -0.0394, -0.5471 -0.1521 0.0, -0.547 -0.152 -0.0394, -0.5484 -0.1517 -0.0394, -0.585 -0.1364 0.0, -0.5801 -0.1391 -0.0394, -0.6177 -0.1114 0.0, -0.6083 -0.12 -0.0394, -0.5848 -0.136 -0.0394, -0.6427 -0.0787 0.0, -0.6317 -0.0953 -0.0394, -0.617 -0.1108 -0.0394, -0.6584 -0.0408 0.0, -0.6492 -0.0661 -0.0394, -0.6419 -0.0783 -0.0394, -0.6638 0.0 0.0, -0.6601 -0.0339 -0.0394, -0.6578 -0.0406 -0.0394, -0.6584 0.0408 0.0, -0.6601 0.0339 -0.0394, -0.6638 0.0 -0.0394, -0.6427 0.0787 0.0, -0.6492 0.0661 -0.0394, -0.6578 0.0406 -0.0394, -0.6177 0.1114 0.0, -0.6317 0.0953 -0.0394, -0.6419 0.0783 -0.0394, -0.585 0.1364 0.0, -0.6083 0.12 -0.0394, -0.617 0.1108 -0.0394, -0.547 0.152 -0.0394, -0.5484 0.1517 -0.0394, -0.5471 0.1521 0.0, -0.5801 0.1391 -0.0394, -0.5848 0.136 -0.0394, -0.5148 0.1572 -0.0394, -0.5063 0.1575 0.0, -0.5063 0.1568 -0.0394, -0.4808 0.1554 -0.0394, -0.4655 0.1521 0.0, -0.4658 0.1512 -0.0394, -0.448 0.1463 -0.0394, -0.4276 0.1364 0.0, -0.4279 0.1357 -0.0394, -0.4179 0.1303 -0.0394, -0.3949 0.1114 0.0, -0.3952 0.111 -0.0394, -0.392 0.1083 -0.0394, -0.3699 0.0787 0.0, -0.3714 0.0812 -0.0394, -0.3542 0.0408 0.0, -0.3571 0.0503 -0.0394, -0.3702 0.0786 -0.0394, -0.3497 0.0 -0.0394, -0.3497 0.017 -0.0394, -0.3549 0.0406 -0.0394, -0.5457 0.0 -0.1575, -0.5448 0.0085 -0.1575, -0.5063 0.0 -0.1575, -0.5448 -0.0085 -0.1575, -0.5318 -0.03 -0.1575, -0.5376 -0.0238 -0.1575, -0.542 -0.0165 -0.1575, -0.5084 -0.0393 -0.1575, -0.5168 -0.0379 -0.1575, -0.5247 -0.0348 -0.1575, -0.4842 -0.0326 -0.1575, -0.4917 -0.0366 -0.1575, -0.4999 -0.0389 -0.1575, -0.469 -0.0126 -0.1575, -0.4726 -0.0203 -0.1575, -0.4777 -0.0271 -0.1575, -0.469 0.0126 -0.1575, -0.4672 0.0043 -0.1575, -0.4672 -0.0043 -0.1575, -0.4842 0.0326 -0.1575, -0.4777 0.0271 -0.1575, -0.4726 0.0203 -0.1575, -0.5084 0.0393 -0.1575, -0.4999 0.0389 -0.1575, -0.4917 0.0366 -0.1575, -0.5318 0.03 -0.1575, -0.5247 0.0348 -0.1575, -0.5168 0.0379 -0.1575, -0.542 0.0165 -0.1575, -0.5376 0.0238 -0.1575, -0.6465 0.0649 -0.0657, -0.6293 0.0935 -0.0657, -0.6063 0.1178 -0.0657, -0.5787 0.1365 -0.0657, -0.5147 0.1543 -0.0657, -0.4813 0.1525 -0.0657, -0.4491 0.1435 -0.0657, -0.4196 0.1279 -0.0657, -0.3941 0.1063 -0.0657, -0.3599 0.0493 -0.0657, -0.3527 0.0167 -0.0657, -0.3527 -0.0167 -0.0657, -0.3599 -0.0493 -0.0657, -0.3739 -0.0797 -0.0657, -0.4196 -0.1279 -0.0657, -0.4491 -0.1435 -0.0657, -0.5147 -0.1543 -0.0657, -0.5476 -0.1489 -0.0657, -0.6063 -0.1178 -0.0657, -0.6293 -0.0935 -0.0657, -0.6465 -0.0649 -0.0657, -0.6572 -0.0332 -0.0657, -0.4957 -0.0648 -0.1545, -0.482 -0.061 -0.1545, -0.4916 -0.0894 -0.1458, -0.4728 -0.0842 -0.1458, -0.488 -0.1115 -0.1317, -0.4645 -0.105 -0.1317, -0.485 -0.13 -0.113, -0.4575 -0.1224 -0.113, -0.4827 -0.1439 -0.0906, -0.4523 -0.1354 -0.0906, -0.4813 -0.1525 -0.0657, -0.572 0.0 -0.1545, -0.5704 -0.0141 -0.1545, -0.5969 0.0 -0.1458, -0.5948 -0.0195 -0.1458, -0.6193 0.0 -0.1317, -0.6167 -0.0243 -0.1317, -0.638 0.0 -0.113, -0.6349 -0.0283 -0.113, -0.6521 0.0 -0.0906, -0.6487 -0.0313 -0.0906, -0.6608 0.0 -0.0657, -0.6386 -0.0612 -0.0906, -0.6258 -0.0553 -0.113, -0.6089 -0.0475 -0.1317, -0.5885 -0.038 -0.1458, -0.5659 -0.0276 -0.1545, -0.6224 -0.0882 -0.0906, -0.6112 -0.0797 -0.113, -0.5963 -0.0684 -0.1317, -0.5784 -0.0548 -0.1458, -0.5586 -0.0397 -0.1545, -0.6007 -0.1111 -0.0906, -0.5916 -0.1004 -0.113, -0.5795 -0.0861 -0.1317, -0.565 -0.0691 -0.1458, -0.5488 -0.05 -0.1545, -0.5787 -0.1365 -0.0657, -0.5746 -0.1288 -0.0906, -0.568 -0.1164 -0.113, -0.5592 -0.0998 -0.1317, -0.5487 -0.0801 -0.1458, -0.5371 -0.058 -0.1545, -0.5239 -0.0633 -0.1545, -0.5305 -0.0873 -0.1458, -0.5365 -0.1089 -0.1317, -0.5415 -0.1269 -0.113, -0.5453 -0.1405 -0.0906, -0.5142 -0.1456 -0.0906, -0.5134 -0.1315 -0.113, -0.5124 -0.1128 -0.1317, -0.5112 -0.0905 -0.1458, -0.5099 -0.0656 -0.1545, -0.4245 -0.1207 -0.0906, -0.4324 -0.109 -0.113, -0.4429 -0.0935 -0.1317, -0.4554 -0.075 -0.1458, -0.4695 -0.0543 -0.1545, -0.3941 -0.1063 -0.0657, -0.4005 -0.1003 -0.0906, -0.4107 -0.0906 -0.113, -0.4243 -0.0777 -0.1317, -0.4405 -0.0623 -0.1458, -0.4586 -0.0451 -0.1545, -0.45 -0.0338 -0.1545, -0.4287 -0.0467 -0.1458, -0.4095 -0.0583 -0.1317, -0.3934 -0.0679 -0.113, -0.3814 -0.0752 -0.0906, -0.3681 -0.0465 -0.0906, -0.3815 -0.0421 -0.113, -0.3992 -0.0361 -0.1317, -0.4204 -0.0289 -0.1458, -0.4441 -0.021 -0.1545, -0.3614 -0.0158 -0.0906, -0.3754 -0.0142 -0.113, -0.394 -0.0122 -0.1317, -0.4162 -0.0098 -0.1458, -0.441 -0.0071 -0.1545, -0.3614 0.0158 -0.0906, -0.3754 0.0142 -0.113, -0.394 0.0122 -0.1317, -0.4162 0.0098 -0.1458, -0.441 0.0071 -0.1545, -0.3681 0.0465 -0.0906, -0.3815 0.0421 -0.113, -0.3992 0.0361 -0.1317, -0.4204 0.0289 -0.1458, -0.4441 0.021 -0.1545, -0.3739 0.0797 -0.0657, -0.3814 0.0752 -0.0906, -0.3934 0.0679 -0.113, -0.4095 0.0583 -0.1317, -0.4287 0.0467 -0.1458, -0.45 0.0338 -0.1545, -0.4586 0.0451 -0.1545, -0.4405 0.0623 -0.1458, -0.4243 0.0777 -0.1317, -0.4107 0.0906 -0.113, -0.4005 0.1003 -0.0906, -0.4245 0.1207 -0.0906, -0.4324 0.109 -0.113, -0.4429 0.0935 -0.1317, -0.4554 0.075 -0.1458, -0.4695 0.0543 -0.1545, -0.4523 0.1354 -0.0906, -0.4575 0.1224 -0.113, -0.4645 0.105 -0.1317, -0.4728 0.0842 -0.1458, -0.482 0.061 -0.1545, -0.4827 0.1439 -0.0906, -0.485 0.13 -0.113, -0.488 0.1115 -0.1317, -0.4916 0.0894 -0.1458, -0.4957 0.0648 -0.1545, -0.5142 0.1456 -0.0906, -0.5134 0.1315 -0.113, -0.5124 0.1128 -0.1317, -0.5112 0.0905 -0.1458, -0.5099 0.0656 -0.1545, -0.5476 0.1489 -0.0657, -0.5453 0.1405 -0.0906, -0.5415 0.1269 -0.113, -0.5365 0.1089 -0.1317, -0.5305 0.0873 -0.1458, -0.5239 0.0633 -0.1545, -0.5371 0.058 -0.1545, -0.5487 0.0801 -0.1458, -0.5592 0.0998 -0.1317, -0.568 0.1164 -0.113, -0.5746 0.1288 -0.0906, -0.6007 0.1111 -0.0906, -0.5916 0.1004 -0.113, -0.5795 0.0861 -0.1317, -0.565 0.0691 -0.1458, -0.5488 0.05 -0.1545, -0.6224 0.0882 -0.0906, -0.6112 0.0797 -0.113, -0.5963 0.0684 -0.1317, -0.5784 0.0548 -0.1458, -0.5586 0.0397 -0.1545, -0.6386 0.0612 -0.0906, -0.6258 0.0553 -0.113, -0.6089 0.0475 -0.1317, -0.5885 0.038 -0.1458, -0.5659 0.0276 -0.1545, -0.6572 0.0332 -0.0657, -0.6487 0.0313 -0.0906, -0.6349 0.0283 -0.113, -0.6167 0.0243 -0.1317, -0.5948 0.0195 -0.1458, -0.5704 0.0141 -0.1545, 0.6344 -0.0707 -0.0394, 0.6344 -0.0707 0.0, 0.6286 -0.0812 -0.0394, 0.612 -0.1039 0.0, 0.6116 -0.1036 -0.0394, 0.608 -0.1083 -0.0394, 0.5463 -0.1484 0.0, 0.552 -0.1463 -0.0394, 0.582 -0.1304 0.0, 0.582 -0.1304 -0.0394, 0.5821 -0.1303 -0.0394, 0.5072 -0.1569 0.0, 0.5192 -0.1554 -0.0394, 0.5461 -0.1479 -0.0394, 0.4672 -0.1552 0.0, 0.4852 -0.1572 -0.0394, 0.5071 -0.1561 -0.0394, 0.4289 -0.1435 0.0, 0.4516 -0.1517 -0.0394, 0.4673 -0.1543 -0.0394, 0.3948 -0.1226 0.0, 0.4199 -0.1391 -0.0394, 0.4292 -0.1428 -0.0394, 0.3673 -0.0936 -0.0394, 0.3683 -0.0953 -0.0394, 0.3671 -0.0937 0.0, 0.3917 -0.12 -0.0394, 0.395 -0.1222 -0.0394, 0.3508 -0.0661 -0.0394, 0.3476 -0.0587 0.0, 0.3482 -0.0585 -0.0394, 0.3399 -0.0339 -0.0394, 0.3375 -0.02 0.0, 0.3384 -0.0199 -0.0394, 0.3362 0.0 -0.0394, 0.3375 0.02 0.0, 0.3384 0.0199 -0.0394, 0.3399 0.0339 -0.0394, 0.3476 0.0587 0.0, 0.3482 0.0585 -0.0394, 0.3508 0.0661 -0.0394, 0.3671 0.0937 0.0, 0.3673 0.0936 -0.0394, 0.3683 0.0953 -0.0394, 0.3948 0.1226 0.0, 0.3917 0.12 -0.0394, 0.4289 0.1435 0.0, 0.4199 0.1391 -0.0394, 0.395 0.1222 -0.0394, 0.4672 0.1552 0.0, 0.4516 0.1517 -0.0394, 0.4292 0.1428 -0.0394, 0.5072 0.1569 0.0, 0.4852 0.1572 -0.0394, 0.4673 0.1543 -0.0394, 0.5463 0.1484 0.0, 0.5192 0.1554 -0.0394, 0.5071 0.1561 -0.0394, 0.582 0.1304 0.0, 0.552 0.1463 -0.0394, 0.5461 0.1479 -0.0394, 0.6116 0.1036 -0.0394, 0.608 0.1083 -0.0394, 0.612 0.1039 0.0, 0.5821 0.1303 -0.0394, 0.582 0.1304 -0.0394, 0.6286 0.0812 -0.0394, 0.6344 0.0707 0.0, 0.6344 0.0707 -0.0394, 0.4543 0.0 -0.1575, 0.4552 0.0085 -0.1575, 0.4937 0.0 -0.1575, 0.4552 -0.0085 -0.1575, 0.4682 -0.03 -0.1575, 0.4624 -0.0238 -0.1575, 0.458 -0.0165 -0.1575, 0.4916 -0.0393 -0.1575, 0.4832 -0.0379 -0.1575, 0.4753 -0.0348 -0.1575, 0.5158 -0.0326 -0.1575, 0.5083 -0.0366 -0.1575, 0.5001 -0.0389 -0.1575, 0.531 -0.0126 -0.1575, 0.5274 -0.0203 -0.1575, 0.5223 -0.0271 -0.1575, 0.531 0.0126 -0.1575, 0.5328 0.0043 -0.1575, 0.5328 -0.0043 -0.1575, 0.5158 0.0326 -0.1575, 0.5223 0.0271 -0.1575, 0.5274 0.0203 -0.1575, 0.4916 0.0393 -0.1575, 0.5001 0.0389 -0.1575, 0.5083 0.0366 -0.1575, 0.4682 0.03 -0.1575, 0.4753 0.0348 -0.1575, 0.4832 0.0379 -0.1575, 0.458 0.0165 -0.1575, 0.4624 0.0238 -0.1575, 0.3428 0.0332 -0.0657, 0.3535 0.0649 -0.0657, 0.3707 0.0935 -0.0657, 0.4213 0.1365 -0.0657, 0.4524 0.1489 -0.0657, 0.4853 0.1543 -0.0657, 0.5187 0.1525 -0.0657, 0.5509 0.1435 -0.0657, 0.5804 0.1279 -0.0657, 0.6261 0.0797 -0.0657, 0.5187 -0.1525 -0.0657, 0.4853 -0.1543 -0.0657, 0.4213 -0.1365 -0.0657, 0.3937 -0.1178 -0.0657, 0.3535 -0.0649 -0.0657, 0.3428 -0.0332 -0.0657, 0.3392 0.0 -0.0657, 0.6344 0.068 -0.0564, 0.6344 0.0636 -0.0656, 0.6344 0.0489 -0.0835, 0.6344 0.0474 -0.0844, 0.6319 0.0465 -0.0906, 0.6344 0.0157 -0.0986, 0.6344 0.0153 -0.0986, 0.6246 0.0142 -0.113, 0.6344 -0.0674 -0.0578, 0.6344 -0.069 -0.0527, 0.6261 -0.0797 -0.0657, 0.6344 -0.0707 -0.0401, 0.6344 -0.0474 -0.0846, 0.6344 -0.0489 -0.0834, 0.6186 -0.0752 -0.0906, 0.6344 -0.0586 -0.0735, 0.6344 -0.0615 -0.0696, 0.6344 -0.0635 -0.0656, 0.6344 -0.0153 -0.0983, 0.6344 -0.0253 -0.0961, 0.6185 -0.0421 -0.113, 0.6344 -0.0315 -0.0938, 0.6319 -0.0465 -0.0906, 0.6344 -0.0374 -0.0906, 0.6344 -0.0446 -0.0867, 0.6344 0.0 -0.1001, 0.6344 -0.0098 -0.0995, 0.6246 -0.0142 -0.113, 0.6344 0.0258 -0.096, 0.6344 0.0393 -0.09, 0.6344 0.0379 -0.0906, 0.6185 0.0421 -0.113, 0.6186 0.0752 -0.0906, 0.6344 0.0624 -0.0681, 0.6344 0.0584 -0.0738, 0.6344 0.0699 -0.0489, 0.5559 -0.021 -0.1545, 0.559 -0.0071 -0.1545, 0.5796 -0.0289 -0.1458, 0.5838 -0.0098 -0.1458, 0.6008 -0.0361 -0.1317, 0.606 -0.0122 -0.1317, 0.559 0.0071 -0.1545, 0.5838 0.0098 -0.1458, 0.606 0.0122 -0.1317, 0.5559 0.021 -0.1545, 0.5796 0.0289 -0.1458, 0.6008 0.0361 -0.1317, 0.55 -0.0338 -0.1545, 0.5713 -0.0467 -0.1458, 0.5905 -0.0583 -0.1317, 0.6066 -0.0679 -0.113, 0.55 0.0338 -0.1545, 0.5713 0.0467 -0.1458, 0.5905 0.0583 -0.1317, 0.6066 0.0679 -0.113, 0.4761 -0.0633 -0.1545, 0.4901 -0.0656 -0.1545, 0.4695 -0.0873 -0.1458, 0.4888 -0.0905 -0.1458, 0.4635 -0.1089 -0.1317, 0.4876 -0.1128 -0.1317, 0.4585 -0.1269 -0.113, 0.4866 -0.1315 -0.113, 0.4547 -0.1405 -0.0906, 0.4858 -0.1456 -0.0906, 0.4524 -0.1489 -0.0657, 0.5305 -0.0543 -0.1545, 0.5414 -0.0451 -0.1545, 0.5446 -0.075 -0.1458, 0.5595 -0.0623 -0.1458, 0.5571 -0.0935 -0.1317, 0.5757 -0.0777 -0.1317, 0.5676 -0.109 -0.113, 0.5893 -0.0906 -0.113, 0.5755 -0.1207 -0.0906, 0.5995 -0.1003 -0.0906, 0.5804 -0.1279 -0.0657, 0.6059 -0.1063 -0.0657, 0.3513 -0.0313 -0.0906, 0.3479 0.0 -0.0906, 0.3651 -0.0283 -0.113, 0.362 0.0 -0.113, 0.3833 -0.0243 -0.1317, 0.3807 0.0 -0.1317, 0.4052 -0.0195 -0.1458, 0.4031 0.0 -0.1458, 0.4296 -0.0141 -0.1545, 0.428 0.0 -0.1545, 0.3614 -0.0612 -0.0906, 0.3742 -0.0553 -0.113, 0.3911 -0.0475 -0.1317, 0.4115 -0.038 -0.1458, 0.4341 -0.0276 -0.1545, 0.3707 -0.0935 -0.0657, 0.3776 -0.0882 -0.0906, 0.3888 -0.0797 -0.113, 0.4037 -0.0684 -0.1317, 0.4216 -0.0548 -0.1458, 0.4414 -0.0397 -0.1545, 0.4512 -0.05 -0.1545, 0.435 -0.0691 -0.1458, 0.4205 -0.0861 -0.1317, 0.4084 -0.1004 -0.113, 0.3993 -0.1111 -0.0906, 0.4254 -0.1288 -0.0906, 0.432 -0.1164 -0.113, 0.4408 -0.0998 -0.1317, 0.4513 -0.0801 -0.1458, 0.4629 -0.058 -0.1545, 0.5173 -0.1439 -0.0906, 0.515 -0.13 -0.113, 0.512 -0.1115 -0.1317, 0.5084 -0.0894 -0.1458, 0.5043 -0.0648 -0.1545, 0.518 -0.061 -0.1545, 0.5272 -0.0842 -0.1458, 0.5355 -0.105 -0.1317, 0.5424 -0.1224 -0.113, 0.5477 -0.1354 -0.0906, 0.5509 -0.1435 -0.0657, 0.6059 0.1063 -0.0657, 0.5995 0.1003 -0.0906, 0.5893 0.0906 -0.113, 0.5757 0.0777 -0.1317, 0.5595 0.0623 -0.1458, 0.5414 0.0451 -0.1545, 0.5305 0.0543 -0.1545, 0.5446 0.075 -0.1458, 0.5571 0.0935 -0.1317, 0.5676 0.109 -0.113, 0.5755 0.1207 -0.0906, 0.5477 0.1354 -0.0906, 0.5424 0.1224 -0.113, 0.5355 0.105 -0.1317, 0.5272 0.0842 -0.1458, 0.518 0.061 -0.1545, 0.5173 0.1439 -0.0906, 0.515 0.13 -0.113, 0.512 0.1115 -0.1317, 0.5084 0.0894 -0.1458, 0.5043 0.0648 -0.1545, 0.4858 0.1456 -0.0906, 0.4866 0.1315 -0.113, 0.4876 0.1128 -0.1317, 0.4888 0.0905 -0.1458, 0.4901 0.0656 -0.1545, 0.4547 0.1405 -0.0906, 0.4585 0.1269 -0.113, 0.4635 0.1089 -0.1317, 0.4695 0.0873 -0.1458, 0.4761 0.0633 -0.1545, 0.4254 0.1288 -0.0906, 0.432 0.1164 -0.113, 0.4408 0.0998 -0.1317, 0.4513 0.0801 -0.1458, 0.4629 0.058 -0.1545, 0.3937 0.1178 -0.0657, 0.3993 0.1111 -0.0906, 0.4084 0.1004 -0.113, 0.4205 0.0861 -0.1317, 0.435 0.0691 -0.1458, 0.4512 0.05 -0.1545, 0.4414 0.0397 -0.1545, 0.4216 0.0548 -0.1458, 0.4037 0.0684 -0.1317, 0.3888 0.0797 -0.113, 0.3776 0.0882 -0.0906, 0.3614 0.0612 -0.0906, 0.3742 0.0553 -0.113, 0.3911 0.0475 -0.1317, 0.4115 0.038 -0.1458, 0.4341 0.0276 -0.1545, 0.3513 0.0313 -0.0906, 0.3651 0.0283 -0.113, 0.3833 0.0243 -0.1317, 0.4052 0.0195 -0.1458, 0.4296 0.0141 -0.1545
            ]
        }
        coordIndex [
            0,1,2,-1,3,4,2,-1,2,4,5,-1,2,5,0,-1,6,7,8,-1,8,7,9,-1,8,9,3,-1,3,9,10,-1,3,10,4,-1,6,8,11,-1,11,8,12,-1,11,12,13,-1,13,12,14,-1,14,12,15,-1,14,15,16,-1,16,15,17,-1,17,15,18,-1,17,18,19,-1,19,18,20,-1,20,18,21,-1,20,21,22,-1,22,21,23,-1,23,21,24,-1,23,24,25,-1,26,27,24,-1,24,27,28,-1,24,28,25,-1,29,30,26,-1,26,30,31,-1,26,31,27,-1,32,33,29,-1,29,33,34,-1,29,34,30,-1,35,36,32,-1,32,36,37,-1,32,37,33,-1,38,39,35,-1,35,39,40,-1,35,40,36,-1,41,42,38,-1,38,42,43,-1,38,43,39,-1,44,45,41,-1,41,45,46,-1,41,46,42,-1,47,48,44,-1,44,48,49,-1,44,49,45,-1,50,51,52,-1,52,51,53,-1,52,53,47,-1,47,53,54,-1,47,54,48,-1,50,52,55,-1,55,52,56,-1,55,56,57,-1,57,56,58,-1,58,56,59,-1,58,59,60,-1,60,59,61,-1,61,59,62,-1,61,62,63,-1,63,62,64,-1,64,62,65,-1,64,65,66,-1,66,65,67,-1,67,65,68,-1,67,68,69,-1,70,71,68,-1,68,71,72,-1,68,72,69,-1,0,73,1,-1,1,73,74,-1,1,74,70,-1,70,74,75,-1,70,75,71,-1,76,77,78,-1,76,78,79,-1,80,81,78,-1,78,81,82,-1,78,82,79,-1,83,84,78,-1,78,84,85,-1,78,85,80,-1,86,87,78,-1,78,87,88,-1,78,88,83,-1,89,90,78,-1,78,90,91,-1,78,91,86,-1,92,93,78,-1,78,93,94,-1,78,94,89,-1,95,96,78,-1,78,96,97,-1,78,97,92,-1,98,99,78,-1,78,99,100,-1,78,100,95,-1,101,102,78,-1,78,102,103,-1,78,103,98,-1,77,104,78,-1,78,104,105,-1,78,105,101,-1,43,42,106,-1,46,45,107,-1,49,48,108,-1,54,53,109,-1,50,55,110,-1,57,58,111,-1,60,61,112,-1,63,64,113,-1,66,67,114,-1,72,71,115,-1,75,74,116,-1,73,0,117,-1,5,4,118,-1,10,9,119,-1,6,11,120,-1,13,14,121,-1,19,20,122,-1,22,23,123,-1,28,27,124,-1,31,30,125,-1,34,33,126,-1,37,36,127,-1,88,87,128,-1,128,87,129,-1,128,129,130,-1,130,129,131,-1,130,131,132,-1,132,131,133,-1,132,133,134,-1,134,133,135,-1,134,135,136,-1,136,135,137,-1,136,137,138,-1,138,137,121,-1,76,79,139,-1,139,79,140,-1,139,140,141,-1,141,140,142,-1,141,142,143,-1,143,142,144,-1,143,144,145,-1,145,144,146,-1,145,146,147,-1,147,146,148,-1,147,148,149,-1,149,148,127,-1,149,127,40,-1,40,127,36,-1,33,37,126,-1,126,37,127,-1,126,127,150,-1,150,127,148,-1,150,148,151,-1,151,148,146,-1,151,146,152,-1,152,146,144,-1,152,144,153,-1,153,144,142,-1,153,142,154,-1,154,142,140,-1,154,140,82,-1,82,140,79,-1,30,34,125,-1,125,34,126,-1,125,126,155,-1,155,126,150,-1,155,150,156,-1,156,150,151,-1,156,151,157,-1,157,151,152,-1,157,152,158,-1,158,152,153,-1,158,153,159,-1,159,153,154,-1,159,154,81,-1,81,154,82,-1,27,31,124,-1,124,31,125,-1,124,125,160,-1,160,125,155,-1,160,155,161,-1,161,155,156,-1,161,156,162,-1,162,156,157,-1,162,157,163,-1,163,157,158,-1,163,158,164,-1,164,158,159,-1,164,159,80,-1,80,159,81,-1,25,28,165,-1,165,28,124,-1,165,124,166,-1,166,124,160,-1,166,160,167,-1,167,160,161,-1,167,161,168,-1,168,161,162,-1,168,162,169,-1,169,162,163,-1,169,163,170,-1,170,163,164,-1,170,164,85,-1,85,164,80,-1,85,84,170,-1,170,84,171,-1,170,171,169,-1,169,171,172,-1,169,172,168,-1,168,172,173,-1,168,173,167,-1,167,173,174,-1,167,174,166,-1,166,174,175,-1,166,175,165,-1,165,175,123,-1,165,123,25,-1,25,123,23,-1,20,22,122,-1,122,22,123,-1,122,123,176,-1,176,123,175,-1,176,175,177,-1,177,175,174,-1,177,174,178,-1,178,174,173,-1,178,173,179,-1,179,173,172,-1,179,172,180,-1,180,172,171,-1,180,171,83,-1,83,171,84,-1,17,19,138,-1,138,19,122,-1,138,122,136,-1,136,122,176,-1,136,176,134,-1,134,176,177,-1,134,177,132,-1,132,177,178,-1,132,178,130,-1,130,178,179,-1,130,179,128,-1,128,179,180,-1,128,180,88,-1,88,180,83,-1,121,14,138,-1,138,14,16,-1,138,16,17,-1,11,13,120,-1,120,13,121,-1,120,121,181,-1,181,121,137,-1,181,137,182,-1,182,137,135,-1,182,135,183,-1,183,135,133,-1,183,133,184,-1,184,133,131,-1,184,131,185,-1,185,131,129,-1,185,129,86,-1,86,129,87,-1,7,6,186,-1,186,6,120,-1,186,120,187,-1,187,120,181,-1,187,181,188,-1,188,181,182,-1,188,182,189,-1,189,182,183,-1,189,183,190,-1,190,183,184,-1,190,184,191,-1,191,184,185,-1,191,185,91,-1,91,185,86,-1,91,90,191,-1,191,90,192,-1,191,192,190,-1,190,192,193,-1,190,193,189,-1,189,193,194,-1,189,194,188,-1,188,194,195,-1,188,195,187,-1,187,195,196,-1,187,196,186,-1,186,196,119,-1,186,119,7,-1,7,119,9,-1,4,10,118,-1,118,10,119,-1,118,119,197,-1,197,119,196,-1,197,196,198,-1,198,196,195,-1,198,195,199,-1,199,195,194,-1,199,194,200,-1,200,194,193,-1,200,193,201,-1,201,193,192,-1,201,192,89,-1,89,192,90,-1,0,5,117,-1,117,5,118,-1,117,118,202,-1,202,118,197,-1,202,197,203,-1,203,197,198,-1,203,198,204,-1,204,198,199,-1,204,199,205,-1,205,199,200,-1,205,200,206,-1,206,200,201,-1,206,201,94,-1,94,201,89,-1,74,73,116,-1,116,73,117,-1,116,117,207,-1,207,117,202,-1,207,202,208,-1,208,202,203,-1,208,203,209,-1,209,203,204,-1,209,204,210,-1,210,204,205,-1,210,205,211,-1,211,205,206,-1,211,206,93,-1,93,206,94,-1,71,75,115,-1,115,75,116,-1,115,116,212,-1,212,116,207,-1,212,207,213,-1,213,207,208,-1,213,208,214,-1,214,208,209,-1,214,209,215,-1,215,209,210,-1,215,210,216,-1,216,210,211,-1,216,211,92,-1,92,211,93,-1,69,72,217,-1,217,72,115,-1,217,115,218,-1,218,115,212,-1,218,212,219,-1,219,212,213,-1,219,213,220,-1,220,213,214,-1,220,214,221,-1,221,214,215,-1,221,215,222,-1,222,215,216,-1,222,216,97,-1,97,216,92,-1,97,96,222,-1,222,96,223,-1,222,223,221,-1,221,223,224,-1,221,224,220,-1,220,224,225,-1,220,225,219,-1,219,225,226,-1,219,226,218,-1,218,226,227,-1,218,227,217,-1,217,227,114,-1,217,114,69,-1,69,114,67,-1,64,66,113,-1,113,66,114,-1,113,114,228,-1,228,114,227,-1,228,227,229,-1,229,227,226,-1,229,226,230,-1,230,226,225,-1,230,225,231,-1,231,225,224,-1,231,224,232,-1,232,224,223,-1,232,223,95,-1,95,223,96,-1,61,63,112,-1,112,63,113,-1,112,113,233,-1,233,113,228,-1,233,228,234,-1,234,228,229,-1,234,229,235,-1,235,229,230,-1,235,230,236,-1,236,230,231,-1,236,231,237,-1,237,231,232,-1,237,232,100,-1,100,232,95,-1,58,60,111,-1,111,60,112,-1,111,112,238,-1,238,112,233,-1,238,233,239,-1,239,233,234,-1,239,234,240,-1,240,234,235,-1,240,235,241,-1,241,235,236,-1,241,236,242,-1,242,236,237,-1,242,237,99,-1,99,237,100,-1,55,57,110,-1,110,57,111,-1,110,111,243,-1,243,111,238,-1,243,238,244,-1,244,238,239,-1,244,239,245,-1,245,239,240,-1,245,240,246,-1,246,240,241,-1,246,241,247,-1,247,241,242,-1,247,242,98,-1,98,242,99,-1,51,50,248,-1,248,50,110,-1,248,110,249,-1,249,110,243,-1,249,243,250,-1,250,243,244,-1,250,244,251,-1,251,244,245,-1,251,245,252,-1,252,245,246,-1,252,246,253,-1,253,246,247,-1,253,247,103,-1,103,247,98,-1,103,102,253,-1,253,102,254,-1,253,254,252,-1,252,254,255,-1,252,255,251,-1,251,255,256,-1,251,256,250,-1,250,256,257,-1,250,257,249,-1,249,257,258,-1,249,258,248,-1,248,258,109,-1,248,109,51,-1,51,109,53,-1,48,54,108,-1,108,54,109,-1,108,109,259,-1,259,109,258,-1,259,258,260,-1,260,258,257,-1,260,257,261,-1,261,257,256,-1,261,256,262,-1,262,256,255,-1,262,255,263,-1,263,255,254,-1,263,254,101,-1,101,254,102,-1,45,49,107,-1,107,49,108,-1,107,108,264,-1,264,108,259,-1,264,259,265,-1,265,259,260,-1,265,260,266,-1,266,260,261,-1,266,261,267,-1,267,261,262,-1,267,262,268,-1,268,262,263,-1,268,263,105,-1,105,263,101,-1,42,46,106,-1,106,46,107,-1,106,107,269,-1,269,107,264,-1,269,264,270,-1,270,264,265,-1,270,265,271,-1,271,265,266,-1,271,266,272,-1,272,266,267,-1,272,267,273,-1,273,267,268,-1,273,268,104,-1,104,268,105,-1,39,43,274,-1,274,43,106,-1,274,106,275,-1,275,106,269,-1,275,269,276,-1,276,269,270,-1,276,270,277,-1,277,270,271,-1,277,271,278,-1,278,271,272,-1,278,272,279,-1,279,272,273,-1,279,273,77,-1,77,273,104,-1,77,76,279,-1,279,76,139,-1,279,139,278,-1,278,139,141,-1,278,141,277,-1,277,141,143,-1,277,143,276,-1,276,143,145,-1,276,145,275,-1,275,145,147,-1,275,147,274,-1,274,147,149,-1,274,149,39,-1,39,149,40,-1,280,281,282,-1,282,281,283,-1,282,283,284,-1,284,283,285,-1,286,287,288,-1,288,287,289,-1,288,289,283,-1,283,289,290,-1,283,290,285,-1,291,292,286,-1,286,292,293,-1,286,293,287,-1,294,295,291,-1,291,295,296,-1,291,296,292,-1,297,298,294,-1,294,298,299,-1,294,299,295,-1,300,301,297,-1,297,301,302,-1,297,302,298,-1,303,304,305,-1,305,304,306,-1,305,306,300,-1,300,306,307,-1,300,307,301,-1,303,305,308,-1,308,305,309,-1,308,309,310,-1,310,309,311,-1,311,309,312,-1,311,312,313,-1,313,312,314,-1,314,312,315,-1,314,315,316,-1,316,315,317,-1,317,315,318,-1,317,318,319,-1,319,318,320,-1,320,318,321,-1,320,321,322,-1,322,321,323,-1,323,321,324,-1,323,324,325,-1,326,327,324,-1,324,327,328,-1,324,328,325,-1,329,330,326,-1,326,330,331,-1,326,331,327,-1,332,333,329,-1,329,333,334,-1,329,334,330,-1,335,336,332,-1,332,336,337,-1,332,337,333,-1,338,339,335,-1,335,339,340,-1,335,340,336,-1,341,342,343,-1,343,342,344,-1,343,344,338,-1,338,344,345,-1,338,345,339,-1,341,343,346,-1,346,343,347,-1,346,347,348,-1,349,350,351,-1,349,351,352,-1,353,354,351,-1,351,354,355,-1,351,355,352,-1,356,357,351,-1,351,357,358,-1,351,358,353,-1,359,360,351,-1,351,360,361,-1,351,361,356,-1,362,363,351,-1,351,363,364,-1,351,364,359,-1,365,366,351,-1,351,366,367,-1,351,367,362,-1,368,369,351,-1,351,369,370,-1,351,370,365,-1,371,372,351,-1,351,372,373,-1,351,373,368,-1,374,375,351,-1,351,375,376,-1,351,376,371,-1,350,377,351,-1,351,377,378,-1,351,378,374,-1,316,317,379,-1,319,320,380,-1,322,323,381,-1,328,327,382,-1,331,330,383,-1,334,333,384,-1,337,336,385,-1,340,339,386,-1,345,344,387,-1,341,346,388,-1,293,292,389,-1,296,295,390,-1,302,301,391,-1,307,306,392,-1,303,308,393,-1,310,311,394,-1,313,314,395,-1,396,397,388,-1,398,399,400,-1,401,402,403,-1,404,405,406,-1,406,405,282,-1,282,405,407,-1,282,407,280,-1,408,409,410,-1,409,411,410,-1,410,411,412,-1,410,412,406,-1,406,412,413,-1,406,413,404,-1,414,415,416,-1,416,415,417,-1,416,417,418,-1,418,417,419,-1,418,419,420,-1,421,422,423,-1,401,403,424,-1,399,425,400,-1,400,425,426,-1,400,426,427,-1,388,397,428,-1,428,397,429,-1,428,429,430,-1,346,348,388,-1,388,348,431,-1,388,431,396,-1,362,367,432,-1,432,367,433,-1,432,433,434,-1,434,433,435,-1,434,435,436,-1,436,435,437,-1,436,437,416,-1,416,437,423,-1,416,423,414,-1,414,423,422,-1,367,366,433,-1,433,366,438,-1,433,438,435,-1,435,438,439,-1,435,439,437,-1,437,439,440,-1,437,440,423,-1,423,440,403,-1,423,403,421,-1,421,403,402,-1,366,365,438,-1,438,365,441,-1,438,441,439,-1,439,441,442,-1,439,442,440,-1,440,442,443,-1,440,443,403,-1,403,443,427,-1,403,427,424,-1,424,427,426,-1,363,362,444,-1,444,362,432,-1,444,432,445,-1,445,432,434,-1,445,434,446,-1,446,434,436,-1,446,436,447,-1,447,436,416,-1,447,416,410,-1,410,416,418,-1,410,418,408,-1,408,418,420,-1,365,370,441,-1,441,370,448,-1,441,448,442,-1,442,448,449,-1,442,449,443,-1,443,449,450,-1,443,450,427,-1,427,450,451,-1,427,451,400,-1,400,451,428,-1,400,428,398,-1,398,428,430,-1,357,356,452,-1,452,356,453,-1,452,453,454,-1,454,453,455,-1,454,455,456,-1,456,455,457,-1,456,457,458,-1,458,457,459,-1,458,459,460,-1,460,459,461,-1,460,461,462,-1,462,461,390,-1,359,364,463,-1,463,364,464,-1,463,464,465,-1,465,464,466,-1,465,466,467,-1,467,466,468,-1,467,468,469,-1,469,468,470,-1,469,470,471,-1,471,470,472,-1,471,472,473,-1,473,472,474,-1,311,313,394,-1,394,313,395,-1,394,395,475,-1,475,395,476,-1,475,476,477,-1,477,476,478,-1,477,478,479,-1,479,478,480,-1,479,480,481,-1,481,480,482,-1,481,482,483,-1,483,482,484,-1,483,484,352,-1,352,484,349,-1,308,310,393,-1,393,310,394,-1,393,394,485,-1,485,394,475,-1,485,475,486,-1,486,475,477,-1,486,477,487,-1,487,477,479,-1,487,479,488,-1,488,479,481,-1,488,481,489,-1,489,481,483,-1,489,483,355,-1,355,483,352,-1,304,303,490,-1,490,303,393,-1,490,393,491,-1,491,393,485,-1,491,485,492,-1,492,485,486,-1,492,486,493,-1,493,486,487,-1,493,487,494,-1,494,487,488,-1,494,488,495,-1,495,488,489,-1,495,489,354,-1,354,489,355,-1,354,353,495,-1,495,353,496,-1,495,496,494,-1,494,496,497,-1,494,497,493,-1,493,497,498,-1,493,498,492,-1,492,498,499,-1,492,499,491,-1,491,499,500,-1,491,500,490,-1,490,500,392,-1,490,392,304,-1,304,392,306,-1,301,307,391,-1,391,307,392,-1,391,392,501,-1,501,392,500,-1,501,500,502,-1,502,500,499,-1,502,499,503,-1,503,499,498,-1,503,498,504,-1,504,498,497,-1,504,497,505,-1,505,497,496,-1,505,496,358,-1,358,496,353,-1,298,302,462,-1,462,302,391,-1,462,391,460,-1,460,391,501,-1,460,501,458,-1,458,501,502,-1,458,502,456,-1,456,502,503,-1,456,503,454,-1,454,503,504,-1,454,504,452,-1,452,504,505,-1,452,505,357,-1,357,505,358,-1,390,295,462,-1,462,295,299,-1,462,299,298,-1,292,296,389,-1,389,296,390,-1,389,390,506,-1,506,390,461,-1,506,461,507,-1,507,461,459,-1,507,459,508,-1,508,459,457,-1,508,457,509,-1,509,457,455,-1,509,455,510,-1,510,455,453,-1,510,453,361,-1,361,453,356,-1,361,360,510,-1,510,360,511,-1,510,511,509,-1,509,511,512,-1,509,512,508,-1,508,512,513,-1,508,513,507,-1,507,513,514,-1,507,514,506,-1,506,514,515,-1,506,515,389,-1,389,515,516,-1,389,516,293,-1,290,289,516,-1,516,289,287,-1,516,287,293,-1,284,285,474,-1,474,285,290,-1,474,290,473,-1,473,290,516,-1,473,516,471,-1,471,516,515,-1,471,515,469,-1,469,515,514,-1,469,514,467,-1,467,514,513,-1,467,513,465,-1,465,513,512,-1,465,512,463,-1,463,512,511,-1,463,511,359,-1,359,511,360,-1,282,284,406,-1,406,284,474,-1,406,474,410,-1,410,474,472,-1,410,472,447,-1,447,472,470,-1,447,470,446,-1,446,470,468,-1,446,468,445,-1,445,468,466,-1,445,466,444,-1,444,466,464,-1,444,464,363,-1,363,464,364,-1,342,341,517,-1,517,341,388,-1,517,388,518,-1,518,388,428,-1,518,428,519,-1,519,428,451,-1,519,451,520,-1,520,451,450,-1,520,450,521,-1,521,450,449,-1,521,449,522,-1,522,449,448,-1,522,448,369,-1,369,448,370,-1,369,368,522,-1,522,368,523,-1,522,523,521,-1,521,523,524,-1,521,524,520,-1,520,524,525,-1,520,525,519,-1,519,525,526,-1,519,526,518,-1,518,526,527,-1,518,527,517,-1,517,527,387,-1,517,387,342,-1,342,387,344,-1,339,345,386,-1,386,345,387,-1,386,387,528,-1,528,387,527,-1,528,527,529,-1,529,527,526,-1,529,526,530,-1,530,526,525,-1,530,525,531,-1,531,525,524,-1,531,524,532,-1,532,524,523,-1,532,523,373,-1,373,523,368,-1,336,340,385,-1,385,340,386,-1,385,386,533,-1,533,386,528,-1,533,528,534,-1,534,528,529,-1,534,529,535,-1,535,529,530,-1,535,530,536,-1,536,530,531,-1,536,531,537,-1,537,531,532,-1,537,532,372,-1,372,532,373,-1,333,337,384,-1,384,337,385,-1,384,385,538,-1,538,385,533,-1,538,533,539,-1,539,533,534,-1,539,534,540,-1,540,534,535,-1,540,535,541,-1,541,535,536,-1,541,536,542,-1,542,536,537,-1,542,537,371,-1,371,537,372,-1,330,334,383,-1,383,334,384,-1,383,384,543,-1,543,384,538,-1,543,538,544,-1,544,538,539,-1,544,539,545,-1,545,539,540,-1,545,540,546,-1,546,540,541,-1,546,541,547,-1,547,541,542,-1,547,542,376,-1,376,542,371,-1,327,331,382,-1,382,331,383,-1,382,383,548,-1,548,383,543,-1,548,543,549,-1,549,543,544,-1,549,544,550,-1,550,544,545,-1,550,545,551,-1,551,545,546,-1,551,546,552,-1,552,546,547,-1,552,547,375,-1,375,547,376,-1,325,328,553,-1,553,328,382,-1,553,382,554,-1,554,382,548,-1,554,548,555,-1,555,548,549,-1,555,549,556,-1,556,549,550,-1,556,550,557,-1,557,550,551,-1,557,551,558,-1,558,551,552,-1,558,552,374,-1,374,552,375,-1,374,378,558,-1,558,378,559,-1,558,559,557,-1,557,559,560,-1,557,560,556,-1,556,560,561,-1,556,561,555,-1,555,561,562,-1,555,562,554,-1,554,562,563,-1,554,563,553,-1,553,563,381,-1,553,381,325,-1,325,381,323,-1,320,322,380,-1,380,322,381,-1,380,381,564,-1,564,381,563,-1,564,563,565,-1,565,563,562,-1,565,562,566,-1,566,562,561,-1,566,561,567,-1,567,561,560,-1,567,560,568,-1,568,560,559,-1,568,559,377,-1,377,559,378,-1,317,319,379,-1,379,319,380,-1,379,380,569,-1,569,380,564,-1,569,564,570,-1,570,564,565,-1,570,565,571,-1,571,565,566,-1,571,566,572,-1,572,566,567,-1,572,567,573,-1,573,567,568,-1,573,568,350,-1,350,568,377,-1,314,316,395,-1,395,316,379,-1,395,379,476,-1,476,379,569,-1,476,569,478,-1,478,569,570,-1,478,570,480,-1,480,570,571,-1,480,571,482,-1,482,571,572,-1,482,572,484,-1,484,572,573,-1,484,573,349,-1,349,573,350,-1,
        ]
    }
}
Shape{
    appearance Appearance {
        material  Material {
            diffuseColor 0.0 0.0 0.0
            specularColor 0.0 0.0 0.0
            ambientIntensity 0.0
            transparency 0.0
            shininess 0.5
        }
    }
    geometry IndexedFaceSet {
        ccw TRUE
        solid FALSE
        coord DEF co Coordinate {
            point [
                -0.0438 0.5894 0.7236, -0.0441 0.5933 0.7236, -0.0756 0.5865 0.7236, -0.076 0.5904 0.7236, -0.0438 0.5894 0.7945, -0.0441 0.5933 0.7945, -0.0441 0.5933 0.759, -0.0438 0.5894 0.759, -0.0335 0.5899 0.7945, -0.0337 0.5939 0.7945, -0.0335 0.5899 0.7144, -0.0337 0.5939 0.7144, -0.0337 0.5939 0.7545, -0.0335 0.5899 0.7545, -0.0756 0.5865 0.7144, -0.076 0.5904 0.7144, -0.1379 0.5757 0.7277, -0.1388 0.5795 0.7277, -0.1379 0.5757 0.7178, -0.1388 0.5795 0.7178, -0.1312 0.5812 0.7245, -0.1304 0.5773 0.7245, -0.1288 0.5818 0.7234, -0.128 0.5779 0.7234, -0.127 0.5821 0.7232, -0.1262 0.5782 0.7232, -0.1184 0.5838 0.7223, -0.1177 0.58 0.7223, -0.111 0.5852 0.7235, -0.1103 0.5813 0.7235, -0.1085 0.5856 0.7239, -0.1077 0.5818 0.7239, -0.1072 0.5859 0.7245, -0.1065 0.582 0.7245, -0.1048 0.5863 0.7256, -0.1041 0.5824 0.7256, -0.1041 0.5864 0.726, -0.0974 0.5835 0.7307, -0.098 0.5874 0.7307, -0.0987 0.5833 0.7297, -0.1035 0.5825 0.726, -0.0944 0.5879 0.7364, -0.0939 0.584 0.7364, -0.0936 0.588 0.7378, -0.0927 0.5842 0.7383, -0.0922 0.5883 0.7412, -0.0916 0.5844 0.7412, -0.0914 0.5884 0.7432, -0.0907 0.5845 0.7435, -0.0912 0.5884 0.7447, -0.0906 0.5845 0.7447, -0.0901 0.5885 0.7536, -0.0896 0.5846 0.7536, -0.0911 0.5884 0.7614, -0.0905 0.5845 0.7614, -0.0914 0.5884 0.7642, -0.0909 0.5845 0.7642, -0.0922 0.5882 0.7666, -0.0917 0.5844 0.7666, -0.0931 0.5881 0.7692, -0.0925 0.5842 0.7691, -0.0937 0.588 0.7701, -0.0931 0.5841 0.7701, -0.0985 0.5873 0.7776, -0.0979 0.5834 0.7776, -0.1194 0.5796 0.7865, -0.1202 0.5835 0.7865, -0.1112 0.5811 0.7854, -0.1119 0.585 0.7854, -0.1104 0.5813 0.7853, -0.111 0.5852 0.7852, -0.1077 0.5818 0.7843, -0.1084 0.5856 0.7842, -0.1065 0.582 0.7838, -0.1069 0.5859 0.7837, -0.104 0.5824 0.782, -0.1046 0.5863 0.782, -0.0987 0.5833 0.7782, -0.1267 0.5822 0.7858, -0.1259 0.5783 0.7858, -0.1297 0.5816 0.7855, -0.1289 0.5777 0.7855, -0.1312 0.5812 0.7848, -0.1304 0.5774 0.7849, -0.1387 0.5795 0.7818, -0.1379 0.5757 0.7818, -0.1379 0.5757 0.7926, -0.1387 0.5795 0.7926, -0.1296 0.5816 0.7952, -0.1193 0.5796 0.7959, -0.1201 0.5835 0.7959, -0.1287 0.5777 0.7947, -0.1325 0.5769 0.7943, -0.11 0.5853 0.7943, -0.1093 0.5815 0.7943, -0.1063 0.586 0.7937, -0.1064 0.582 0.7939, -0.1042 0.5864 0.7928, -0.1035 0.5825 0.7928, -0.1008 0.5869 0.7913, -0.1009 0.5829 0.7918, -0.0996 0.5871 0.7905, -0.0903 0.5845 0.7841, -0.0909 0.5884 0.7841, -0.0987 0.5833 0.7902, -0.099 0.5832 0.7904, -0.0844 0.5893 0.7743, -0.0839 0.5854 0.7744, -0.0834 0.5855 0.7738, -0.0835 0.5895 0.7729, -0.0817 0.5857 0.7695, -0.0788 0.5861 0.753, -0.0793 0.59 0.753, -0.0803 0.5859 0.7647, -0.0808 0.5898 0.7647, -0.0806 0.5859 0.7671, -0.081 0.5898 0.7666, -0.0821 0.5896 0.7695, -0.0805 0.5898 0.7432, -0.0799 0.5859 0.7432, -0.0809 0.5898 0.7402, -0.0801 0.5859 0.7416, -0.0819 0.5897 0.7372, -0.0814 0.5858 0.7372, -0.083 0.5895 0.7341, -0.0822 0.5857 0.7348, -0.0838 0.5894 0.7329, -0.0833 0.5855 0.733, -0.0896 0.5886 0.724, -0.089 0.5847 0.724, -0.0982 0.5873 0.7179, -0.0976 0.5834 0.7179, -0.0987 0.5833 0.7171, -0.1001 0.587 0.7166, -0.0992 0.5832 0.7168, -0.1022 0.5867 0.7158, -0.1016 0.5828 0.7158, -0.1052 0.5862 0.7146, -0.1041 0.5824 0.7148, -0.1067 0.5859 0.7144, -0.1061 0.582 0.7145, -0.1169 0.5841 0.7131, -0.1162 0.5802 0.7131, -0.1275 0.582 0.7139, -0.1271 0.5781 0.7139, -0.1282 0.5819 0.7141, -0.1274 0.578 0.714, -0.196 0.5634 0.7236, -0.1948 0.5597 0.7236, -0.1888 0.5615 0.7236, -0.1635 0.5693 0.7236, -0.1645 0.573 0.7236, -0.1803 0.5684 0.7236, -0.1635 0.5693 0.7505, -0.1645 0.5731 0.7505, -0.1645 0.573 0.737, -0.1635 0.5693 0.737, -0.1784 0.569 0.7505, -0.1888 0.5616 0.7505, -0.1921 0.5647 0.7505, -0.1909 0.561 0.7505, -0.1909 0.561 0.7597, -0.1921 0.5647 0.7597, -0.1888 0.5616 0.7597, -0.1635 0.5693 0.7597, -0.1645 0.5731 0.7597, -0.1784 0.569 0.7597, -0.1635 0.5693 0.7853, -0.1645 0.5731 0.7853, -0.1645 0.5731 0.7725, -0.1635 0.5693 0.7725, -0.1794 0.5687 0.7853, -0.1888 0.5616 0.7853, -0.1943 0.564 0.7853, -0.193 0.5603 0.7853, -0.193 0.5603 0.7945, -0.1943 0.564 0.7945, -0.1888 0.5615 0.7945, -0.1745 0.5702 0.7945, -0.1534 0.5719 0.7945, -0.1544 0.5757 0.7945, -0.1535 0.5719 0.7144, -0.1544 0.5757 0.7144, -0.1544 0.5757 0.7545, -0.1535 0.5719 0.7545, -0.1754 0.5699 0.7144, -0.1887 0.5615 0.7144, -0.196 0.5634 0.7144, -0.1948 0.5597 0.7144, -0.2311 0.5504 0.7145, -0.2296 0.5467 0.7145, -0.2406 0.5463 0.7158, -0.2391 0.5427 0.7157, -0.2435 0.5451 0.7161, -0.2407 0.542 0.7159, -0.2467 0.5437 0.7174, -0.2451 0.5401 0.7174, -0.2496 0.5424 0.7185, -0.2475 0.5391 0.7182, -0.251 0.5418 0.7194, -0.2493 0.5382 0.7195, -0.2598 0.5378 0.7257, -0.2581 0.5342 0.7257, -0.2659 0.5348 0.7352, -0.2642 0.5312 0.7352, -0.2673 0.5341 0.7375, -0.2652 0.5308 0.7367, -0.268 0.5338 0.7396, -0.2663 0.5302 0.7396, -0.2692 0.5332 0.7429, -0.2672 0.5298 0.742, -0.2694 0.5331 0.7445, -0.2675 0.5296 0.7445, -0.2707 0.5325 0.7555, -0.2689 0.5289 0.7555, -0.2706 0.5325 0.7568, -0.2671 0.5298 0.7675, -0.2581 0.5342 0.7839, -0.2597 0.5378 0.7839, -0.2638 0.5314 0.7758, -0.2656 0.5349 0.7759, -0.265 0.5309 0.7742, -0.2662 0.5346 0.775, -0.2659 0.5304 0.7718, -0.2677 0.5339 0.7718, -0.2669 0.53 0.7695, -0.2684 0.5336 0.7702, -0.2688 0.5334 0.7675, -0.2535 0.5406 0.7882, -0.2519 0.537 0.7882, -0.2519 0.5414 0.7894, -0.2497 0.538 0.7897, -0.247 0.5436 0.7917, -0.2454 0.54 0.7917, -0.2447 0.5446 0.7927, -0.2432 0.541 0.7927, -0.2426 0.5455 0.793, -0.2411 0.5419 0.793, -0.2318 0.55 0.7945, -0.2303 0.5464 0.7945, -0.2211 0.5543 0.7945, -0.209 0.5547 0.7945, -0.2104 0.5584 0.7945, -0.209 0.5547 0.7145, -0.2104 0.5584 0.7145, -0.2104 0.5584 0.7545, -0.209 0.5547 0.7545, -0.2208 0.5545 0.7145, -0.2608 0.5372 0.7552, -0.2599 0.5377 0.7463, -0.2598 0.5377 0.7452, -0.259 0.5381 0.7428, -0.2584 0.5384 0.7409, -0.2574 0.5388 0.7393, -0.253 0.5409 0.7319, -0.2463 0.5439 0.7271, -0.2455 0.5443 0.7265, -0.2431 0.5453 0.7256, -0.2411 0.5461 0.7249, -0.2388 0.5471 0.7246, -0.231 0.5504 0.7236, -0.2201 0.5547 0.7236, -0.2201 0.5547 0.7545, -0.2201 0.5547 0.7853, -0.2315 0.5502 0.7853, -0.2398 0.5467 0.7843, -0.2412 0.5461 0.7841, -0.2432 0.5452 0.7833, -0.2471 0.5435 0.7815, -0.2487 0.5428 0.7805, -0.2528 0.541 0.7778, -0.2574 0.5389 0.7713, -0.2578 0.5387 0.7706, -0.2588 0.5382 0.7681, -0.2596 0.5378 0.7649, -0.2593 0.5379 0.7669, -0.2512 0.5374 0.7778, -0.2471 0.5392 0.7805, -0.2459 0.5398 0.7813, -0.2416 0.5416 0.7833, -0.24 0.5424 0.784, -0.2382 0.5431 0.7843, -0.23 0.5466 0.7853, -0.2187 0.551 0.7853, -0.2187 0.551 0.7545, -0.2187 0.551 0.7236, -0.2295 0.5467 0.7236, -0.2372 0.5435 0.7246, -0.2396 0.5425 0.7249, -0.2416 0.5417 0.7257, -0.244 0.5406 0.7266, -0.2447 0.5403 0.7271, -0.2514 0.5373 0.7319, -0.2558 0.5353 0.7393, -0.2565 0.5349 0.7404, -0.2573 0.5345 0.7428, -0.2581 0.5342 0.745, -0.2582 0.5341 0.7463, -0.2592 0.5337 0.7552, -0.2579 0.5343 0.7649, -0.2577 0.5344 0.7669, -0.2572 0.5346 0.7681, -0.2562 0.5351 0.7706, -0.2557 0.5353 0.7713
            ]
        }
        coordIndex [
            0,1,2,-1,2,1,3,-1,4,5,6,-1,4,6,7,-1,7,6,1,-1,7,1,0,-1,8,9,4,-1,4,9,5,-1,10,11,12,-1,10,12,13,-1,13,12,9,-1,13,9,8,-1,14,15,10,-1,10,15,11,-1,3,15,2,-1,2,15,14,-1,15,3,11,-1,11,3,1,-1,11,1,12,-1,12,1,6,-1,12,6,9,-1,9,6,5,-1,16,17,18,-1,18,17,19,-1,17,16,20,-1,20,16,21,-1,20,21,22,-1,22,21,23,-1,22,23,24,-1,24,23,25,-1,24,25,26,-1,26,25,27,-1,26,27,28,-1,28,27,29,-1,28,29,30,-1,30,29,31,-1,30,31,32,-1,32,31,33,-1,32,33,34,-1,34,33,35,-1,34,35,36,-1,37,38,39,-1,39,38,36,-1,39,36,40,-1,40,36,35,-1,38,37,41,-1,41,37,42,-1,41,42,43,-1,43,42,44,-1,43,44,45,-1,45,44,46,-1,45,46,47,-1,47,46,48,-1,47,48,49,-1,49,48,50,-1,49,50,51,-1,51,50,52,-1,51,52,53,-1,53,52,54,-1,53,54,55,-1,55,54,56,-1,55,56,57,-1,57,56,58,-1,57,58,59,-1,59,58,60,-1,59,60,61,-1,61,60,62,-1,61,62,63,-1,63,62,64,-1,65,66,67,-1,67,66,68,-1,67,68,69,-1,69,68,70,-1,69,70,71,-1,71,70,72,-1,71,72,73,-1,73,72,74,-1,73,74,75,-1,75,74,76,-1,75,76,77,-1,77,76,63,-1,77,63,64,-1,66,65,78,-1,78,65,79,-1,78,79,80,-1,80,79,81,-1,80,81,82,-1,82,81,83,-1,82,83,84,-1,84,83,85,-1,86,87,85,-1,85,87,84,-1,88,87,86,-1,89,90,91,-1,91,90,88,-1,91,88,92,-1,92,88,86,-1,90,89,93,-1,93,89,94,-1,93,94,95,-1,95,94,96,-1,95,96,97,-1,97,96,98,-1,97,98,99,-1,99,98,100,-1,99,100,101,-1,102,103,104,-1,104,103,101,-1,104,101,105,-1,105,101,100,-1,106,103,102,-1,102,107,106,-1,106,107,108,-1,106,108,109,-1,109,108,110,-1,111,112,113,-1,113,112,114,-1,113,114,115,-1,115,114,116,-1,115,116,110,-1,110,116,117,-1,110,117,109,-1,112,111,118,-1,118,111,119,-1,118,119,120,-1,120,119,121,-1,120,121,122,-1,122,121,123,-1,122,123,124,-1,124,123,125,-1,124,125,126,-1,126,125,127,-1,126,127,128,-1,128,127,129,-1,130,128,129,-1,129,131,130,-1,130,131,132,-1,130,132,133,-1,133,132,134,-1,133,134,135,-1,135,134,136,-1,135,136,137,-1,137,136,138,-1,137,138,139,-1,139,138,140,-1,139,140,141,-1,141,140,142,-1,141,142,143,-1,143,142,144,-1,143,144,145,-1,145,144,146,-1,145,146,19,-1,19,146,18,-1,19,17,20,-1,19,20,145,-1,20,22,145,-1,145,22,24,-1,145,24,143,-1,143,24,26,-1,143,26,141,-1,141,26,28,-1,141,28,139,-1,139,28,30,-1,139,30,137,-1,137,30,32,-1,137,32,135,-1,135,32,34,-1,135,34,133,-1,133,34,130,-1,130,34,36,-1,130,36,128,-1,36,38,128,-1,128,38,41,-1,128,41,126,-1,126,41,43,-1,126,43,124,-1,124,43,45,-1,124,45,122,-1,122,45,120,-1,120,45,47,-1,120,47,118,-1,118,47,49,-1,118,49,112,-1,112,49,51,-1,112,51,114,-1,114,51,53,-1,114,53,116,-1,116,53,55,-1,116,55,117,-1,117,55,57,-1,117,57,109,-1,109,57,59,-1,109,59,106,-1,106,59,61,-1,106,61,103,-1,103,61,63,-1,103,63,101,-1,101,63,76,-1,101,76,99,-1,99,76,74,-1,99,74,97,-1,97,74,72,-1,97,72,95,-1,95,72,70,-1,95,70,93,-1,93,70,68,-1,93,68,90,-1,68,66,90,-1,90,66,78,-1,90,78,88,-1,84,87,82,-1,82,87,88,-1,82,88,80,-1,80,88,78,-1,147,148,149,-1,150,151,149,-1,149,151,152,-1,149,152,147,-1,153,154,155,-1,153,155,156,-1,156,155,151,-1,156,151,150,-1,154,153,157,-1,157,153,158,-1,157,158,159,-1,159,158,160,-1,161,162,160,-1,160,162,159,-1,162,161,163,-1,164,165,163,-1,163,165,166,-1,163,166,162,-1,167,168,169,-1,167,169,170,-1,170,169,165,-1,170,165,164,-1,168,167,171,-1,171,167,172,-1,171,172,173,-1,173,172,174,-1,175,176,174,-1,174,176,173,-1,176,175,177,-1,176,177,178,-1,178,177,179,-1,178,179,180,-1,181,182,183,-1,181,183,184,-1,184,183,180,-1,184,180,179,-1,182,181,185,-1,185,181,186,-1,185,186,187,-1,187,186,188,-1,147,187,148,-1,148,187,188,-1,187,147,185,-1,185,147,152,-1,185,152,182,-1,182,152,151,-1,182,151,183,-1,183,151,155,-1,183,155,154,-1,173,176,171,-1,171,176,178,-1,171,178,168,-1,168,178,180,-1,168,180,169,-1,169,180,183,-1,169,183,165,-1,165,183,154,-1,165,154,166,-1,166,154,157,-1,166,157,162,-1,162,157,159,-1,189,190,191,-1,191,190,192,-1,191,192,193,-1,193,192,194,-1,193,194,195,-1,195,194,196,-1,195,196,197,-1,197,196,198,-1,197,198,199,-1,199,198,200,-1,199,200,201,-1,201,200,202,-1,201,202,203,-1,203,202,204,-1,203,204,205,-1,205,204,206,-1,205,206,207,-1,207,206,208,-1,207,208,209,-1,209,208,210,-1,209,210,211,-1,211,210,212,-1,211,212,213,-1,213,212,214,-1,213,214,215,-1,215,214,216,-1,217,218,219,-1,219,218,220,-1,219,220,221,-1,221,220,222,-1,221,222,223,-1,223,222,224,-1,223,224,225,-1,225,224,226,-1,225,226,216,-1,216,226,227,-1,216,227,215,-1,218,217,228,-1,228,217,229,-1,228,229,230,-1,230,229,231,-1,230,231,232,-1,232,231,233,-1,232,233,234,-1,234,233,235,-1,234,235,236,-1,236,235,237,-1,236,237,238,-1,238,237,239,-1,238,239,240,-1,240,239,241,-1,240,241,242,-1,243,244,245,-1,243,245,246,-1,246,245,242,-1,246,242,241,-1,190,189,243,-1,243,189,247,-1,243,247,244,-1,248,249,211,-1,211,249,209,-1,209,249,250,-1,209,250,207,-1,207,250,251,-1,207,251,205,-1,205,251,252,-1,205,252,203,-1,203,252,253,-1,203,253,201,-1,201,253,254,-1,201,254,199,-1,199,254,255,-1,199,255,197,-1,197,255,256,-1,197,256,195,-1,195,256,257,-1,195,257,193,-1,193,257,258,-1,193,258,191,-1,191,258,259,-1,191,259,189,-1,189,259,260,-1,189,260,247,-1,247,260,261,-1,247,261,244,-1,244,261,245,-1,245,261,262,-1,245,262,242,-1,242,262,263,-1,242,263,240,-1,240,263,264,-1,240,264,238,-1,238,264,265,-1,238,265,236,-1,236,265,266,-1,236,266,234,-1,234,266,267,-1,234,267,232,-1,232,267,230,-1,230,267,268,-1,230,268,228,-1,228,268,269,-1,228,269,218,-1,269,270,218,-1,218,270,271,-1,218,271,220,-1,220,271,272,-1,220,272,222,-1,222,272,273,-1,211,213,248,-1,248,213,215,-1,248,215,274,-1,274,215,227,-1,274,227,275,-1,275,227,226,-1,275,226,273,-1,273,226,224,-1,273,224,222,-1,276,270,277,-1,277,270,269,-1,277,269,278,-1,278,269,268,-1,278,268,279,-1,279,268,267,-1,279,267,280,-1,280,267,266,-1,280,266,281,-1,281,266,265,-1,281,265,282,-1,282,265,264,-1,263,283,264,-1,264,283,282,-1,283,263,262,-1,283,262,284,-1,284,262,261,-1,284,261,285,-1,260,286,261,-1,261,286,285,-1,286,260,287,-1,287,260,259,-1,287,259,288,-1,288,259,258,-1,288,258,289,-1,289,258,257,-1,289,257,290,-1,290,257,256,-1,290,256,291,-1,291,256,255,-1,291,255,292,-1,292,255,254,-1,292,254,293,-1,293,254,253,-1,293,253,294,-1,294,253,252,-1,294,252,295,-1,295,252,251,-1,295,251,296,-1,296,251,250,-1,296,250,297,-1,297,250,249,-1,297,249,298,-1,298,249,248,-1,298,248,299,-1,299,248,274,-1,299,274,300,-1,300,274,275,-1,300,275,301,-1,301,275,273,-1,301,273,302,-1,302,273,272,-1,302,272,303,-1,303,272,271,-1,303,271,276,-1,276,271,270,-1,
        ]
    }
}
Shape{
    appearance Appearance {
        material  Material {
            diffuseColor 0.7529411764705882 0.7529411764705882 0.7529411764705882
            specularColor 0.3764705882352941 0.3764705882352941 0.3764705882352941
            ambientIntensity 0.7529
            transparency 0.0
            shininess 0.5
        }
    }
    geometry IndexedFaceSet {
        ccw TRUE
        solid FALSE
        coord DEF co Coordinate {
            point [
                -0.2187 0.551 0.7236, -0.2295 0.5467 0.7236, -0.2187 0.551 0.7545, -0.2372 0.5435 0.7246, -0.2187 0.551 0.7853, -0.2582 0.5341 0.7463, -0.2592 0.5337 0.7552, -0.2579 0.5343 0.7649, -0.2514 0.5373 0.7319, -0.2558 0.5353 0.7393, -0.2581 0.5342 0.745, -0.2573 0.5345 0.7428, -0.2565 0.5349 0.7404, -0.2447 0.5403 0.7271, -0.2577 0.5344 0.7669, -0.2572 0.5346 0.7681, -0.2416 0.5417 0.7257, -0.244 0.5406 0.7266, -0.2557 0.5353 0.7713, -0.2562 0.5351 0.7706, -0.2512 0.5374 0.7778, -0.2471 0.5392 0.7805, -0.2459 0.5398 0.7813, -0.2416 0.5416 0.7833, -0.24 0.5424 0.784, -0.2382 0.5431 0.7843, -0.2396 0.5425 0.7249, -0.23 0.5466 0.7853
            ]
        }
        coordIndex [
            0,1,2,-1,2,1,3,-1,2,3,4,-1,5,6,7,-1,8,9,7,-1,10,5,11,-1,11,5,7,-1,11,7,12,-1,12,7,9,-1,8,7,13,-1,13,7,14,-1,13,14,15,-1,16,17,18,-1,18,17,13,-1,18,13,19,-1,19,13,15,-1,18,20,16,-1,16,20,21,-1,16,21,22,-1,22,23,16,-1,16,23,24,-1,16,24,25,-1,3,26,4,-1,4,26,16,-1,4,16,27,-1,27,16,25,-1,
        ]
    }
}
Shape{
    appearance Appearance {
        material  Material {
            diffuseColor 0.0 0.0 0.0
            specularColor 0.0 0.0 0.0
            ambientIntensity 0.0
            transparency 0.0
            shininess 0.5
        }
    }
    geometry IndexedFaceSet {
        ccw TRUE
        solid FALSE
        coord DEF co Coordinate {
            point [
                -0.3113 0.5103 0.7946, -0.3093 0.5069 0.7946, -0.3065 0.5131 0.7946, -0.2998 0.5125 0.7946, -0.3017 0.5159 0.7946, -0.2883 0.5233 0.7545, -0.2744 0.5261 0.7189, -0.2747 0.5305 0.7145, -0.2729 0.5269 0.7145, -0.2744 0.5262 0.7145, -0.2831 0.5217 0.7145, -0.2849 0.5252 0.7145, -0.2798 0.5278 0.7145, -0.2883 0.5233 0.7254, -0.2898 0.518 0.7364, -0.2917 0.5215 0.7364, -0.3063 0.5132 0.7364, -0.3186 0.5012 0.7364, -0.3207 0.5045 0.7364, -0.3242 0.5024 0.7254, -0.3255 0.4968 0.7145, -0.3277 0.5001 0.7145, -0.3325 0.497 0.7145, -0.3351 0.4906 0.7145, -0.3373 0.4938 0.7145, -0.3244 0.5022 0.7545, -0.2946 0.5199 0.7454, -0.318 0.5062 0.7454, -0.3051 0.5139 0.7787, -0.3062 0.5133 0.7843, -0.3075 0.5125 0.7787, -0.3031 0.5105 0.7787, -0.2979 0.5135 0.7621, -0.2927 0.5165 0.7454, -0.3044 0.5098 0.7454, -0.3159 0.5029 0.7454, -0.3107 0.506 0.7621, -0.3055 0.5091 0.7787, -0.3043 0.5099 0.7843
            ]
        }
        coordIndex [
            0,1,2,-1,2,1,3,-1,2,3,4,-1,4,3,5,-1,5,3,6,-1,5,6,7,-1,7,6,8,-1,7,8,9,-1,10,11,9,-1,9,11,12,-1,9,12,7,-1,11,10,13,-1,13,10,14,-1,13,14,15,-1,15,14,16,-1,16,14,17,-1,16,17,18,-1,18,17,19,-1,19,17,20,-1,19,20,21,-1,21,20,22,-1,22,20,23,-1,22,23,24,-1,24,23,25,-1,25,23,1,-1,25,1,0,-1,5,7,26,-1,15,12,13,-1,13,12,11,-1,19,21,22,-1,19,22,18,-1,18,22,27,-1,18,27,16,-1,16,27,26,-1,16,26,15,-1,15,26,7,-1,15,7,12,-1,5,26,4,-1,4,26,28,-1,4,28,29,-1,22,24,27,-1,27,24,25,-1,27,25,30,-1,30,25,0,-1,30,0,29,-1,29,0,2,-1,29,2,4,-1,31,28,32,-1,32,28,26,-1,32,26,33,-1,33,26,34,-1,34,26,27,-1,34,27,35,-1,35,27,36,-1,36,27,30,-1,36,30,37,-1,37,30,38,-1,38,30,29,-1,38,29,31,-1,31,29,28,-1,
        ]
    }
}
Shape{
    appearance Appearance {
        material  Material {
            diffuseColor 0.7529411764705882 0.7529411764705882 0.7529411764705882
            specularColor 0.3764705882352941 0.3764705882352941 0.3764705882352941
            ambientIntensity 0.7529
            transparency 0.0
            shininess 0.5
        }
    }
    geometry IndexedFaceSet {
        ccw TRUE
        solid FALSE
        coord DEF co Coordinate {
            point [
                -0.2979 0.5135 0.7621, -0.2927 0.5165 0.7454, -0.3044 0.5098 0.7454, -0.3031 0.5105 0.7787, -0.3043 0.5099 0.7843, -0.3055 0.5091 0.7787, -0.3107 0.506 0.7621, -0.3159 0.5029 0.7454
            ]
        }
        coordIndex [
            0,1,2,-1,0,2,3,-1,4,3,5,-1,5,3,2,-1,5,2,6,-1,6,2,7,-1,
        ]
    }
}
Shape{
    appearance Appearance {
        material  Material {
            diffuseColor 0.0 0.0 0.0
            specularColor 0.0 0.0 0.0
            ambientIntensity 0.0
            transparency 0.0
            shininess 0.5
        }
    }
    geometry IndexedFaceSet {
        ccw TRUE
        solid FALSE
        coord DEF co Coordinate {
            point [
                -0.0438 0.5894 0.5965, -0.0441 0.5933 0.5965, -0.0764 0.5864 0.5965, -0.0769 0.5903 0.5965, -0.0438 0.5894 0.6235, -0.0441 0.5933 0.6235, -0.0441 0.5933 0.61, -0.0438 0.5894 0.61, -0.0723 0.5868 0.6235, -0.0728 0.5908 0.6235, -0.0723 0.5868 0.6326, -0.0728 0.5908 0.6326, -0.0438 0.5894 0.6326, -0.0441 0.5933 0.6326, -0.0438 0.5894 0.6583, -0.0441 0.5933 0.6583, -0.0746 0.5866 0.6583, -0.0751 0.5905 0.6583, -0.0746 0.5866 0.6675, -0.0751 0.5905 0.6675, -0.0335 0.5899 0.6675, -0.0337 0.5939 0.6675, -0.0335 0.5899 0.5874, -0.0337 0.5939 0.5874, -0.0337 0.5939 0.6274, -0.0335 0.5899 0.6274, -0.0764 0.5864 0.5874, -0.0769 0.5903 0.5874, -0.0915 0.5844 0.6308, -0.0921 0.5883 0.6308, -0.0915 0.5844 0.6406, -0.0921 0.5883 0.6406, -0.0961 0.5877 0.6335, -0.0955 0.5838 0.6334, -0.0975 0.5875 0.6344, -0.0977 0.5834 0.6348, -0.0987 0.5833 0.6352, -0.1003 0.587 0.6357, -0.0997 0.5831 0.6357, -0.1022 0.5867 0.6365, -0.1018 0.5828 0.6366, -0.1034 0.5865 0.6367, -0.1027 0.5826 0.6367, -0.1107 0.5852 0.6378, -0.11 0.5814 0.6378, -0.114 0.5847 0.6367, -0.1133 0.5808 0.6367, -0.1162 0.5842 0.6359, -0.1157 0.5803 0.6358, -0.1175 0.584 0.6352, -0.1168 0.5801 0.6352, -0.1188 0.5837 0.6345, -0.1181 0.5799 0.6344, -0.119 0.5837 0.6343, -0.1183 0.5798 0.6343, -0.1197 0.5836 0.6336, -0.119 0.5797 0.6336, -0.1198 0.5835 0.6335, -0.1191 0.5797 0.6335, -0.1202 0.5835 0.6329, -0.1195 0.5796 0.6329, -0.1206 0.5834 0.6323, -0.1197 0.5796 0.6325, -0.1207 0.5834 0.6319, -0.12 0.5795 0.6319, -0.1213 0.5833 0.6303, -0.1205 0.5794 0.6303, -0.1214 0.5832 0.6296, -0.1206 0.5794 0.6296, -0.1222 0.5831 0.6238, -0.1214 0.5792 0.6238, -0.1138 0.5847 0.6226, -0.1047 0.5823 0.6214, -0.1054 0.5862 0.6214, -0.102 0.5867 0.6204, -0.1013 0.5828 0.6203, -0.0987 0.5833 0.6195, -0.0984 0.5873 0.6193, -0.0971 0.5835 0.6191, -0.0951 0.5878 0.6178, -0.0945 0.5839 0.6178, -0.093 0.5881 0.6168, -0.0923 0.5843 0.6168, -0.0925 0.5882 0.6165, -0.092 0.5843 0.6165, -0.0911 0.5884 0.6153, -0.0906 0.5845 0.6153, -0.091 0.5884 0.6152, -0.0905 0.5845 0.6152, -0.0899 0.5886 0.6137, -0.0893 0.5847 0.6137, -0.0895 0.5886 0.6132, -0.0888 0.5848 0.613, -0.0888 0.5887 0.6117, -0.0883 0.5848 0.6117, -0.0881 0.5888 0.6101, -0.0874 0.585 0.6097, -0.088 0.5889 0.6094, -0.0874 0.585 0.6094, -0.0865 0.5891 0.6027, -0.086 0.5852 0.6027, -0.0866 0.589 0.6011, -0.0862 0.5851 0.6011, -0.0867 0.589 0.6001, -0.0873 0.5889 0.5971, -0.0867 0.585 0.5971, -0.0868 0.585 0.5969, -0.0874 0.5889 0.5964, -0.0873 0.585 0.5954, -0.0879 0.5889 0.5955, -0.0875 0.5849 0.5951, -0.0884 0.5888 0.5943, -0.0884 0.5848 0.5938, -0.0908 0.5845 0.5906, -0.0914 0.5884 0.5906, -0.0889 0.5887 0.5937, -0.0954 0.5878 0.588, -0.0948 0.5839 0.588, -0.0949 0.5839 0.588, -0.096 0.5877 0.5877, -0.097 0.5835 0.587, -0.0976 0.5874 0.5871, -0.0975 0.5835 0.5868, -0.099 0.5872 0.5866, -0.0987 0.5833 0.5867, -0.0998 0.5871 0.5865, -0.0992 0.5832 0.5866, -0.1046 0.5863 0.5861, -0.1039 0.5824 0.5861, -0.1102 0.5853 0.5872, -0.1095 0.5815 0.5872, -0.1111 0.5852 0.5873, -0.1104 0.5813 0.5873, -0.1138 0.5847 0.5884, -0.1131 0.5808 0.5884, -0.1148 0.5845 0.5887, -0.1141 0.5806 0.5887, -0.1155 0.5844 0.5893, -0.1148 0.5805 0.5893, -0.1172 0.5841 0.5905, -0.1166 0.5802 0.5907, -0.1177 0.584 0.5911, -0.117 0.5801 0.5911, -0.1222 0.5831 0.5962, -0.1214 0.5792 0.5962, -0.1214 0.5792 0.5874, -0.1222 0.5831 0.5874, -0.1312 0.5772 0.5874, -0.1321 0.581 0.5874, -0.1312 0.5772 0.6242, -0.1321 0.581 0.6242, -0.1237 0.5828 0.6429, -0.1255 0.5824 0.6418, -0.1247 0.5786 0.6418, -0.1312 0.5812 0.6288, -0.1305 0.5773 0.6281, -0.1304 0.5774 0.6288, -0.1308 0.5813 0.6308, -0.1283 0.5778 0.6362, -0.1249 0.5785 0.6417, -0.1255 0.5824 0.6418, -0.1261 0.5783 0.6405, -0.1269 0.5821 0.6405, -0.1264 0.5782 0.6401, -0.1272 0.5821 0.6401, -0.1269 0.5781 0.6392, -0.1277 0.582 0.6392, -0.128 0.5779 0.6373, -0.1285 0.5818 0.6378, -0.1291 0.5817 0.6362, -0.1229 0.5789 0.643, -0.1227 0.579 0.6431, -0.1231 0.5829 0.6433, -0.1204 0.5794 0.644, -0.111 0.5812 0.6459, -0.1116 0.5851 0.6459, -0.1181 0.5799 0.6447, -0.1188 0.5837 0.6447, -0.119 0.5797 0.6445, -0.1198 0.5836 0.6445, -0.1212 0.5833 0.644, -0.1092 0.5815 0.6458, -0.1039 0.5864 0.645, -0.1032 0.5825 0.645, -0.1011 0.5869 0.6446, -0.1003 0.583 0.6446, -0.0997 0.5871 0.644, -0.0987 0.5833 0.6439, -0.0991 0.5832 0.644, -0.109 0.5856 0.6143, -0.1222 0.5831 0.6161, -0.1222 0.5831 0.6106, -0.1216 0.5832 0.6065, -0.1214 0.5832 0.6048, -0.1213 0.5833 0.6045, -0.1203 0.5834 0.6026, -0.1201 0.5835 0.6022, -0.1179 0.5839 0.5989, -0.1151 0.5844 0.5968, -0.1137 0.5847 0.5957, -0.1137 0.5847 0.5957, -0.1122 0.585 0.5951, -0.112 0.585 0.595, -0.1094 0.5855 0.5946, -0.1072 0.5859 0.5943, -0.1038 0.5864 0.5947, -0.1035 0.5865 0.5947, -0.1026 0.5866 0.5951, -0.102 0.5867 0.5954, -0.1008 0.5869 0.5961, -0.0995 0.5871 0.5969, -0.0979 0.5874 0.5989, -0.0978 0.5874 0.599, -0.0974 0.5875 0.5997, -0.0973 0.5875 0.6, -0.0971 0.5875 0.6007, -0.0967 0.5876 0.6027, -0.0974 0.5875 0.6079, -0.0981 0.5874 0.609, -0.0966 0.5876 0.6035, -0.097 0.5875 0.6067, -0.097 0.5875 0.6068, -0.0973 0.5875 0.6077, -0.1037 0.5865 0.6133, -0.1043 0.5864 0.6134, -0.1024 0.5867 0.6126, -0.0993 0.5872 0.6108, -0.1214 0.5792 0.6161, -0.1148 0.5805 0.6152, -0.1083 0.5817 0.6143, -0.1036 0.5825 0.6133, -0.1025 0.5827 0.613, -0.1018 0.5828 0.6126, -0.0987 0.5833 0.6108, -0.0975 0.5835 0.609, -0.0969 0.5836 0.6082, -0.0968 0.5836 0.6077, -0.096 0.5837 0.6035, -0.0964 0.5836 0.6067, -0.0964 0.5836 0.6067, -0.0989 0.5832 0.5969, -0.0973 0.5835 0.5989, -0.0971 0.5835 0.5991, -0.0968 0.5836 0.5998, -0.0965 0.5836 0.6003, -0.0965 0.5836 0.6007, -0.1002 0.583 0.5961, -0.1013 0.5829 0.5954, -0.102 0.5828 0.5951, -0.103 0.5826 0.5947, -0.1031 0.5826 0.5947, -0.1065 0.582 0.5943, -0.1087 0.5816 0.5945, -0.1088 0.5816 0.5945, -0.1115 0.5811 0.5951, -0.112 0.581 0.5952, -0.1129 0.5809 0.5957, -0.114 0.5807 0.5962, -0.1172 0.58 0.5989, -0.1145 0.5806 0.5967, -0.1205 0.5794 0.6046, -0.12 0.5795 0.6032, -0.1196 0.5796 0.6026, -0.1209 0.5793 0.6058, -0.1214 0.5792 0.6106, -0.121 0.5793 0.6065
            ]
        }
        coordIndex [
            0,1,2,-1,2,1,3,-1,4,5,6,-1,4,6,7,-1,7,6,1,-1,7,1,0,-1,8,9,4,-1,4,9,5,-1,10,11,8,-1,8,11,9,-1,12,13,10,-1,10,13,11,-1,14,15,12,-1,12,15,13,-1,16,17,14,-1,14,17,15,-1,18,19,16,-1,16,19,17,-1,20,21,18,-1,18,21,19,-1,22,23,24,-1,22,24,25,-1,25,24,21,-1,25,21,20,-1,26,27,22,-1,22,27,23,-1,3,27,2,-1,2,27,26,-1,27,3,23,-1,23,3,1,-1,23,1,24,-1,24,1,6,-1,9,11,5,-1,5,11,13,-1,17,19,15,-1,15,19,21,-1,15,21,13,-1,13,21,24,-1,13,24,5,-1,5,24,6,-1,28,29,30,-1,30,29,31,-1,29,28,32,-1,32,28,33,-1,32,33,34,-1,33,35,34,-1,34,35,36,-1,34,36,37,-1,37,36,38,-1,37,38,39,-1,39,38,40,-1,39,40,41,-1,41,40,42,-1,41,42,43,-1,43,42,44,-1,43,44,45,-1,45,44,46,-1,45,46,47,-1,47,46,48,-1,47,48,49,-1,49,48,50,-1,49,50,51,-1,51,50,52,-1,51,52,53,-1,53,52,54,-1,53,54,55,-1,55,54,56,-1,55,56,57,-1,57,56,58,-1,57,58,59,-1,59,58,60,-1,59,60,61,-1,61,60,62,-1,61,62,63,-1,63,62,64,-1,63,64,65,-1,65,64,66,-1,65,66,67,-1,67,66,68,-1,67,68,69,-1,69,68,70,-1,69,70,71,-1,71,70,72,-1,71,72,73,-1,74,73,72,-1,72,75,74,-1,74,75,76,-1,74,76,77,-1,77,76,78,-1,77,78,79,-1,79,78,80,-1,79,80,81,-1,81,80,82,-1,81,82,83,-1,83,82,84,-1,83,84,85,-1,85,84,86,-1,85,86,87,-1,87,86,88,-1,87,88,89,-1,89,88,90,-1,89,90,91,-1,91,90,92,-1,91,92,93,-1,93,92,94,-1,93,94,95,-1,95,94,96,-1,95,96,97,-1,97,96,98,-1,97,98,99,-1,99,98,100,-1,99,100,101,-1,101,100,102,-1,101,102,103,-1,103,102,104,-1,102,105,104,-1,104,105,106,-1,104,106,107,-1,107,106,108,-1,107,108,109,-1,109,108,110,-1,109,110,111,-1,111,110,112,-1,113,114,112,-1,112,114,115,-1,112,115,111,-1,116,114,113,-1,113,117,116,-1,116,117,118,-1,116,118,119,-1,119,118,120,-1,119,120,121,-1,121,120,122,-1,121,122,123,-1,123,122,124,-1,123,124,125,-1,125,124,126,-1,125,126,127,-1,127,126,128,-1,127,128,129,-1,129,128,130,-1,129,130,131,-1,131,130,132,-1,131,132,133,-1,133,132,134,-1,133,134,135,-1,135,134,136,-1,135,136,137,-1,137,136,138,-1,137,138,139,-1,139,138,140,-1,139,140,141,-1,141,140,142,-1,141,142,143,-1,143,142,144,-1,145,146,144,-1,144,146,143,-1,147,148,145,-1,145,148,146,-1,149,150,147,-1,147,150,148,-1,151,152,153,-1,154,150,149,-1,149,155,154,-1,154,155,156,-1,154,156,157,-1,157,156,158,-1,153,152,159,-1,159,152,160,-1,159,160,161,-1,161,160,162,-1,161,162,163,-1,163,162,164,-1,163,164,165,-1,165,164,166,-1,165,166,167,-1,167,166,168,-1,167,168,158,-1,158,168,169,-1,158,169,157,-1,153,170,151,-1,151,170,171,-1,151,171,172,-1,172,171,173,-1,174,175,176,-1,176,175,177,-1,176,177,178,-1,178,177,179,-1,178,179,173,-1,173,179,180,-1,173,180,172,-1,175,174,181,-1,175,181,182,-1,182,181,183,-1,182,183,184,-1,184,183,185,-1,184,185,186,-1,30,31,187,-1,187,31,186,-1,187,186,188,-1,188,186,185,-1,69,189,190,-1,31,29,32,-1,55,57,152,-1,32,34,31,-1,31,34,37,-1,31,37,186,-1,186,37,39,-1,186,39,184,-1,184,39,41,-1,184,41,182,-1,182,41,43,-1,182,43,175,-1,175,43,45,-1,175,45,177,-1,177,45,47,-1,177,47,179,-1,179,47,180,-1,180,47,49,-1,180,49,172,-1,172,49,51,-1,172,51,151,-1,152,57,160,-1,151,51,152,-1,152,51,53,-1,152,53,55,-1,166,164,57,-1,57,164,162,-1,57,162,160,-1,166,57,168,-1,168,57,59,-1,168,59,169,-1,59,61,169,-1,169,61,63,-1,169,63,157,-1,63,65,157,-1,157,65,67,-1,157,67,154,-1,67,69,154,-1,154,69,190,-1,154,190,150,-1,150,190,191,-1,150,191,192,-1,193,194,143,-1,143,194,195,-1,195,196,143,-1,143,196,197,-1,143,197,141,-1,141,197,198,-1,141,198,139,-1,139,198,199,-1,139,199,137,-1,137,199,200,-1,137,200,135,-1,135,200,201,-1,135,201,133,-1,133,201,202,-1,133,202,131,-1,131,202,203,-1,131,203,129,-1,129,203,127,-1,203,204,127,-1,127,204,205,-1,127,205,125,-1,125,205,206,-1,125,206,123,-1,123,206,207,-1,123,207,121,-1,121,207,208,-1,121,208,119,-1,119,208,209,-1,119,209,116,-1,116,209,114,-1,209,210,114,-1,114,210,211,-1,114,211,115,-1,115,211,212,-1,115,212,111,-1,111,212,213,-1,111,213,109,-1,109,213,214,-1,109,214,107,-1,107,214,104,-1,104,214,215,-1,104,215,103,-1,103,215,101,-1,101,215,216,-1,101,216,99,-1,89,217,87,-1,87,217,218,-1,87,218,85,-1,216,219,99,-1,99,219,220,-1,99,220,97,-1,97,220,221,-1,97,221,95,-1,95,221,222,-1,95,222,93,-1,93,222,217,-1,93,217,91,-1,91,217,89,-1,71,223,69,-1,69,223,224,-1,69,224,189,-1,225,79,226,-1,226,79,81,-1,226,81,218,-1,218,81,83,-1,218,83,85,-1,71,73,223,-1,223,73,74,-1,223,74,225,-1,225,74,77,-1,225,77,79,-1,146,148,143,-1,143,148,150,-1,143,150,193,-1,193,150,192,-1,227,190,228,-1,228,190,189,-1,228,189,229,-1,229,189,230,-1,230,189,224,-1,230,224,231,-1,231,224,223,-1,231,223,232,-1,232,223,225,-1,232,225,233,-1,233,225,226,-1,233,226,234,-1,234,226,218,-1,234,218,235,-1,235,218,217,-1,235,217,236,-1,220,219,237,-1,217,222,236,-1,236,222,221,-1,236,221,238,-1,238,221,220,-1,238,220,239,-1,239,220,237,-1,210,240,211,-1,211,240,241,-1,211,241,212,-1,212,241,242,-1,212,242,213,-1,213,242,243,-1,213,243,214,-1,214,243,244,-1,214,244,215,-1,215,244,245,-1,215,245,216,-1,216,245,237,-1,216,237,219,-1,240,210,246,-1,246,210,209,-1,246,209,247,-1,247,209,208,-1,247,208,248,-1,248,208,207,-1,248,207,249,-1,249,207,206,-1,249,206,250,-1,250,206,205,-1,250,205,251,-1,251,205,204,-1,251,204,252,-1,252,204,203,-1,252,203,253,-1,253,203,202,-1,253,202,254,-1,254,202,201,-1,254,201,255,-1,255,201,256,-1,198,257,199,-1,199,257,256,-1,199,256,200,-1,200,256,201,-1,197,258,198,-1,198,258,259,-1,198,259,257,-1,260,261,195,-1,195,261,262,-1,195,262,196,-1,196,262,258,-1,196,258,197,-1,192,263,193,-1,193,263,260,-1,193,260,194,-1,194,260,195,-1,191,264,192,-1,192,264,265,-1,192,265,263,-1,191,190,264,-1,264,190,227,-1,
        ]
    }
}
Shape{
    appearance Appearance {
        material  Material {
            diffuseColor 0.7529411764705882 0.7529411764705882 0.7529411764705882
            specularColor 0.3764705882352941 0.3764705882352941 0.3764705882352941
            ambientIntensity 0.7529
            transparency 0.0
            shininess 0.5
        }
    }
    geometry IndexedFaceSet {
        ccw TRUE
        solid FALSE
        coord DEF co Coordinate {
            point [
                -0.1196 0.5796 0.6026, -0.12 0.5795 0.6032, -0.1148 0.5805 0.6152, -0.1205 0.5794 0.6046, -0.1209 0.5793 0.6058, -0.121 0.5793 0.6065, -0.1214 0.5792 0.6106, -0.1214 0.5792 0.6161, -0.1036 0.5825 0.6133, -0.1025 0.5827 0.613, -0.1018 0.5828 0.6126, -0.0987 0.5833 0.6108, -0.0975 0.5835 0.609, -0.105 0.5822 0.6135, -0.1083 0.5817 0.6143, -0.0969 0.5836 0.6082, -0.0968 0.5836 0.6077, -0.0964 0.5836 0.6067, -0.0964 0.5836 0.6067, -0.096 0.5837 0.6035, -0.0965 0.5836 0.6007, -0.0965 0.5836 0.6003, -0.0968 0.5836 0.5998, -0.0971 0.5835 0.5991, -0.0973 0.5835 0.5989, -0.0989 0.5832 0.5969, -0.1002 0.583 0.5961, -0.1013 0.5829 0.5954, -0.102 0.5828 0.5951, -0.103 0.5826 0.5947, -0.1031 0.5826 0.5947, -0.1065 0.582 0.5943, -0.1087 0.5816 0.5945, -0.1088 0.5816 0.5945, -0.1115 0.5811 0.5951, -0.112 0.581 0.5952, -0.1129 0.5809 0.5957, -0.114 0.5807 0.5962, -0.1145 0.5806 0.5967, -0.1172 0.58 0.5989
            ]
        }
        coordIndex [
            0,1,2,-1,2,1,3,-1,2,3,4,-1,4,5,2,-1,2,5,6,-1,2,6,7,-1,8,9,10,-1,11,12,10,-1,10,12,13,-1,10,13,8,-1,8,13,14,-1,12,15,13,-1,13,15,16,-1,13,16,14,-1,14,16,17,-1,14,17,18,-1,18,19,14,-1,14,19,20,-1,14,20,21,-1,21,22,14,-1,14,22,23,-1,14,23,24,-1,24,25,14,-1,14,25,26,-1,14,26,27,-1,27,28,14,-1,14,28,29,-1,14,29,30,-1,30,31,14,-1,14,31,32,-1,14,32,33,-1,33,34,14,-1,14,34,35,-1,14,35,36,-1,36,37,14,-1,14,37,38,-1,14,38,2,-1,2,38,39,-1,2,39,0,-1,
        ]
    }
}
Shape{
    appearance Appearance {
        material  Material {
            diffuseColor 0.0 0.0 0.0
            specularColor 0.0 0.0 0.0
            ambientIntensity 0.0
            transparency 0.0
            shininess 0.5
        }
    }
    geometry IndexedFaceSet {
        ccw TRUE
        solid FALSE
        coord DEF co Coordinate {
            point [
                -0.1445 0.5742 0.5894, -0.1454 0.578 0.5894, -0.1445 0.5742 0.5998, -0.1454 0.578 0.5998, -0.148 0.5774 0.5885, -0.147 0.5735 0.5885, -0.1528 0.5762 0.5868, -0.1511 0.5725 0.587, -0.1536 0.576 0.5867, -0.1526 0.5721 0.5868, -0.1606 0.5741 0.5861, -0.1595 0.5703 0.5861, -0.168 0.5721 0.587, -0.1647 0.5689 0.5864, -0.1669 0.5683 0.5869, -0.1699 0.5715 0.5872, -0.169 0.5677 0.5873, -0.171 0.5712 0.5877, -0.1699 0.5674 0.5877, -0.1767 0.5695 0.5906, -0.1756 0.5658 0.5906, -0.1802 0.5685 0.5941, -0.179 0.5647 0.5942, -0.1802 0.5685 0.5942, -0.1791 0.5647 0.5942, -0.1812 0.5682 0.5956, -0.18 0.5644 0.5956, -0.1815 0.5681 0.5961, -0.1803 0.5643 0.596, -0.1818 0.568 0.597, -0.1806 0.5642 0.597, -0.1823 0.5679 0.5982, -0.181 0.5641 0.598, -0.1824 0.5678 0.5989, -0.1811 0.5641 0.5989, -0.1829 0.5676 0.603, -0.1818 0.5639 0.603, -0.1825 0.5678 0.6064, -0.1814 0.564 0.6064, -0.1825 0.5678 0.6069, -0.1813 0.564 0.6067, -0.1821 0.5679 0.6081, -0.1809 0.5641 0.6081, -0.1818 0.568 0.6091, -0.1808 0.5642 0.6087, -0.1815 0.5681 0.6096, -0.1803 0.5643 0.6096, -0.1797 0.5686 0.6124, -0.1785 0.5649 0.6124, -0.1739 0.5704 0.6169, -0.1661 0.5685 0.6198, -0.1672 0.5723 0.6198, -0.1727 0.5666 0.6167, -0.1741 0.5662 0.616, -0.162 0.5737 0.6222, -0.1567 0.5711 0.6247, -0.1577 0.5749 0.6247, -0.1571 0.5751 0.6255, -0.156 0.5713 0.6257, -0.1546 0.5716 0.6301, -0.1556 0.5754 0.6301, -0.1548 0.5716 0.6283, -0.1558 0.5754 0.6283, -0.1548 0.5716 0.6278, -0.1558 0.5754 0.6278, -0.155 0.5715 0.6274, -0.156 0.5753 0.6274, -0.1551 0.5715 0.627, -0.1561 0.5753 0.6269, -0.1553 0.5715 0.6268, -0.1562 0.5753 0.6267, -0.1569 0.5751 0.6257, -0.1557 0.5754 0.6313, -0.1548 0.5716 0.6313, -0.1558 0.5754 0.6314, -0.1561 0.5753 0.6326, -0.1575 0.5709 0.6356, -0.1585 0.5747 0.6356, -0.1559 0.5713 0.6341, -0.1568 0.5751 0.634, -0.1558 0.5713 0.634, -0.1566 0.5752 0.6338, -0.1554 0.5714 0.6334, -0.1564 0.5752 0.6334, -0.1554 0.5714 0.6333, -0.1562 0.5753 0.6329, -0.1551 0.5715 0.6326, -0.155 0.5715 0.6323, -0.1598 0.5743 0.6361, -0.1588 0.5705 0.6361, -0.1624 0.5736 0.6372, -0.1613 0.5698 0.6372, -0.1629 0.5735 0.6373, -0.1618 0.5697 0.6373, -0.1662 0.5726 0.6378, -0.1652 0.5688 0.6378, -0.1791 0.5647 0.6336, -0.1803 0.5685 0.6336, -0.1741 0.5662 0.6361, -0.1752 0.57 0.6361, -0.1729 0.5666 0.6367, -0.1741 0.5703 0.6367, -0.1711 0.5671 0.637, -0.1722 0.5709 0.6369, -0.1681 0.5679 0.6375, -0.1791 0.5647 0.6434, -0.1803 0.5685 0.6434, -0.1739 0.5704 0.6454, -0.1661 0.5685 0.6459, -0.1672 0.5723 0.6459, -0.1727 0.5666 0.6451, -0.1747 0.566 0.6448, -0.1647 0.573 0.6458, -0.16 0.5743 0.645, -0.1612 0.5699 0.6455, -0.159 0.5705 0.645, -0.1582 0.5748 0.6447, -0.1572 0.571 0.6447, -0.1572 0.575 0.6441, -0.1562 0.5712 0.6441, -0.1517 0.5764 0.6414, -0.1508 0.5726 0.6414, -0.1485 0.5772 0.6382, -0.1476 0.5734 0.6381, -0.1483 0.5773 0.638, -0.1473 0.5735 0.6378, -0.1473 0.5775 0.6365, -0.1464 0.5737 0.6365, -0.1469 0.5776 0.636, -0.1461 0.5738 0.6361, -0.1466 0.5777 0.6351, -0.1457 0.5739 0.6351, -0.1462 0.5778 0.6339, -0.1453 0.574 0.6341, -0.1461 0.5778 0.6332, -0.1452 0.574 0.6332, -0.1455 0.578 0.6292, -0.1445 0.5741 0.6292, -0.1456 0.5779 0.627, -0.1447 0.5741 0.627, -0.1457 0.5779 0.6261, -0.1448 0.5741 0.6262, -0.1461 0.5778 0.6246, -0.1451 0.574 0.6246, -0.1463 0.5778 0.6236, -0.1453 0.574 0.6239, -0.1466 0.5777 0.6231, -0.1457 0.5739 0.6231, -0.1482 0.5773 0.6201, -0.1473 0.5735 0.6201, -0.1538 0.5759 0.6156, -0.1593 0.5704 0.6125, -0.1603 0.5742 0.6125, -0.1529 0.5721 0.6157, -0.152 0.5723 0.6161, -0.1658 0.5727 0.6101, -0.1694 0.5676 0.6074, -0.1705 0.5714 0.6074, -0.1715 0.5711 0.6063, -0.1704 0.5673 0.6063, -0.1719 0.571 0.6058, -0.1708 0.5672 0.6057, -0.1723 0.5708 0.6051, -0.1713 0.567 0.6051, -0.1724 0.5708 0.6051, -0.1726 0.5707 0.6043, -0.1715 0.567 0.6043, -0.1716 0.567 0.6042, -0.1727 0.5707 0.6042, -0.1719 0.5669 0.602, -0.173 0.5706 0.602, -0.1718 0.571 0.5992, -0.1709 0.5671 0.5997, -0.1715 0.5711 0.5986, -0.1703 0.5673 0.5986, -0.1705 0.5714 0.5969, -0.1693 0.5676 0.5969, -0.1705 0.5714 0.5968, -0.1692 0.5676 0.5966, -0.1698 0.5716 0.5961, -0.1687 0.5678 0.5961, -0.1696 0.5716 0.5958, -0.1682 0.5679 0.5956, -0.1691 0.5718 0.5955, -0.168 0.568 0.5955, -0.1689 0.5718 0.5953, -0.1675 0.5681 0.5952, -0.1683 0.572 0.5951, -0.1672 0.5682 0.5951, -0.1676 0.5722 0.5948, -0.1661 0.5685 0.5947, -0.1672 0.5723 0.5947, -0.1659 0.5686 0.5947, -0.1657 0.5727 0.5944, -0.1646 0.5689 0.5946, -0.1656 0.5727 0.5944, -0.1605 0.5701 0.5942, -0.1615 0.5739 0.5942, -0.1588 0.5746 0.5945, -0.1578 0.5708 0.5946, -0.1581 0.5748 0.5946, -0.1553 0.5714 0.5949, -0.1538 0.5759 0.5956, -0.1528 0.5721 0.5955, -0.152 0.5764 0.596, -0.1512 0.5725 0.596, -0.1509 0.5766 0.5966, -0.15 0.5728 0.5966, -0.23 0.5508 0.6446, -0.2286 0.5471 0.6446, -0.2227 0.5537 0.6231, -0.214 0.5528 0.6016, -0.2154 0.5565 0.6016, -0.214 0.557 0.5969, -0.2126 0.5533 0.5969, -0.2128 0.5575 0.6016, -0.2114 0.5538 0.6016, -0.2057 0.56 0.6231, -0.1974 0.5588 0.6446, -0.1986 0.5625 0.6446, -0.1879 0.5661 0.6446, -0.1888 0.5616 0.6446, -0.1867 0.5623 0.6446, -0.1888 0.5616 0.6391, -0.1986 0.5625 0.6161, -0.2079 0.5551 0.5875, -0.2093 0.5588 0.5875, -0.2072 0.5595 0.5823, -0.2038 0.5565 0.5772, -0.2051 0.5603 0.5772, -0.2031 0.5568 0.5757, -0.2035 0.5608 0.574, -0.2017 0.5573 0.5735, -0.2031 0.561 0.5735, -0.2021 0.5613 0.5719, -0.2007 0.5576 0.572, -0.202 0.5614 0.5719, -0.2007 0.5576 0.5719, -0.2011 0.5617 0.5711, -0.1999 0.5579 0.5711, -0.1998 0.558 0.571, -0.2008 0.5618 0.5708, -0.1989 0.5583 0.5705, -0.1941 0.5599 0.5691, -0.1954 0.5636 0.5691, -0.1973 0.5588 0.57, -0.1986 0.5625 0.5699, -0.1983 0.5585 0.5702, -0.1992 0.5623 0.57, -0.2002 0.562 0.5705, -0.1887 0.5617 0.5702, -0.1899 0.5654 0.5702, -0.1888 0.5616 0.5702, -0.1926 0.5645 0.5696, -0.1938 0.5641 0.5692, -0.1926 0.5604 0.5692, -0.1913 0.5608 0.5696, -0.1887 0.5617 0.5613, -0.1899 0.5654 0.5613, -0.1888 0.5616 0.5613, -0.1948 0.5596 0.5605, -0.1961 0.5634 0.5605, -0.193 0.5644 0.5607, -0.1982 0.5627 0.5612, -0.1969 0.5589 0.5613, -0.1987 0.5625 0.5613, -0.203 0.5568 0.5636, -0.2051 0.5603 0.5642, -0.2038 0.5565 0.5641, -0.2062 0.5599 0.5647, -0.2065 0.5556 0.5658, -0.2078 0.5593 0.5659, -0.2067 0.5555 0.566, -0.2088 0.5589 0.5667, -0.2079 0.5551 0.5673, -0.2093 0.5588 0.5673, -0.2088 0.5547 0.5683, -0.2112 0.5581 0.5699, -0.21 0.5543 0.5707, -0.2141 0.5528 0.5788, -0.2154 0.5565 0.5788, -0.2115 0.5579 0.5706, -0.2276 0.5518 0.6117, -0.2382 0.5431 0.6446, -0.2397 0.5467 0.6446, -0.2575 0.5345 0.5966, -0.2592 0.538 0.5966, -0.2743 0.526 0.5966, -0.274 0.5308 0.5966, -0.2867 0.5197 0.5966, -0.2886 0.5232 0.5966, -0.2575 0.5345 0.6235, -0.2591 0.538 0.6235, -0.2591 0.538 0.61, -0.2575 0.5345 0.61, -0.2831 0.5217 0.6235, -0.2849 0.5252 0.6235, -0.2743 0.526 0.6235, -0.2721 0.5318 0.6235, -0.2831 0.5217 0.6327, -0.2849 0.5252 0.6327, -0.2575 0.5345 0.6327, -0.2591 0.538 0.6327, -0.2743 0.526 0.6327, -0.2721 0.5318 0.6327, -0.2575 0.5345 0.6583, -0.2591 0.538 0.6583, -0.2591 0.538 0.6455, -0.2575 0.5345 0.6455, -0.2851 0.5206 0.6583, -0.2869 0.5241 0.6583, -0.2743 0.526 0.6583, -0.2731 0.5312 0.6583, -0.2851 0.5206 0.6675, -0.2869 0.5241 0.6675, -0.2481 0.5388 0.6675, -0.2497 0.5424 0.6675, -0.2743 0.5259 0.6675, -0.2685 0.5336 0.6675, -0.2481 0.5388 0.5874, -0.2497 0.5424 0.5874, -0.2497 0.5424 0.6275, -0.2481 0.5388 0.6275, -0.2867 0.5197 0.5875, -0.2886 0.5232 0.5875, -0.2743 0.5259 0.5875, -0.2693 0.5331 0.5874, -0.3209 0.5044 0.5875, -0.3189 0.5011 0.5875, -0.3295 0.4989 0.5888, -0.3274 0.4956 0.5887, -0.3322 0.4972 0.5892, -0.329 0.4946 0.5889, -0.3352 0.4952 0.5904, -0.333 0.4919 0.5904, -0.3378 0.4935 0.5915, -0.3351 0.4905 0.5912, -0.3391 0.4926 0.5924, -0.3368 0.4894 0.5925, -0.3471 0.4871 0.5987, -0.3448 0.4839 0.5987, -0.3526 0.4832 0.6083, -0.3504 0.4799 0.6082, -0.3539 0.4823 0.6105, -0.3513 0.4793 0.6097, -0.3546 0.4818 0.6126, -0.3523 0.4786 0.6126, -0.3556 0.4811 0.616, -0.3531 0.478 0.615, -0.3558 0.4809 0.6175, -0.3546 0.4769 0.6286, -0.3569 0.4801 0.6286, -0.3534 0.4778 0.618, -0.3534 0.4778 0.6175, -0.3566 0.4803 0.6327, -0.3553 0.4813 0.6406, -0.3534 0.4778 0.6375, -0.353 0.4781 0.6406, -0.3549 0.4816 0.6433, -0.3527 0.4783 0.6425, -0.3542 0.482 0.6448, -0.3519 0.4788 0.6448, -0.3529 0.483 0.6481, -0.351 0.4795 0.6473, -0.3524 0.4834 0.6489, -0.35 0.4802 0.6488, -0.347 0.4872 0.657, -0.3448 0.4839 0.657, -0.3415 0.491 0.6612, -0.3392 0.4877 0.6612, -0.3399 0.492 0.6624, -0.3372 0.4891 0.6627, -0.3355 0.495 0.6647, -0.3333 0.4917 0.6647, -0.3334 0.4964 0.6658, -0.3313 0.4931 0.6657, -0.3315 0.4976 0.666, -0.3293 0.4943 0.666, -0.3216 0.504 0.6675, -0.3195 0.5006 0.6675, -0.3118 0.51 0.6675, -0.2999 0.5124 0.6675, -0.3019 0.5158 0.6675, -0.2999 0.5124 0.5875, -0.3019 0.5158 0.5875, -0.3019 0.5158 0.6275, -0.2999 0.5124 0.6275, -0.3115 0.5102 0.5875, -0.348 0.4864 0.6283, -0.3472 0.487 0.6194, -0.3471 0.4871 0.6182, -0.3464 0.4876 0.6159, -0.3458 0.488 0.6139, -0.3449 0.4886 0.6123, -0.341 0.4914 0.605, -0.3348 0.4955 0.6002, -0.3341 0.496 0.5996, -0.3319 0.4974 0.5987, -0.3301 0.4986 0.5979, -0.3279 0.5 0.5976, -0.3209 0.5044 0.5966, -0.3109 0.5105 0.5966, -0.3109 0.5105 0.6275, -0.3109 0.5105 0.6583, -0.3213 0.5042 0.6583, -0.3289 0.4993 0.6573, -0.3302 0.4985 0.6571, -0.332 0.4973 0.6563, -0.3355 0.495 0.6546, -0.337 0.494 0.6535, -0.3407 0.4915 0.6508, -0.3449 0.4887 0.6443, -0.3453 0.4884 0.6437, -0.3462 0.4877 0.6411, -0.3469 0.4872 0.6379, -0.3467 0.4874 0.6399, -0.3385 0.4882 0.6508, -0.3348 0.4907 0.6535, -0.3337 0.4915 0.6543, -0.3298 0.494 0.6563, -0.3283 0.495 0.6571, -0.3267 0.496 0.6573, -0.3192 0.5009 0.6583, -0.314 0.504 0.6583, -0.3089 0.5072 0.6583, -0.3089 0.5072 0.6275, -0.3089 0.5071 0.5966, -0.3139 0.5041 0.5966, -0.3188 0.5011 0.5966, -0.3258 0.4967 0.5976, -0.328 0.4952 0.5979, -0.3298 0.4941 0.5987, -0.332 0.4926 0.5997, -0.3327 0.4922 0.6002, -0.3387 0.4881 0.605, -0.3427 0.4853 0.6123, -0.3434 0.4849 0.6135, -0.3441 0.4844 0.6159, -0.3448 0.4839 0.618, -0.3449 0.4838 0.6194, -0.3458 0.4832 0.6283, -0.3447 0.484 0.6379, -0.3444 0.4842 0.6399, -0.344 0.4845 0.6411, -0.343 0.4851 0.6436, -0.3426 0.4854 0.6443
            ]
        }
        coordIndex [
            0,1,2,-1,2,1,3,-1,1,0,4,-1,4,0,5,-1,4,5,6,-1,6,5,7,-1,6,7,8,-1,8,7,9,-1,8,9,10,-1,10,9,11,-1,12,10,11,-1,11,13,12,-1,12,13,14,-1,12,14,15,-1,15,14,16,-1,15,16,17,-1,17,16,18,-1,17,18,19,-1,19,18,20,-1,19,20,21,-1,21,20,22,-1,21,22,23,-1,23,22,24,-1,23,24,25,-1,25,24,26,-1,25,26,27,-1,27,26,28,-1,27,28,29,-1,29,28,30,-1,29,30,31,-1,31,30,32,-1,31,32,33,-1,33,32,34,-1,33,34,35,-1,35,34,36,-1,35,36,37,-1,37,36,38,-1,37,38,39,-1,39,38,40,-1,39,40,41,-1,41,40,42,-1,41,42,43,-1,43,42,44,-1,43,44,45,-1,45,44,46,-1,45,46,47,-1,47,46,48,-1,49,47,48,-1,50,51,52,-1,52,51,49,-1,52,49,53,-1,53,49,48,-1,51,50,54,-1,54,50,55,-1,54,55,56,-1,56,55,57,-1,57,55,58,-1,59,60,61,-1,61,60,62,-1,61,62,63,-1,63,62,64,-1,63,64,65,-1,65,64,66,-1,65,66,67,-1,67,66,68,-1,67,68,69,-1,69,68,70,-1,69,70,58,-1,58,70,71,-1,58,71,57,-1,60,59,72,-1,72,59,73,-1,72,73,74,-1,74,73,75,-1,76,77,78,-1,78,77,79,-1,78,79,80,-1,80,79,81,-1,80,81,82,-1,82,81,83,-1,82,83,84,-1,84,83,85,-1,84,85,86,-1,86,85,75,-1,86,75,87,-1,87,75,73,-1,77,76,88,-1,88,76,89,-1,88,89,90,-1,90,89,91,-1,90,91,92,-1,92,91,93,-1,92,93,94,-1,94,93,95,-1,96,97,98,-1,98,97,99,-1,98,99,100,-1,100,99,101,-1,100,101,102,-1,102,101,103,-1,102,103,104,-1,104,103,94,-1,104,94,95,-1,105,106,96,-1,96,106,97,-1,107,106,105,-1,108,109,110,-1,110,109,107,-1,110,107,111,-1,111,107,105,-1,112,109,108,-1,112,108,113,-1,108,114,113,-1,113,114,115,-1,113,115,116,-1,116,115,117,-1,116,117,118,-1,118,117,119,-1,118,119,120,-1,120,119,121,-1,120,121,122,-1,122,121,123,-1,122,123,124,-1,124,123,125,-1,124,125,126,-1,126,125,127,-1,126,127,128,-1,128,127,129,-1,128,129,130,-1,130,129,131,-1,130,131,132,-1,132,131,133,-1,132,133,134,-1,134,133,135,-1,134,135,136,-1,136,135,137,-1,136,137,138,-1,138,137,139,-1,138,139,140,-1,140,139,141,-1,140,141,142,-1,142,141,143,-1,142,143,144,-1,144,143,145,-1,144,145,146,-1,146,145,147,-1,146,147,148,-1,148,147,149,-1,150,148,149,-1,151,152,153,-1,153,152,150,-1,153,150,154,-1,154,150,149,-1,152,151,155,-1,155,151,156,-1,155,156,157,-1,157,156,158,-1,158,156,159,-1,158,159,160,-1,160,159,161,-1,160,161,162,-1,162,161,163,-1,162,163,164,-1,164,163,165,-1,163,166,165,-1,165,166,167,-1,165,167,168,-1,168,167,169,-1,168,169,170,-1,170,169,171,-1,171,169,172,-1,171,172,173,-1,173,172,174,-1,173,174,175,-1,175,174,176,-1,175,176,177,-1,177,176,178,-1,177,178,179,-1,179,178,180,-1,179,180,181,-1,181,180,182,-1,181,182,183,-1,183,182,184,-1,183,184,185,-1,185,184,186,-1,185,186,187,-1,187,186,188,-1,187,188,189,-1,189,188,190,-1,189,190,191,-1,191,190,192,-1,191,192,193,-1,193,192,194,-1,193,194,195,-1,195,194,196,-1,195,196,197,-1,197,196,198,-1,198,196,199,-1,198,199,200,-1,200,199,201,-1,200,201,202,-1,202,201,203,-1,202,203,204,-1,204,203,205,-1,204,205,206,-1,206,205,207,-1,206,207,3,-1,3,207,2,-1,168,39,165,-1,165,39,41,-1,165,41,164,-1,164,41,43,-1,164,43,162,-1,162,43,45,-1,162,45,160,-1,160,45,47,-1,170,35,168,-1,168,35,37,-1,168,37,39,-1,57,148,56,-1,56,148,150,-1,56,150,54,-1,54,150,152,-1,54,152,51,-1,51,152,155,-1,51,155,49,-1,49,155,157,-1,49,157,47,-1,47,157,158,-1,47,158,160,-1,57,71,148,-1,148,71,70,-1,148,70,146,-1,146,70,68,-1,146,68,144,-1,144,68,66,-1,144,66,142,-1,142,66,64,-1,142,64,140,-1,140,64,138,-1,138,64,62,-1,138,62,136,-1,136,62,60,-1,136,60,134,-1,134,60,72,-1,134,72,132,-1,132,72,74,-1,132,74,130,-1,130,74,75,-1,130,75,128,-1,128,75,85,-1,128,85,126,-1,126,85,124,-1,124,85,83,-1,124,83,122,-1,83,81,122,-1,122,81,79,-1,122,79,120,-1,120,79,77,-1,120,77,118,-1,118,77,88,-1,118,88,116,-1,116,88,90,-1,116,90,113,-1,113,90,92,-1,113,92,112,-1,112,92,94,-1,112,94,109,-1,109,94,103,-1,109,103,107,-1,97,106,99,-1,99,106,107,-1,99,107,101,-1,101,107,103,-1,29,170,27,-1,27,170,25,-1,29,31,170,-1,170,31,33,-1,170,33,35,-1,25,170,23,-1,23,170,171,-1,23,171,21,-1,21,171,173,-1,21,173,19,-1,173,175,19,-1,19,175,177,-1,19,177,179,-1,179,181,19,-1,19,181,183,-1,19,183,17,-1,183,185,17,-1,17,185,187,-1,17,187,15,-1,15,187,189,-1,15,189,12,-1,12,189,191,-1,191,193,12,-1,12,193,195,-1,12,195,10,-1,195,197,10,-1,10,197,198,-1,10,198,8,-1,8,198,200,-1,8,200,6,-1,6,200,202,-1,6,202,4,-1,3,1,206,-1,206,1,4,-1,206,4,204,-1,204,4,202,-1,208,209,210,-1,210,209,211,-1,210,211,212,-1,212,211,213,-1,213,211,214,-1,213,214,215,-1,215,214,216,-1,215,216,217,-1,217,216,218,-1,217,218,219,-1,219,218,220,-1,220,218,221,-1,220,221,222,-1,220,222,223,-1,220,223,224,-1,224,223,225,-1,224,225,226,-1,226,225,227,-1,227,225,228,-1,227,228,229,-1,229,228,230,-1,229,230,231,-1,231,230,232,-1,231,232,233,-1,233,232,234,-1,234,232,235,-1,234,235,236,-1,236,235,237,-1,236,237,238,-1,237,239,238,-1,238,239,240,-1,238,240,241,-1,241,240,242,-1,243,244,245,-1,245,244,246,-1,245,246,247,-1,247,246,248,-1,247,248,242,-1,242,248,249,-1,242,249,241,-1,250,251,252,-1,252,251,253,-1,244,243,254,-1,254,243,255,-1,254,255,253,-1,253,255,256,-1,253,256,252,-1,257,258,250,-1,250,258,251,-1,258,257,259,-1,260,261,259,-1,259,261,262,-1,259,262,258,-1,261,260,263,-1,263,260,264,-1,263,264,265,-1,265,264,266,-1,265,266,267,-1,267,266,268,-1,267,268,269,-1,269,268,270,-1,269,270,271,-1,271,270,272,-1,271,272,273,-1,273,272,274,-1,273,274,275,-1,275,274,276,-1,275,276,277,-1,277,276,278,-1,279,280,278,-1,278,280,281,-1,278,281,277,-1,280,279,282,-1,282,279,283,-1,282,283,284,-1,208,284,209,-1,209,284,283,-1,282,284,208,-1,208,210,282,-1,282,210,212,-1,282,212,280,-1,280,212,213,-1,219,220,217,-1,217,220,224,-1,217,224,215,-1,215,224,226,-1,215,226,213,-1,213,226,281,-1,213,281,280,-1,226,227,281,-1,281,227,229,-1,281,229,277,-1,277,229,231,-1,277,231,275,-1,275,231,233,-1,275,233,273,-1,273,233,234,-1,273,234,271,-1,271,234,236,-1,271,236,269,-1,269,236,238,-1,269,238,267,-1,238,241,267,-1,267,241,249,-1,267,249,265,-1,249,248,265,-1,265,248,246,-1,265,246,263,-1,263,246,244,-1,263,244,261,-1,261,244,262,-1,251,258,253,-1,253,258,262,-1,253,262,254,-1,254,262,244,-1,285,286,287,-1,287,286,288,-1,287,288,289,-1,289,288,290,-1,291,292,293,-1,291,293,294,-1,294,293,286,-1,294,286,285,-1,295,296,297,-1,297,296,298,-1,297,298,291,-1,291,298,292,-1,299,300,295,-1,295,300,296,-1,301,302,303,-1,303,302,304,-1,303,304,299,-1,299,304,300,-1,305,306,307,-1,305,307,308,-1,308,307,302,-1,308,302,301,-1,309,310,311,-1,311,310,312,-1,311,312,305,-1,305,312,306,-1,313,314,309,-1,309,314,310,-1,315,316,317,-1,317,316,318,-1,317,318,313,-1,313,318,314,-1,319,320,321,-1,319,321,322,-1,322,321,316,-1,322,316,315,-1,323,324,325,-1,325,324,326,-1,325,326,319,-1,319,326,320,-1,290,324,289,-1,289,324,323,-1,324,290,326,-1,326,290,288,-1,326,288,320,-1,320,288,286,-1,320,286,321,-1,321,286,293,-1,321,293,292,-1,310,314,312,-1,312,314,318,-1,312,318,306,-1,306,318,316,-1,306,316,307,-1,307,316,321,-1,307,321,302,-1,302,321,292,-1,302,292,304,-1,304,292,298,-1,304,298,300,-1,300,298,296,-1,327,328,329,-1,329,328,330,-1,329,330,331,-1,331,330,332,-1,331,332,333,-1,333,332,334,-1,333,334,335,-1,335,334,336,-1,335,336,337,-1,337,336,338,-1,337,338,339,-1,339,338,340,-1,339,340,341,-1,341,340,342,-1,341,342,343,-1,343,342,344,-1,343,344,345,-1,345,344,346,-1,345,346,347,-1,347,346,348,-1,347,348,349,-1,350,351,352,-1,352,351,349,-1,352,349,353,-1,353,349,348,-1,354,351,350,-1,354,350,355,-1,350,356,355,-1,355,356,357,-1,355,357,358,-1,358,357,359,-1,358,359,360,-1,360,359,361,-1,360,361,362,-1,362,361,363,-1,362,363,364,-1,364,363,365,-1,364,365,366,-1,366,365,367,-1,366,367,368,-1,368,367,369,-1,368,369,370,-1,370,369,371,-1,370,371,372,-1,372,371,373,-1,372,373,374,-1,374,373,375,-1,374,375,376,-1,376,375,377,-1,376,377,378,-1,378,377,379,-1,378,379,380,-1,380,379,381,-1,380,381,382,-1,383,384,385,-1,383,385,386,-1,386,385,382,-1,386,382,381,-1,384,383,387,-1,387,383,328,-1,387,328,327,-1,388,389,349,-1,349,389,347,-1,347,389,390,-1,347,390,345,-1,345,390,391,-1,345,391,343,-1,343,391,392,-1,343,392,341,-1,341,392,393,-1,341,393,339,-1,339,393,394,-1,339,394,337,-1,337,394,395,-1,337,395,335,-1,335,395,396,-1,335,396,333,-1,333,396,397,-1,333,397,331,-1,331,397,398,-1,331,398,329,-1,329,398,399,-1,329,399,327,-1,327,399,400,-1,327,400,387,-1,387,400,401,-1,387,401,384,-1,384,401,385,-1,385,401,402,-1,385,402,382,-1,382,402,403,-1,382,403,380,-1,380,403,404,-1,380,404,378,-1,378,404,405,-1,378,405,376,-1,376,405,406,-1,376,406,374,-1,374,406,407,-1,374,407,372,-1,372,407,370,-1,370,407,408,-1,370,408,368,-1,368,408,409,-1,368,409,366,-1,409,410,366,-1,366,410,411,-1,366,411,364,-1,364,411,412,-1,364,412,362,-1,362,412,413,-1,349,351,388,-1,388,351,354,-1,388,354,414,-1,414,354,355,-1,414,355,415,-1,415,355,358,-1,415,358,413,-1,413,358,360,-1,413,360,362,-1,416,410,417,-1,417,410,409,-1,417,409,418,-1,418,409,408,-1,418,408,419,-1,419,408,407,-1,419,407,420,-1,420,407,406,-1,420,406,421,-1,421,406,405,-1,421,405,422,-1,422,405,404,-1,422,404,423,-1,423,404,403,-1,423,403,424,-1,424,403,402,-1,424,402,425,-1,425,402,401,-1,425,401,426,-1,426,401,427,-1,427,401,400,-1,427,400,428,-1,428,400,429,-1,429,400,399,-1,429,399,430,-1,430,399,398,-1,430,398,431,-1,431,398,397,-1,431,397,432,-1,432,397,396,-1,432,396,433,-1,433,396,395,-1,433,395,434,-1,434,395,394,-1,434,394,435,-1,435,394,393,-1,435,393,436,-1,436,393,392,-1,436,392,437,-1,437,392,391,-1,437,391,438,-1,438,391,390,-1,438,390,439,-1,439,390,389,-1,439,389,440,-1,440,389,388,-1,440,388,441,-1,441,388,414,-1,441,414,442,-1,442,414,415,-1,442,415,443,-1,443,415,413,-1,443,413,444,-1,444,413,412,-1,444,412,445,-1,445,412,411,-1,445,411,416,-1,416,411,410,-1,
        ]
    }
}
Shape{
    appearance Appearance {
        material  Material {
            diffuseColor 0.7529411764705882 0.7529411764705882 0.7529411764705882
            specularColor 0.3764705882352941 0.3764705882352941 0.3764705882352941
            ambientIntensity 0.7529
            transparency 0.0
            shininess 0.5
        }
    }
    geometry IndexedFaceSet {
        ccw TRUE
        solid FALSE
        coord DEF co Coordinate {
            point [
                -0.3426 0.4854 0.6443, -0.3385 0.4882 0.6508, -0.3348 0.4907 0.6535, -0.3258 0.4967 0.5976, -0.3188 0.5011 0.5966, -0.3139 0.5041 0.5966, -0.328 0.4952 0.5979, -0.3298 0.4941 0.5987, -0.332 0.4926 0.5997, -0.3327 0.4922 0.6002, -0.3387 0.4881 0.605, -0.3427 0.4853 0.6123, -0.3434 0.4849 0.6135, -0.3441 0.4844 0.6159, -0.3448 0.4839 0.618, -0.3449 0.4838 0.6194, -0.3458 0.4832 0.6283, -0.3447 0.484 0.6379, -0.343 0.4851 0.6436, -0.344 0.4845 0.6411, -0.3444 0.4842 0.6399, -0.3089 0.5071 0.5966, -0.3337 0.4915 0.6543, -0.3298 0.494 0.6563, -0.314 0.504 0.6583, -0.3089 0.5072 0.6583, -0.3089 0.5072 0.6275, -0.3283 0.495 0.6571, -0.3267 0.496 0.6573, -0.3192 0.5009 0.6583
            ]
        }
        coordIndex [
            0,1,2,-1,3,2,4,-1,4,2,5,-1,3,6,2,-1,2,6,7,-1,2,7,8,-1,8,9,2,-1,2,9,10,-1,2,10,11,-1,11,12,2,-1,2,12,13,-1,2,13,14,-1,14,15,2,-1,2,15,16,-1,2,16,17,-1,18,0,19,-1,19,0,2,-1,19,2,20,-1,20,2,17,-1,5,2,21,-1,21,2,22,-1,21,22,23,-1,24,25,26,-1,23,27,21,-1,21,27,28,-1,21,28,26,-1,26,28,29,-1,26,29,24,-1,
        ]
    }
}
Shape{
    appearance Appearance {
        material  Material {
            diffuseColor 0.0 0.0 0.0
            specularColor 0.0 0.0 0.0
            ambientIntensity 0.0
            transparency 0.0
            shininess 0.5
        }
    }
    geometry IndexedFaceSet {
        ccw TRUE
        solid FALSE
        coord DEF co Coordinate {
            point [
                -0.3932 0.4513 0.6676, -0.3907 0.4484 0.6676, -0.389 0.4549 0.6676, -0.3822 0.4555 0.6676, -0.3847 0.4585 0.6676, -0.3728 0.4681 0.6275, -0.3582 0.4742 0.5875, -0.3606 0.4774 0.5875, -0.3652 0.474 0.5875, -0.3673 0.4673 0.5875, -0.3697 0.4705 0.5875, -0.3728 0.4681 0.5985, -0.3734 0.4626 0.6094, -0.3758 0.4657 0.6094, -0.3888 0.4551 0.6094, -0.3989 0.4411 0.6094, -0.4015 0.4441 0.6094, -0.4046 0.4413 0.5985, -0.405 0.4357 0.5875, -0.4077 0.4386 0.5875, -0.4119 0.4347 0.5875, -0.4134 0.4279 0.5876, -0.4161 0.4307 0.5876, -0.4048 0.4412 0.6276, -0.3784 0.4636 0.6185, -0.3991 0.4462 0.6185, -0.3877 0.456 0.6517, -0.3887 0.4552 0.6574, -0.3899 0.4542 0.6517, -0.3852 0.453 0.6517, -0.3806 0.4568 0.6351, -0.3759 0.4606 0.6185, -0.3863 0.452 0.6185, -0.3965 0.4433 0.6185, -0.3919 0.4472 0.6351, -0.3873 0.4512 0.6517, -0.3862 0.4521 0.6574
            ]
        }
        coordIndex [
            0,1,2,-1,2,1,3,-1,2,3,4,-1,4,3,5,-1,5,3,6,-1,5,6,7,-1,7,6,8,-1,8,6,9,-1,8,9,10,-1,10,9,11,-1,11,9,12,-1,11,12,13,-1,13,12,14,-1,14,12,15,-1,14,15,16,-1,16,15,17,-1,17,15,18,-1,17,18,19,-1,19,18,20,-1,20,18,21,-1,20,21,22,-1,22,21,23,-1,23,21,1,-1,23,1,0,-1,5,7,24,-1,13,8,11,-1,11,8,10,-1,17,19,20,-1,17,20,16,-1,16,20,25,-1,16,25,14,-1,14,25,24,-1,14,24,13,-1,13,24,7,-1,13,7,8,-1,5,24,4,-1,4,24,26,-1,4,26,27,-1,20,22,25,-1,25,22,23,-1,25,23,28,-1,28,23,0,-1,28,0,27,-1,27,0,2,-1,27,2,4,-1,29,26,30,-1,30,26,24,-1,30,24,31,-1,31,24,32,-1,32,24,25,-1,32,25,33,-1,33,25,34,-1,34,25,28,-1,34,28,35,-1,35,28,36,-1,36,28,27,-1,36,27,29,-1,29,27,26,-1,
        ]
    }
}
Shape{
    appearance Appearance {
        material  Material {
            diffuseColor 0.7529411764705882 0.7529411764705882 0.7529411764705882
            specularColor 0.3764705882352941 0.3764705882352941 0.3764705882352941
            ambientIntensity 0.7529
            transparency 0.0
            shininess 0.5
        }
    }
    geometry IndexedFaceSet {
        ccw TRUE
        solid FALSE
        coord DEF co Coordinate {
            point [
                -0.3806 0.4568 0.6351, -0.3759 0.4606 0.6185, -0.3863 0.452 0.6185, -0.3852 0.453 0.6517, -0.3862 0.4521 0.6574, -0.3873 0.4512 0.6517, -0.3919 0.4472 0.6351, -0.3965 0.4433 0.6185
            ]
        }
        coordIndex [
            0,1,2,-1,0,2,3,-1,4,3,5,-1,5,3,2,-1,5,2,6,-1,6,2,7,-1,
        ]
    }
}
Shape{
    appearance Appearance {
        material  Material {
            diffuseColor 0.0 0.0 0.0
            specularColor 0.0 0.0 0.0
            ambientIntensity 0.0
            transparency 0.0
            shininess 0.5
        }
    }
    geometry IndexedFaceSet {
        ccw TRUE
        solid FALSE
        coord DEF co Coordinate {
            point [
                0.0321 0.5893 0.6668, 0.0323 0.5932 0.6668, 0.0343 0.5892 0.6491, 0.0349 0.5931 0.6492, 0.0345 0.5891 0.6479, 0.0357 0.593 0.644, 0.0373 0.5889 0.6395, 0.0375 0.5929 0.6395, 0.039 0.5888 0.6347, 0.0404 0.5927 0.6326, 0.042 0.5886 0.63, 0.0422 0.5925 0.6299, 0.0501 0.5879 0.6169, 0.0535 0.5915 0.6128, 0.0531 0.5876 0.6128, 0.0368 0.5929 0.6849, 0.0354 0.5891 0.6807, 0.0367 0.589 0.6849, 0.0433 0.5924 0.7021, 0.0384 0.5928 0.6906, 0.0372 0.5929 0.6867, 0.0416 0.5886 0.7003, 0.0426 0.5885 0.7022, 0.0463 0.5922 0.7091, 0.0479 0.5881 0.7123, 0.0489 0.5919 0.7126, 0.0483 0.588 0.7128, 0.0533 0.5915 0.7186, 0.0543 0.5874 0.7197, 0.0546 0.5913 0.7198, 0.0561 0.5872 0.7218, 0.0613 0.5906 0.7258, 0.0645 0.5863 0.7281, 0.065 0.5901 0.7279, 0.0673 0.5859 0.7302, 0.0887 0.5868 0.7414, 0.0861 0.5832 0.7403, 0.0881 0.583 0.7414, 0.1183 0.5772 0.7864, 0.1192 0.5811 0.7864, 0.1033 0.5803 0.7694, 0.1027 0.5844 0.7672, 0.102 0.5805 0.7673, 0.1014 0.5847 0.7658, 0.0958 0.5817 0.757, 0.0968 0.5855 0.7569, 0.0951 0.5818 0.7559, 0.0926 0.5862 0.7489, 0.1446 0.575 0.8034, 0.1397 0.5722 0.8011, 0.1458 0.5747 0.8039, 0.1449 0.5708 0.8037, 0.1522 0.5729 0.8065, 0.151 0.5692 0.8068, 0.1547 0.5682 0.8087, 0.1635 0.5697 0.8113, 0.1648 0.5652 0.8116, 0.1658 0.569 0.8116, 0.1718 0.567 0.8126, 0.1928 0.556 0.816, 0.1941 0.5597 0.816, 0.1762 0.5616 0.8139, 0.1707 0.5634 0.8132, 0.2094 0.554 0.8142, 0.2022 0.5525 0.8149, 0.2211 0.5492 0.8115, 0.2382 0.5376 0.805, 0.2557 0.5293 0.7938, 0.2574 0.5328 0.7938, 0.2196 0.5455 0.8117, 0.2236 0.5439 0.811, 0.2294 0.5458 0.8097, 0.2314 0.5406 0.8078, 0.2329 0.5442 0.8077, 0.2476 0.5374 0.7994, 0.2695 0.5266 0.7822, 0.2779 0.5177 0.7688, 0.2798 0.5211 0.7688, 0.2662 0.5239 0.7838, 0.2618 0.5262 0.788, 0.2857 0.5178 0.7695, 0.2893 0.5112 0.7699, 0.2913 0.5146 0.7699, 0.3047 0.5065 0.7674, 0.3027 0.5032 0.7676, 0.3049 0.5019 0.7672, 0.3146 0.5005 0.7655, 0.3163 0.4946 0.7637, 0.3303 0.4899 0.757, 0.3282 0.4914 0.7588, 0.3259 0.4882 0.7586, 0.3274 0.492 0.7595, 0.3193 0.4927 0.7628, 0.3187 0.4978 0.7636, 0.3184 0.4979 0.7637, 0.3282 0.4866 0.7571, 0.3308 0.4849 0.7554, 0.3465 0.4785 0.7426, 0.3408 0.4777 0.7458, 0.3441 0.4753 0.7426, 0.3651 0.4642 0.7002, 0.3647 0.4645 0.7043, 0.3609 0.4625 0.7081, 0.3634 0.4655 0.7081, 0.3597 0.4635 0.7133, 0.3604 0.4679 0.7175, 0.3578 0.465 0.7174, 0.3604 0.4679 0.7176, 0.3524 0.4692 0.7288, 0.3653 0.459 0.6777, 0.3678 0.462 0.6777, 0.3633 0.4606 0.6984, 0.3629 0.4609 0.7002, 0.3666 0.463 0.6679, 0.3643 0.4598 0.6679, 0.3642 0.4599 0.6663, 0.3645 0.4647 0.6516, 0.361 0.4624 0.6471, 0.3633 0.4657 0.6472, 0.3609 0.4625 0.6464, 0.3607 0.4677 0.6381, 0.3579 0.4649 0.6381, 0.3606 0.4678 0.6379, 0.3587 0.4692 0.6343, 0.3464 0.4736 0.6157, 0.3488 0.4768 0.6157, 0.3559 0.4665 0.6325, 0.3564 0.466 0.6341, 0.3408 0.4777 0.6096, 0.3362 0.4858 0.6031, 0.3352 0.4818 0.6037, 0.3342 0.4825 0.6028, 0.3317 0.489 0.5986, 0.3262 0.4881 0.5966, 0.3282 0.4913 0.5969, 0.3253 0.4887 0.5959, 0.3186 0.4977 0.5921, 0.3088 0.4994 0.5883, 0.3109 0.5028 0.5883, 0.3045 0.5068 0.5757, 0.3017 0.5038 0.5745, 0.3037 0.5072 0.5745, 0.3033 0.5075 0.5739, 0.2618 0.5262 0.5496, 0.2636 0.5297 0.5496, 0.2775 0.5179 0.553, 0.2801 0.5209 0.5535, 0.2782 0.5175 0.5533, 0.2828 0.5194 0.5542, 0.2854 0.5134 0.5566, 0.2874 0.5169 0.5566, 0.2877 0.5122 0.5577, 0.2904 0.5152 0.5582, 0.2903 0.5107 0.56, 0.2923 0.5141 0.5599, 0.2939 0.5085 0.5632, 0.2966 0.5115 0.564, 0.2951 0.5079 0.5648, 0.2971 0.5112 0.5647, 0.3014 0.5041 0.5738, 0.3015 0.504 0.574, 0.2618 0.5262 0.5496, 0.2532 0.5349 0.5529, 0.2429 0.5354 0.5559, 0.2476 0.5375 0.5552, 0.2418 0.5402 0.5577, 0.2401 0.5367 0.5574, 0.2346 0.5435 0.5608, 0.2308 0.5409 0.5622, 0.2322 0.5445 0.5626, 0.2306 0.541 0.5624, 0.2265 0.547 0.567, 0.225 0.5434 0.567, 0.2244 0.5436 0.5676, 0.2233 0.5483 0.5709, 0.2219 0.5447 0.571, 0.2219 0.5489 0.5728, 0.2199 0.5498 0.5768, 0.2099 0.5496 0.6065, 0.2113 0.5532 0.6065, 0.2146 0.5477 0.586, 0.2168 0.551 0.5845, 0.2152 0.5474 0.5845, 0.2175 0.5508 0.5818, 0.2184 0.5461 0.5768, 0.2191 0.5458 0.5749, 0.2099 0.5496 0.6122, 0.2113 0.5532 0.6122, 0.1735 0.5666 0.6333, 0.1771 0.5614 0.6306, 0.1718 0.5671 0.6342, 0.1762 0.5616 0.6311, 0.1348 0.5775 0.6543, 0.1339 0.5737 0.6543, 0.1435 0.5753 0.6694, 0.151 0.5692 0.6845, 0.1521 0.573 0.6845, 0.2231 0.5442 0.6447, 0.2246 0.5478 0.6447, 0.1811 0.56 0.6681, 0.1887 0.5616 0.6646, 0.1762 0.5615 0.6708, 0.1717 0.5669 0.6738, 0.2476 0.5375 0.6608, 0.247 0.5378 0.6606, 0.2454 0.5342 0.6608, 0.2451 0.5387 0.6603, 0.2404 0.5365 0.6586, 0.2421 0.5401 0.6586, 0.2388 0.5373 0.6579, 0.2378 0.542 0.6562, 0.2336 0.5396 0.6537, 0.2352 0.5432 0.6538, 0.2262 0.5428 0.6477, 0.2618 0.5262 0.664, 0.2636 0.5297 0.664, 0.2618 0.5262 0.664, 0.2463 0.5338 0.6612, 0.2684 0.5272 0.6629, 0.2762 0.523 0.6604, 0.2744 0.5195 0.6608, 0.2764 0.5185 0.6603, 0.2867 0.5173 0.6569, 0.2847 0.5139 0.6566, 0.2872 0.517 0.6567, 0.2879 0.512 0.6552, 0.2928 0.5138 0.653, 0.2907 0.5104 0.6529, 0.2946 0.5127 0.6518, 0.2972 0.5112 0.6487, 0.2945 0.5082 0.6499, 0.2953 0.5077 0.6488, 0.3016 0.5086 0.6435, 0.3006 0.5045 0.6417, 0.3028 0.5078 0.6412, 0.3009 0.5044 0.6413, 0.3105 0.5031 0.6265, 0.3084 0.4997 0.6265, 0.3367 0.4807 0.6788, 0.339 0.4839 0.6788, 0.3343 0.4824 0.6626, 0.3364 0.4857 0.6627, 0.3341 0.4826 0.6615, 0.336 0.486 0.66, 0.3317 0.4842 0.654, 0.3339 0.4875 0.654, 0.3309 0.4848 0.6514, 0.3326 0.4884 0.6503, 0.329 0.4861 0.6481, 0.3313 0.4893 0.6481, 0.3263 0.4879 0.6436, 0.3278 0.4917 0.6426, 0.3252 0.4887 0.6424, 0.3275 0.4919 0.6423, 0.3178 0.4937 0.6344, 0.3196 0.4971 0.6348, 0.3175 0.4938 0.6342, 0.3187 0.4977 0.6339, 0.3133 0.5012 0.6288, 0.3334 0.4879 0.6996, 0.3316 0.4843 0.6998, 0.3316 0.4843 0.6999, 0.3313 0.4893 0.7073, 0.3272 0.4874 0.7112, 0.3293 0.4907 0.7112, 0.3264 0.4879 0.7131, 0.326 0.4929 0.7176, 0.3233 0.49 0.718, 0.3256 0.4932 0.7181, 0.322 0.4909 0.7201, 0.322 0.4956 0.7223, 0.3197 0.4924 0.7222, 0.3211 0.4962 0.7233, 0.3158 0.495 0.7258, 0.2889 0.5115 0.7358, 0.2908 0.5149 0.7358, 0.3065 0.5009 0.7307, 0.3109 0.5027 0.7292, 0.3089 0.4994 0.7295, 0.3141 0.5008 0.7282, 0.3152 0.4954 0.7261, 0.3173 0.4987 0.726, 0.3187 0.4978 0.725, 0.2623 0.5259 0.7272, 0.2641 0.5294 0.7272, 0.2732 0.5202 0.7326, 0.2751 0.5236 0.7325, 0.2745 0.5195 0.7333, 0.277 0.5226 0.7335, 0.2813 0.5157 0.7345, 0.2832 0.5192 0.7345, 0.2873 0.5124 0.7356, 0.236 0.5428 0.7675, 0.243 0.5397 0.7613, 0.2415 0.536 0.7608, 0.2433 0.5396 0.761, 0.245 0.5344 0.7569, 0.2476 0.5375 0.7548, 0.2506 0.5317 0.7481, 0.2523 0.5353 0.7481, 0.2527 0.5307 0.7448, 0.2546 0.5342 0.7449, 0.2552 0.5295 0.7407, 0.2548 0.5341 0.7446, 0.2618 0.5262 0.7282, 0.2364 0.5384 0.7663, 0.2345 0.5392 0.7676, 0.2337 0.5439 0.7696, 0.2287 0.546 0.7721, 0.1923 0.5562 0.7818, 0.1936 0.5599 0.7818, 0.2143 0.5478 0.7775, 0.2175 0.5507 0.7766, 0.2161 0.5471 0.7768, 0.2216 0.5491 0.7756, 0.2266 0.5427 0.7728, 0.2272 0.5424 0.7724, 0.1737 0.5663 0.7758, 0.1761 0.5615 0.7771, 0.1725 0.5627 0.776, 0.1717 0.567 0.7752, 0.1617 0.5702 0.7722, 0.1644 0.5653 0.7737, 0.1559 0.5719 0.7691, 0.1547 0.5681 0.7692, 0.1499 0.5695 0.767, 0.1455 0.5748 0.7636, 0.144 0.5711 0.7628, 0.1449 0.5749 0.7631, 0.1386 0.5765 0.7574, 0.1396 0.5722 0.7597, 0.1377 0.5727 0.7574, 0.1369 0.577 0.7559, 0.1329 0.578 0.7501, 0.1155 0.5778 0.7107, 0.1164 0.5817 0.7107, 0.1241 0.576 0.7359, 0.1274 0.5792 0.7402, 0.1263 0.5755 0.7403, 0.1291 0.5789 0.7447, 0.131 0.5744 0.7494, 0.1317 0.5742 0.7503, 0.1111 0.5788 0.7107, 0.1119 0.5826 0.7107, 0.098 0.5852 0.7063, 0.0989 0.5811 0.7071, 0.0973 0.5814 0.7065, 0.0927 0.5862 0.7046, 0.0879 0.583 0.7025, 0.0925 0.5862 0.7045, 0.0886 0.5869 0.7024, 0.0865 0.5832 0.702, 0.0861 0.5833 0.7016, 0.0831 0.5877 0.6994, 0.082 0.5839 0.6987, 0.0825 0.5878 0.6989, 0.0798 0.5882 0.6965, 0.0798 0.5842 0.6972, 0.0793 0.5843 0.6965, 0.0796 0.5883 0.6963, 0.0763 0.5847 0.6929, 0.0673 0.586 0.6663, 0.0678 0.5899 0.6663, 0.0711 0.5855 0.6819, 0.0717 0.5894 0.6819, 0.0714 0.5854 0.6831, 0.072 0.5893 0.6834, 0.0736 0.5851 0.6878, 0.0741 0.589 0.6878, 0.0755 0.5849 0.6919, 0.0756 0.5888 0.6912, 0.0769 0.5886 0.6928, 0.0692 0.5897 0.6604, 0.0699 0.5856 0.6559, 0.0731 0.5892 0.6491, 0.0724 0.5853 0.6491, 0.0753 0.5889 0.6427, 0.0747 0.585 0.6427, 0.0766 0.5887 0.6407, 0.0761 0.5848 0.6407, 0.0799 0.5882 0.6356, 0.0793 0.5843 0.6356, 0.0832 0.5877 0.6326, 0.0826 0.5838 0.6327, 0.0846 0.5875 0.6313, 0.0845 0.5835 0.631, 0.0861 0.5833 0.6301, 0.0878 0.587 0.6295, 0.0871 0.5831 0.6295, 0.0919 0.5863 0.6272, 0.0919 0.5823 0.6269, 0.1077 0.5794 0.6219, 0.1085 0.5833 0.6219, 0.0928 0.5822 0.6267, 0.0934 0.586 0.6267, 0.0927 0.5862 0.627, 0.1225 0.5804 0.622, 0.1361 0.5731 0.6225, 0.1371 0.5769 0.6225, 0.1404 0.5761 0.6215, 0.1423 0.5715 0.6202, 0.1433 0.5754 0.6203, 0.1471 0.5744 0.6187, 0.1452 0.5708 0.6192, 0.1474 0.5743 0.6185, 0.1463 0.5705 0.6185, 0.1491 0.5738 0.6173, 0.1479 0.5701 0.6174, 0.1481 0.57 0.6173, 0.1493 0.5738 0.6171, 0.149 0.5698 0.6163, 0.15 0.5736 0.6163, 0.1492 0.5697 0.616, 0.1505 0.5734 0.6156, 0.1499 0.5695 0.6148, 0.1532 0.5686 0.6048, 0.1543 0.5724 0.6048, 0.1511 0.5692 0.6119, 0.1522 0.573 0.6119, 0.1507 0.5693 0.6133, 0.152 0.573 0.6129, 0.151 0.5733 0.6148, 0.1529 0.5728 0.6007, 0.1519 0.569 0.6006, 0.1514 0.5732 0.5961, 0.1512 0.5692 0.5982, 0.151 0.5733 0.5953, 0.1499 0.5695 0.5953, 0.1498 0.5736 0.5932, 0.1492 0.5697 0.5938, 0.1487 0.5698 0.5932, 0.1497 0.5737 0.593, 0.1478 0.5701 0.5921, 0.1488 0.5739 0.5922, 0.1478 0.5701 0.5921, 0.1483 0.574 0.5916, 0.1465 0.5704 0.5911, 0.1372 0.5728 0.5872, 0.1382 0.5767 0.5872, 0.1438 0.5711 0.5897, 0.1448 0.575 0.5896, 0.1456 0.5707 0.5904, 0.1457 0.5747 0.59, 0.1475 0.5742 0.5911, 0.1217 0.5805 0.5872, 0.1044 0.5801 0.5872, 0.1051 0.584 0.5872, 0.0826 0.5878 0.5929, 0.0827 0.5878 0.5929, 0.0861 0.5832 0.592, 0.0926 0.5861 0.5903, 0.099 0.5811 0.5883, 0.0821 0.5839 0.5931, 0.0794 0.5843 0.5938, 0.0744 0.589 0.5968, 0.0739 0.585 0.5969, 0.0715 0.5894 0.5982, 0.0677 0.5898 0.6012, 0.0673 0.5859 0.6006, 0.067 0.586 0.6009, 0.2483 0.5372 0.5922, 0.25 0.5364 0.5904, 0.2507 0.5361 0.5896, 0.2521 0.5354 0.5887, 0.2544 0.5343 0.5873, 0.2554 0.5338 0.5869, 0.2641 0.5294 0.5838, 0.2715 0.5256 0.5863, 0.2719 0.5254 0.5864, 0.2758 0.5233 0.5886, 0.2768 0.5228 0.5891, 0.2778 0.5222 0.5901, 0.2781 0.522 0.5904, 0.2792 0.5214 0.5915, 0.2802 0.5209 0.593, 0.2816 0.5201 0.5952, 0.2819 0.52 0.5959, 0.283 0.5193 0.599, 0.2831 0.5193 0.5993, 0.2836 0.519 0.6026, 0.2838 0.5189 0.6044, 0.2836 0.519 0.6077, 0.2834 0.5191 0.6109, 0.2832 0.5192 0.6117, 0.2822 0.5198 0.6151, 0.2821 0.5198 0.6155, 0.2807 0.5206 0.618, 0.28 0.521 0.6194, 0.2773 0.5225 0.6225, 0.2778 0.5222 0.6218, 0.279 0.5216 0.6205, 0.2641 0.5294 0.6282, 0.2727 0.5249 0.6251, 0.2737 0.5244 0.6247, 0.2759 0.5232 0.6233, 0.2577 0.5327 0.6261, 0.2622 0.5304 0.6276, 0.2545 0.5342 0.6245, 0.2518 0.5355 0.6232, 0.2512 0.5358 0.6227, 0.2492 0.5368 0.6209, 0.249 0.5369 0.6207, 0.2476 0.5375 0.6187, 0.2472 0.5377 0.6181, 0.2464 0.5381 0.6169, 0.2456 0.5385 0.6149, 0.2448 0.5389 0.6128, 0.2446 0.5389 0.6117, 0.244 0.5392 0.6077, 0.244 0.5392 0.6077, 0.244 0.5392 0.6054, 0.2443 0.5391 0.6027, 0.2446 0.5389 0.6001, 0.245 0.5388 0.599, 0.2461 0.5382 0.5957, 0.2461 0.5382 0.5957, 0.2476 0.5375 0.5932, 0.2479 0.5374 0.5928, 0.2623 0.5259 0.6282, 0.2604 0.5269 0.6275, 0.2544 0.5299 0.6255, 0.2527 0.5307 0.6246, 0.2495 0.5323 0.6228, 0.2495 0.5323 0.6228, 0.2476 0.5332 0.6209, 0.2469 0.5335 0.6201, 0.2455 0.5342 0.6181, 0.2423 0.5357 0.6068, 0.2425 0.5356 0.6077, 0.243 0.5354 0.6117, 0.243 0.5353 0.6123, 0.244 0.5349 0.6149, 0.2446 0.5346 0.6167, 0.2483 0.5329 0.5904, 0.2462 0.5339 0.5928, 0.246 0.5339 0.593, 0.2445 0.5346 0.5957, 0.2439 0.5349 0.5969, 0.2433 0.5352 0.599, 0.2427 0.5355 0.6013, 0.2426 0.5355 0.6027, 0.2623 0.5259 0.5838, 0.2537 0.5302 0.587, 0.2521 0.531 0.5876, 0.2504 0.5318 0.5887, 0.2487 0.5326 0.5898, 0.2696 0.5221 0.5863, 0.2702 0.5218 0.5865, 0.2739 0.5198 0.5886, 0.275 0.5193 0.5892, 0.2759 0.5188 0.5901, 0.2762 0.5186 0.5904, 0.2776 0.5179 0.5918, 0.2783 0.5174 0.593, 0.2797 0.5167 0.5953, 0.2799 0.5165 0.5959, 0.281 0.5159 0.599, 0.2813 0.5158 0.5997, 0.2816 0.5156 0.6026, 0.2819 0.5154 0.6051, 0.2818 0.5155 0.6077, 0.2816 0.5156 0.6106, 0.2813 0.5158 0.6117, 0.2804 0.5163 0.6152, 0.2804 0.5163 0.6152, 0.2789 0.5171 0.618, 0.2783 0.5174 0.6191, 0.2771 0.5181 0.6205, 0.2759 0.5187 0.6219, 0.2756 0.5189 0.6222, 0.274 0.5198 0.6233, 0.2724 0.5207 0.6244, 0.2708 0.5215 0.625
            ]
        }
        coordIndex [
            0,1,2,-1,2,1,3,-1,2,3,4,-1,4,3,5,-1,4,5,6,-1,6,5,7,-1,6,7,8,-1,8,7,9,-1,8,9,10,-1,10,9,11,-1,10,11,12,-1,12,11,13,-1,12,13,14,-1,1,0,15,-1,15,0,16,-1,15,16,17,-1,18,19,17,-1,17,19,20,-1,17,20,15,-1,17,21,18,-1,18,21,22,-1,18,22,23,-1,23,22,24,-1,23,24,25,-1,25,24,26,-1,25,26,27,-1,27,26,28,-1,27,28,29,-1,29,28,30,-1,29,30,31,-1,31,30,32,-1,31,32,33,-1,33,32,34,-1,33,34,35,-1,35,34,36,-1,35,36,37,-1,38,39,40,-1,40,39,41,-1,40,41,42,-1,42,41,43,-1,42,43,44,-1,44,43,45,-1,44,45,46,-1,46,45,47,-1,46,47,37,-1,37,47,35,-1,39,38,48,-1,48,38,49,-1,48,49,50,-1,50,49,51,-1,50,51,52,-1,51,53,52,-1,52,53,54,-1,52,54,55,-1,55,54,56,-1,55,56,57,-1,57,56,58,-1,59,60,61,-1,61,60,58,-1,61,58,62,-1,62,58,56,-1,60,59,63,-1,63,59,64,-1,63,64,65,-1,66,67,68,-1,64,69,65,-1,65,69,70,-1,65,70,71,-1,71,70,72,-1,71,72,73,-1,73,72,66,-1,73,66,74,-1,74,66,68,-1,75,68,67,-1,76,77,78,-1,78,77,75,-1,78,75,79,-1,79,75,67,-1,77,76,80,-1,80,76,81,-1,80,81,82,-1,83,82,81,-1,81,84,83,-1,83,84,85,-1,83,85,86,-1,86,85,87,-1,88,89,90,-1,90,89,91,-1,90,91,92,-1,92,91,93,-1,92,93,87,-1,87,93,94,-1,87,94,86,-1,90,95,88,-1,88,95,96,-1,88,96,97,-1,97,96,98,-1,97,98,99,-1,100,101,102,-1,102,101,103,-1,102,103,104,-1,104,103,105,-1,104,105,106,-1,106,105,107,-1,106,107,108,-1,108,107,97,-1,108,97,99,-1,109,110,111,-1,111,110,100,-1,111,100,112,-1,112,100,102,-1,113,110,109,-1,109,114,113,-1,113,114,115,-1,113,115,116,-1,116,115,117,-1,116,117,118,-1,118,117,119,-1,118,119,120,-1,120,119,121,-1,120,121,122,-1,122,121,123,-1,124,125,126,-1,126,125,123,-1,126,123,127,-1,127,123,121,-1,125,124,128,-1,125,128,129,-1,128,130,129,-1,129,130,131,-1,129,131,132,-1,132,131,133,-1,132,133,134,-1,134,133,135,-1,134,135,136,-1,136,135,137,-1,136,137,138,-1,138,137,139,-1,139,137,140,-1,139,140,141,-1,141,140,142,-1,143,144,145,-1,145,144,146,-1,145,146,147,-1,147,146,148,-1,147,148,149,-1,149,148,150,-1,149,150,151,-1,151,150,152,-1,151,152,153,-1,153,152,154,-1,153,154,155,-1,155,154,156,-1,155,156,157,-1,157,156,158,-1,157,158,159,-1,159,158,142,-1,159,142,160,-1,160,142,140,-1,144,143,161,-1,144,161,162,-1,162,161,163,-1,162,163,164,-1,164,163,165,-1,165,163,166,-1,165,166,167,-1,167,166,168,-1,167,168,169,-1,169,168,170,-1,169,170,171,-1,170,172,171,-1,171,172,173,-1,171,173,174,-1,174,173,175,-1,174,175,176,-1,176,175,177,-1,178,179,180,-1,180,179,181,-1,180,181,182,-1,182,181,183,-1,182,183,184,-1,184,183,177,-1,184,177,185,-1,185,177,175,-1,186,187,178,-1,178,187,179,-1,187,186,188,-1,188,186,189,-1,188,189,190,-1,190,189,191,-1,190,191,192,-1,192,191,193,-1,192,193,194,-1,194,193,195,-1,194,195,196,-1,197,198,199,-1,199,198,200,-1,199,200,201,-1,201,200,202,-1,201,202,195,-1,195,202,196,-1,203,204,205,-1,205,204,206,-1,205,206,207,-1,207,206,208,-1,207,208,209,-1,209,208,210,-1,209,210,211,-1,211,210,212,-1,211,212,213,-1,213,212,198,-1,213,198,197,-1,214,215,216,-1,216,215,203,-1,216,203,217,-1,217,203,205,-1,218,215,214,-1,218,214,219,-1,214,220,219,-1,219,220,221,-1,219,221,222,-1,222,221,223,-1,222,223,224,-1,224,223,225,-1,224,225,226,-1,226,225,227,-1,226,227,228,-1,228,227,229,-1,227,230,229,-1,229,230,231,-1,229,231,232,-1,232,231,233,-1,232,233,234,-1,234,233,235,-1,234,235,236,-1,236,235,237,-1,238,239,240,-1,240,239,241,-1,240,241,242,-1,242,241,243,-1,242,243,244,-1,244,243,245,-1,244,245,246,-1,246,245,247,-1,246,247,248,-1,248,247,249,-1,248,249,250,-1,250,249,251,-1,250,251,252,-1,252,251,253,-1,252,253,254,-1,254,253,255,-1,254,255,256,-1,256,255,257,-1,256,257,237,-1,237,257,258,-1,237,258,236,-1,259,239,238,-1,238,260,259,-1,259,260,261,-1,259,261,262,-1,262,261,263,-1,262,263,264,-1,264,263,265,-1,264,265,266,-1,266,265,267,-1,266,267,268,-1,268,267,269,-1,268,269,270,-1,270,269,271,-1,270,271,272,-1,272,271,273,-1,274,275,276,-1,276,275,277,-1,276,277,278,-1,278,277,279,-1,278,279,280,-1,280,279,281,-1,280,281,273,-1,273,281,282,-1,273,282,272,-1,283,284,285,-1,285,284,286,-1,285,286,287,-1,287,286,288,-1,287,288,289,-1,289,288,290,-1,289,290,291,-1,291,290,275,-1,291,275,274,-1,292,293,294,-1,294,293,295,-1,294,295,296,-1,296,295,297,-1,296,297,298,-1,298,297,299,-1,298,299,300,-1,300,299,301,-1,300,301,302,-1,302,301,303,-1,302,303,304,-1,304,303,284,-1,304,284,283,-1,294,305,292,-1,292,305,306,-1,292,306,307,-1,307,306,308,-1,309,310,311,-1,311,310,312,-1,311,312,313,-1,313,312,314,-1,313,314,315,-1,315,314,308,-1,315,308,316,-1,316,308,306,-1,317,310,309,-1,309,318,317,-1,317,318,319,-1,317,319,320,-1,320,319,321,-1,321,319,322,-1,321,322,323,-1,322,324,323,-1,323,324,325,-1,323,325,326,-1,326,325,327,-1,326,327,328,-1,328,327,329,-1,327,330,329,-1,329,330,331,-1,329,331,332,-1,332,331,333,-1,334,335,336,-1,336,335,337,-1,336,337,338,-1,338,337,339,-1,338,339,340,-1,340,339,333,-1,340,333,341,-1,341,333,331,-1,342,343,334,-1,334,343,335,-1,344,343,342,-1,342,345,344,-1,344,345,346,-1,344,346,347,-1,347,346,348,-1,347,348,349,-1,349,348,350,-1,348,351,350,-1,350,351,352,-1,350,352,353,-1,353,352,354,-1,353,354,355,-1,355,354,356,-1,354,357,356,-1,356,357,358,-1,356,358,359,-1,359,358,360,-1,361,362,363,-1,363,362,364,-1,363,364,365,-1,365,364,366,-1,365,366,367,-1,367,366,368,-1,367,368,369,-1,369,368,370,-1,369,370,360,-1,360,370,371,-1,360,371,359,-1,362,361,372,-1,372,361,373,-1,372,373,374,-1,374,373,375,-1,374,375,376,-1,376,375,377,-1,376,377,378,-1,378,377,379,-1,378,379,380,-1,380,379,381,-1,380,381,382,-1,382,381,383,-1,382,383,384,-1,383,385,384,-1,384,385,386,-1,384,386,387,-1,387,386,388,-1,387,388,389,-1,389,388,390,-1,391,392,393,-1,393,392,394,-1,393,394,390,-1,390,394,395,-1,390,395,389,-1,392,391,396,-1,396,391,397,-1,396,397,398,-1,398,397,399,-1,399,397,400,-1,399,400,401,-1,401,400,402,-1,402,400,403,-1,402,403,404,-1,404,403,405,-1,404,405,406,-1,405,407,406,-1,406,407,408,-1,406,408,409,-1,409,408,410,-1,409,410,411,-1,411,410,412,-1,411,412,413,-1,413,412,414,-1,415,416,417,-1,417,416,418,-1,417,418,419,-1,419,418,420,-1,419,420,414,-1,414,420,421,-1,414,421,413,-1,416,415,422,-1,422,415,423,-1,422,423,424,-1,424,423,425,-1,424,425,426,-1,426,425,427,-1,426,427,428,-1,427,429,428,-1,428,429,430,-1,428,430,431,-1,431,430,432,-1,431,432,433,-1,433,432,434,-1,433,434,435,-1,435,434,436,-1,437,438,439,-1,439,438,440,-1,439,440,441,-1,441,440,442,-1,441,442,436,-1,436,442,443,-1,436,443,435,-1,438,437,444,-1,444,437,445,-1,444,445,446,-1,447,448,449,-1,449,448,450,-1,449,450,451,-1,451,450,446,-1,451,446,445,-1,449,452,447,-1,447,452,453,-1,447,453,454,-1,454,453,455,-1,454,455,456,-1,456,455,457,-1,455,458,457,-1,457,458,459,-1,457,459,13,-1,13,459,14,-1,194,196,202,-1,450,395,394,-1,398,399,444,-1,450,394,446,-1,446,394,392,-1,446,392,444,-1,444,392,396,-1,444,396,398,-1,399,401,444,-1,444,401,402,-1,444,402,404,-1,404,406,444,-1,444,406,409,-1,444,409,411,-1,421,420,422,-1,422,420,418,-1,422,418,416,-1,424,411,422,-1,422,411,413,-1,422,413,421,-1,424,426,411,-1,411,426,428,-1,411,428,431,-1,431,433,411,-1,411,433,435,-1,411,435,443,-1,438,444,440,-1,440,444,411,-1,440,411,442,-1,442,411,443,-1,349,33,347,-1,347,33,35,-1,347,35,47,-1,349,350,33,-1,33,350,353,-1,33,353,31,-1,31,353,355,-1,31,355,29,-1,355,356,29,-1,29,356,359,-1,29,359,27,-1,27,359,371,-1,27,371,25,-1,25,371,23,-1,23,371,370,-1,23,370,18,-1,18,370,368,-1,18,368,19,-1,19,368,366,-1,19,366,20,-1,20,366,364,-1,20,364,15,-1,15,364,1,-1,1,364,362,-1,1,362,3,-1,3,362,372,-1,3,372,5,-1,5,372,374,-1,5,374,7,-1,7,374,9,-1,9,374,376,-1,9,376,11,-1,11,376,378,-1,11,378,13,-1,378,380,13,-1,13,380,382,-1,13,382,457,-1,457,382,384,-1,457,384,456,-1,456,384,387,-1,456,387,454,-1,454,387,389,-1,454,389,447,-1,447,389,395,-1,447,395,448,-1,448,395,450,-1,337,335,343,-1,52,55,321,-1,321,55,320,-1,52,321,50,-1,50,321,323,-1,50,323,48,-1,328,329,39,-1,48,323,39,-1,39,323,326,-1,39,326,328,-1,339,41,333,-1,333,41,39,-1,333,39,332,-1,332,39,329,-1,45,343,47,-1,47,343,344,-1,47,344,347,-1,339,337,41,-1,41,337,343,-1,41,343,43,-1,43,343,45,-1,297,295,74,-1,74,295,293,-1,74,293,292,-1,292,307,74,-1,74,307,308,-1,74,308,73,-1,73,308,314,-1,73,314,71,-1,71,314,312,-1,55,57,320,-1,320,57,58,-1,320,58,317,-1,317,58,60,-1,317,60,310,-1,310,60,63,-1,310,63,312,-1,312,63,65,-1,312,65,71,-1,286,284,77,-1,77,284,303,-1,303,301,77,-1,77,301,299,-1,77,299,75,-1,75,299,297,-1,75,297,68,-1,68,297,74,-1,282,281,93,-1,93,281,279,-1,93,279,94,-1,94,279,277,-1,94,277,86,-1,86,277,275,-1,86,275,83,-1,83,275,82,-1,82,275,80,-1,80,275,290,-1,80,290,77,-1,77,290,288,-1,77,288,286,-1,253,125,255,-1,255,125,129,-1,255,129,257,-1,257,129,132,-1,253,251,125,-1,125,251,249,-1,125,249,123,-1,249,247,123,-1,123,247,245,-1,123,245,122,-1,122,245,243,-1,122,243,120,-1,239,110,113,-1,239,113,241,-1,241,113,116,-1,241,116,243,-1,243,116,118,-1,243,118,120,-1,110,239,100,-1,100,239,259,-1,100,259,101,-1,266,97,264,-1,264,97,107,-1,264,107,262,-1,262,107,105,-1,262,105,259,-1,259,105,103,-1,259,103,101,-1,266,268,97,-1,97,268,270,-1,97,270,88,-1,88,270,272,-1,88,272,89,-1,89,272,282,-1,89,282,91,-1,91,282,93,-1,460,461,164,-1,164,461,462,-1,164,462,463,-1,463,464,164,-1,164,464,465,-1,164,465,162,-1,162,465,466,-1,162,466,144,-1,144,466,146,-1,146,466,467,-1,146,467,148,-1,148,467,468,-1,148,468,150,-1,150,468,469,-1,150,469,152,-1,152,469,470,-1,152,470,154,-1,154,470,156,-1,156,470,471,-1,156,471,158,-1,158,471,472,-1,158,472,473,-1,473,474,158,-1,158,474,475,-1,158,475,476,-1,476,477,158,-1,158,477,478,-1,158,478,236,-1,478,479,236,-1,236,479,480,-1,236,480,481,-1,481,482,236,-1,236,482,483,-1,236,483,484,-1,484,485,236,-1,236,485,486,-1,236,486,234,-1,234,486,487,-1,234,487,232,-1,488,229,489,-1,489,229,232,-1,489,232,490,-1,490,232,487,-1,491,219,492,-1,492,219,222,-1,492,222,493,-1,493,222,224,-1,493,224,494,-1,494,224,226,-1,494,226,488,-1,488,226,228,-1,488,228,229,-1,495,203,496,-1,496,203,215,-1,496,215,491,-1,491,215,218,-1,491,218,219,-1,495,497,203,-1,203,497,498,-1,203,498,499,-1,499,500,203,-1,203,500,501,-1,203,501,502,-1,132,134,257,-1,257,134,136,-1,257,136,258,-1,139,141,236,-1,236,141,142,-1,236,142,158,-1,258,136,236,-1,236,136,138,-1,236,138,139,-1,169,171,198,-1,198,171,174,-1,198,174,176,-1,176,177,198,-1,198,177,183,-1,198,183,181,-1,198,212,502,-1,502,212,210,-1,502,210,208,-1,208,206,502,-1,502,206,204,-1,502,204,203,-1,502,503,198,-1,198,503,504,-1,198,504,505,-1,505,506,198,-1,198,506,507,-1,198,507,508,-1,508,509,198,-1,198,509,510,-1,198,510,169,-1,169,510,511,-1,169,511,512,-1,512,513,169,-1,169,513,514,-1,169,514,167,-1,167,514,515,-1,167,515,165,-1,165,515,516,-1,165,516,164,-1,164,516,517,-1,164,517,460,-1,192,194,190,-1,190,194,202,-1,190,202,188,-1,188,202,200,-1,188,200,187,-1,187,200,198,-1,187,198,179,-1,179,198,181,-1,491,518,496,-1,496,518,519,-1,496,519,495,-1,495,519,520,-1,495,520,497,-1,497,520,521,-1,497,521,498,-1,498,521,522,-1,498,522,499,-1,499,522,523,-1,499,523,500,-1,500,523,524,-1,500,524,501,-1,501,524,525,-1,501,525,502,-1,502,525,526,-1,527,509,528,-1,528,509,508,-1,528,508,529,-1,529,508,507,-1,529,507,530,-1,530,507,506,-1,530,506,531,-1,531,506,505,-1,531,505,532,-1,532,505,504,-1,532,504,526,-1,526,504,503,-1,526,503,502,-1,533,460,534,-1,534,460,517,-1,534,517,535,-1,535,517,516,-1,535,516,536,-1,536,516,515,-1,536,515,537,-1,537,515,514,-1,537,514,538,-1,538,514,513,-1,538,513,539,-1,539,513,512,-1,539,512,540,-1,540,512,511,-1,540,511,527,-1,527,511,510,-1,527,510,509,-1,541,466,542,-1,542,466,465,-1,542,465,543,-1,543,465,464,-1,543,464,544,-1,544,464,463,-1,544,463,545,-1,545,463,462,-1,545,462,533,-1,533,462,461,-1,533,461,460,-1,466,541,467,-1,467,541,546,-1,467,546,468,-1,468,546,547,-1,468,547,469,-1,469,547,548,-1,469,548,470,-1,470,548,549,-1,470,549,471,-1,471,549,550,-1,471,550,472,-1,472,550,551,-1,472,551,473,-1,473,551,552,-1,473,552,474,-1,474,552,553,-1,474,553,475,-1,475,553,554,-1,475,554,476,-1,476,554,555,-1,476,555,477,-1,477,555,556,-1,477,556,478,-1,478,556,557,-1,478,557,479,-1,479,557,558,-1,479,558,480,-1,480,558,559,-1,480,559,481,-1,481,559,560,-1,481,560,482,-1,482,560,561,-1,482,561,483,-1,483,561,562,-1,483,562,484,-1,484,562,563,-1,484,563,485,-1,485,563,564,-1,485,564,486,-1,486,564,565,-1,486,565,487,-1,487,565,566,-1,487,566,490,-1,490,566,567,-1,490,567,489,-1,489,567,568,-1,489,568,488,-1,488,568,569,-1,488,569,494,-1,494,569,570,-1,494,570,493,-1,493,570,571,-1,493,571,492,-1,492,571,572,-1,492,572,491,-1,491,572,518,-1,
        ]
    }
}
Shape{
    appearance Appearance {
        material  Material {
            diffuseColor 0.7529411764705882 0.7529411764705882 0.7529411764705882
            specularColor 0.3764705882352941 0.3764705882352941 0.3764705882352941
            ambientIntensity 0.7529
            transparency 0.0
            shininess 0.5
        }
    }
    geometry IndexedFaceSet {
        ccw TRUE
        solid FALSE
        coord DEF co Coordinate {
            point [
                0.2425 0.5356 0.6077, 0.243 0.5354 0.6117, 0.2804 0.5163 0.6152, 0.243 0.5353 0.6123, 0.244 0.5349 0.6149, 0.2446 0.5346 0.6167, 0.2455 0.5342 0.6181, 0.2469 0.5335 0.6201, 0.2604 0.5269 0.6275, 0.2623 0.5259 0.6282, 0.2708 0.5215 0.625, 0.2544 0.5299 0.6255, 0.2527 0.5307 0.6246, 0.2724 0.5207 0.6244, 0.274 0.5198 0.6233, 0.2756 0.5189 0.6222, 0.2759 0.5187 0.6219, 0.2495 0.5323 0.6228, 0.2783 0.5174 0.6191, 0.2789 0.5171 0.618, 0.2495 0.5323 0.6228, 0.2771 0.5181 0.6205, 0.2476 0.5332 0.6209, 0.2804 0.5163 0.6152, 0.2813 0.5158 0.6117, 0.2426 0.5355 0.6027, 0.2423 0.5357 0.6068, 0.2816 0.5156 0.6106, 0.2818 0.5155 0.6077, 0.2819 0.5154 0.6051, 0.2816 0.5156 0.6026, 0.2813 0.5158 0.5997, 0.281 0.5159 0.599, 0.2799 0.5165 0.5959, 0.2797 0.5167 0.5953, 0.2783 0.5174 0.593, 0.275 0.5193 0.5892, 0.2739 0.5198 0.5886, 0.2462 0.5339 0.5928, 0.2702 0.5218 0.5865, 0.2696 0.5221 0.5863, 0.2623 0.5259 0.5838, 0.2537 0.5302 0.587, 0.2521 0.531 0.5876, 0.2504 0.5318 0.5887, 0.2487 0.5326 0.5898, 0.2483 0.5329 0.5904, 0.246 0.5339 0.593, 0.2762 0.5186 0.5904, 0.2759 0.5188 0.5901, 0.2445 0.5346 0.5957, 0.2439 0.5349 0.5969, 0.2433 0.5352 0.599, 0.2776 0.5179 0.5918, 0.2427 0.5355 0.6013
            ]
        }
        coordIndex [
            0,1,2,-1,2,1,3,-1,2,3,4,-1,4,5,2,-1,2,5,6,-1,2,6,7,-1,8,9,10,-1,8,10,11,-1,11,10,12,-1,12,10,13,-1,12,13,14,-1,14,15,12,-1,12,15,16,-1,12,16,17,-1,18,19,20,-1,17,16,20,-1,20,16,21,-1,20,21,18,-1,7,22,2,-1,2,22,20,-1,2,20,23,-1,23,20,19,-1,24,25,2,-1,2,25,26,-1,2,26,0,-1,24,27,25,-1,25,27,28,-1,25,28,29,-1,29,30,25,-1,25,30,31,-1,25,31,32,-1,32,33,25,-1,25,33,34,-1,25,34,35,-1,36,37,38,-1,38,37,39,-1,38,39,40,-1,41,42,40,-1,40,42,43,-1,40,43,44,-1,44,45,40,-1,40,45,46,-1,40,46,38,-1,47,48,38,-1,38,48,49,-1,38,49,36,-1,47,50,48,-1,48,50,51,-1,48,51,52,-1,35,53,25,-1,25,53,48,-1,25,48,54,-1,54,48,52,-1,
        ]
    }
}