#VRML V2.0 utf8
# 3D model generated by kicad-lcsc-manager
# Based on easyeda2kicad.py v1.0.1

Shape{
    appearance Appearance {
        material  Material {
            diffuseColor 0.11764705882352941 0.11764705882352941 0.11764705882352941
            specularColor 0.10196078431372549 0.10196078431372549 0.10196078431372549
            ambientIntensity 0.1176
            transparency 0.0
            shininess 0.5
        }
    }
    geometry IndexedFaceSet {
        ccw TRUE
        solid FALSE
        coord DEF co Coordinate {
            point [
                -0.4921 0.4134 0.0394, -0.689 0.4134 0.0394, -0.4921 0.4134 0.0, -0.689 0.4134 0.0, -0.4921 0.1772 0.0394, -0.4921 0.1772 0.0, 0.4921 -0.4134 0.0394, 0.4921 -0.1772 0.0394, 0.689 -0.4134 0.0394, 0.689 -0.1772 0.0394, -0.6496 -0.4725 0.0, -0.689 -0.4725 0.0, -0.689 -0.4134 0.0, -0.5315 -0.5118 0.0, -0.4921 -0.4134 0.0, -0.374 -0.5118 0.0, 0.6496 0.4725 0.0, 0.689 0.4725 0.0, 0.689 0.4134 0.0, -0.689 -0.1772 0.0, -0.689 0.1772 0.0, -0.4921 -0.1772 0.0, -0.374 0.5118 0.0, -0.374 0.5709 0.0, 0.374 0.5709 0.0, -0.689 0.4725 0.0, -0.6496 0.4725 0.0, 0.5315 0.5118 0.0, 0.4921 0.4134 0.0, 0.374 0.5118 0.0, 0.689 0.1772 0.0, 0.689 -0.1772 0.0, 0.4921 0.1772 0.0, 0.4921 -0.1772 0.0, 0.374 -0.5118 0.0, 0.374 -0.5709 0.0, -0.374 -0.5709 0.0, -0.5315 0.5118 0.0, 0.689 -0.4134 0.0, 0.689 -0.4725 0.0, 0.6496 -0.4725 0.0, 0.4921 -0.4134 0.0, 0.5315 -0.5118 0.0, -0.689 -0.5709 0.3346, -0.689 -0.5394 0.4921, -0.689 -0.1969 0.4921, -0.689 -0.4134 0.0394, -0.689 -0.4725 0.2165, -0.689 -0.5709 0.2165, -0.689 0.1772 0.0394, -0.689 -0.1969 0.2559, -0.689 0.1969 0.4921, -0.689 0.5394 0.4921, -0.689 0.5709 0.3346, -0.689 -0.1772 0.0394, -0.689 0.4725 0.2165, -0.689 0.1969 0.2559, -0.689 0.5709 0.2165, 0.5315 -0.5118 0.2559, 0.374 -0.5118 0.2559, 0.5315 -0.5118 0.2165, 0.5315 -0.4989 0.4921, 0.5315 -0.4989 0.2559, 0.5315 -0.5394 0.4921, 0.5315 -0.5709 0.3346, 0.5315 -0.5709 0.2165, 0.689 -0.5709 0.2165, 0.689 -0.5709 0.3346, 0.689 0.1969 0.2559, 0.689 0.5709 0.3346, 0.689 0.5394 0.4921, 0.689 0.1969 0.4921, 0.689 -0.1969 0.4921, 0.689 -0.5394 0.4921, 0.689 -0.4725 0.2165, 0.689 -0.1969 0.2559, 0.689 0.1772 0.0394, 0.689 0.4134 0.0394, 0.689 0.4725 0.2165, 0.689 0.5709 0.2165, 0.5315 0.5709 0.3346, 0.5315 0.5709 0.2165, 0.5315 0.5118 0.2165, 0.5315 0.5118 0.2559, 0.5315 0.4989 0.2559, 0.5315 0.4989 0.4921, 0.5315 0.5394 0.4921, 0.374 0.5118 0.2559, 0.374 0.5709 0.2559, -0.374 0.5709 0.2559, -0.374 0.5118 0.2559, -0.5315 0.5118 0.2559, -0.5315 0.5118 0.2165, -0.5315 0.4989 0.4921, -0.5315 0.4989 0.2559, -0.5315 0.5394 0.4921, -0.5315 0.5709 0.3346, -0.5315 0.5709 0.2165, -0.5315 -0.5709 0.3346, -0.5315 -0.5709 0.2165, -0.5315 -0.5118 0.2165, -0.5315 -0.5118 0.2559, -0.5315 -0.4989 0.2559, -0.5315 -0.4989 0.4921, -0.5315 -0.5394 0.4921, -0.374 -0.5118 0.2559, -0.374 -0.5709 0.2559, 0.374 -0.5709 0.2559, 0.5906 -0.1969 0.2559, -0.5906 0.1969 0.2559, 0.5906 -0.4989 0.2559, -0.5906 0.4989 0.2559, 0.5906 0.1969 0.2559, 0.5906 0.4989 0.2559, -0.5906 -0.1969 0.2559, -0.5906 -0.4989 0.2559, 0.4921 0.4134 0.0394, 0.4921 0.1772 0.0394, -0.4921 -0.4134 0.0394, -0.4921 -0.1772 0.0394, 0.5906 -0.4989 0.4921, 0.5906 0.4989 0.4921, 0.5906 -0.1969 0.4921, 0.5906 0.1969 0.4921, -0.5906 -0.4989 0.4921, -0.5906 0.4989 0.4921, -0.5906 -0.1969 0.4921, -0.5906 0.1969 0.4921, 0.6496 -0.4725 0.2165, -0.6496 -0.4725 0.2165, 0.6496 0.4725 0.2165, -0.6496 0.4725 0.2165
            ]
        }
        coordIndex [
            0,1,2,-1,2,1,3,-1,4,0,5,-1,5,0,2,-1,6,7,8,-1,8,7,9,-1,10,11,12,-1,10,12,13,-1,13,12,14,-1,13,14,15,-1,16,17,18,-1,19,20,21,-1,21,20,5,-1,22,23,24,-1,3,25,26,-1,3,26,2,-1,16,18,27,-1,27,18,28,-1,27,28,29,-1,30,31,32,-1,32,31,33,-1,34,35,36,-1,14,21,24,-1,24,21,5,-1,24,5,22,-1,22,5,2,-1,22,2,37,-1,37,2,26,-1,38,39,40,-1,38,40,41,-1,24,29,14,-1,14,29,28,-1,14,28,15,-1,15,28,32,-1,15,32,36,-1,36,32,33,-1,36,33,34,-1,34,33,41,-1,34,41,42,-1,42,41,40,-1,43,44,45,-1,12,11,46,-1,46,11,47,-1,43,45,48,-1,1,49,50,-1,51,52,53,-1,20,19,49,-1,49,19,54,-1,49,54,50,-1,50,54,46,-1,50,46,45,-1,45,46,47,-1,45,47,48,-1,25,3,55,-1,55,3,1,-1,50,56,1,-1,1,56,51,-1,1,51,55,-1,55,51,53,-1,55,53,57,-1,58,59,60,-1,60,59,34,-1,60,34,42,-1,61,62,58,-1,63,61,64,-1,64,61,58,-1,64,58,65,-1,65,58,60,-1,65,66,64,-1,64,66,67,-1,8,9,68,-1,69,70,71,-1,72,73,67,-1,39,38,74,-1,74,38,8,-1,68,75,8,-1,8,75,72,-1,8,72,74,-1,74,72,67,-1,74,67,66,-1,31,30,9,-1,9,30,76,-1,9,76,68,-1,68,76,77,-1,68,77,71,-1,18,17,77,-1,77,17,78,-1,77,78,71,-1,71,78,79,-1,71,79,69,-1,80,69,81,-1,81,69,79,-1,81,82,80,-1,80,82,83,-1,83,84,80,-1,80,84,85,-1,80,85,86,-1,27,29,82,-1,82,29,87,-1,82,87,83,-1,88,87,24,-1,24,87,29,-1,89,88,23,-1,23,88,24,-1,90,89,22,-1,22,89,23,-1,91,90,92,-1,92,90,22,-1,92,22,37,-1,93,94,91,-1,95,93,96,-1,96,93,91,-1,96,91,97,-1,97,91,92,-1,97,57,96,-1,96,57,53,-1,98,43,99,-1,99,43,48,-1,99,100,98,-1,98,100,101,-1,101,102,98,-1,98,102,103,-1,98,103,104,-1,13,15,100,-1,100,15,105,-1,100,105,101,-1,106,105,36,-1,36,105,15,-1,107,106,35,-1,35,106,36,-1,59,107,34,-1,34,107,35,-1,108,75,68,-1,109,56,50,-1,108,89,110,-1,110,89,90,-1,110,90,62,-1,62,90,91,-1,62,91,58,-1,58,91,94,-1,58,94,59,-1,59,94,111,-1,59,111,107,-1,107,111,109,-1,112,113,84,-1,84,83,87,-1,114,115,102,-1,102,101,105,-1,68,112,108,-1,108,112,84,-1,108,84,89,-1,89,84,87,-1,89,87,88,-1,50,114,109,-1,109,114,102,-1,109,102,107,-1,107,102,105,-1,107,105,106,-1,77,116,18,-1,18,116,28,-1,116,117,28,-1,28,117,32,-1,117,76,32,-1,32,76,30,-1,117,116,76,-1,76,116,77,-1,9,7,31,-1,31,7,33,-1,7,6,33,-1,33,6,41,-1,6,8,41,-1,41,8,38,-1,49,4,20,-1,20,4,5,-1,0,4,1,-1,1,4,49,-1,46,118,12,-1,12,118,14,-1,118,119,14,-1,14,119,21,-1,119,54,21,-1,21,54,19,-1,119,118,54,-1,54,118,46,-1,62,61,110,-1,110,61,120,-1,85,84,121,-1,121,84,113,-1,120,122,110,-1,110,122,108,-1,63,64,73,-1,73,64,67,-1,61,63,120,-1,120,63,73,-1,120,73,122,-1,122,73,72,-1,108,122,75,-1,75,122,72,-1,112,123,113,-1,113,123,121,-1,80,86,69,-1,69,86,70,-1,123,71,121,-1,121,71,70,-1,121,70,85,-1,85,70,86,-1,123,112,71,-1,71,112,68,-1,103,102,124,-1,124,102,115,-1,94,93,111,-1,111,93,125,-1,115,114,124,-1,124,114,126,-1,126,114,45,-1,45,114,50,-1,126,45,124,-1,124,45,44,-1,124,44,103,-1,103,44,104,-1,98,104,43,-1,43,104,44,-1,127,109,125,-1,125,109,111,-1,109,127,56,-1,56,127,51,-1,93,95,125,-1,125,95,52,-1,125,52,127,-1,127,52,51,-1,95,96,52,-1,52,96,53,-1,74,66,128,-1,128,66,65,-1,128,65,60,-1,74,128,39,-1,39,128,40,-1,128,60,40,-1,40,60,42,-1,100,99,129,-1,129,99,48,-1,129,48,47,-1,129,47,10,-1,10,47,11,-1,100,129,13,-1,13,129,10,-1,82,81,130,-1,130,81,79,-1,130,79,78,-1,130,78,16,-1,16,78,17,-1,82,130,27,-1,27,130,16,-1,55,57,131,-1,131,57,97,-1,131,97,92,-1,55,131,25,-1,25,131,26,-1,131,92,26,-1,26,92,37,-1,
        ]
    }
}
Shape{
    appearance Appearance {
        material  Material {
            diffuseColor 0.0 1.0 1.0
            specularColor 0.0 0.8784313725490196 0.8784313725490196
            ambientIntensity 0.701
            transparency 0.0
            shininess 0.5
        }
    }
    geometry IndexedFaceSet {
        ccw TRUE
        solid FALSE
        coord DEF co Coordinate {
            point [
                0.1956 0.2943 0.6028, 0.1957 0.2946 0.5995, 0.1833 0.3027 0.5995, 0.1959 0.2953 0.5924, 0.1959 0.2953 0.5906, 0.1835 0.3031 0.5906, 0.0687 0.3472 0.5906, 0.0524 0.3504 0.5906, 0.0523 0.3499 0.5995, -0.1938 0.2884 0.6222, -0.193 0.2859 0.6278, -0.1786 0.2949 0.6281, -0.181 0.2481 0.6627, -0.1784 0.2402 0.6655, -0.155 0.256 0.6656, 0.1653 0.2205 0.6693, 0.1707 0.2276 0.6688, 0.1474 0.2434 0.6688, 0.1427 0.2357 0.6693, 0.1226 0.2567 0.6688, 0.1187 0.2487 0.6693, 0.0966 0.2676 0.6688, 0.0936 0.2592 0.6693, 0.0697 0.2758 0.6688, 0.0675 0.2672 0.6693, 0.0421 0.2814 0.6688, 0.0408 0.2726 0.6693, 0.0141 0.2842 0.6688, 0.0136 0.2753 0.6693, -0.0141 0.2842 0.6688, -0.0136 0.2753 0.6693, -0.0421 0.2814 0.6688, -0.0408 0.2726 0.6693, -0.0697 0.2758 0.6688, -0.0675 0.2672 0.6693, -0.0966 0.2676 0.6688, -0.0936 0.2592 0.6693, -0.1226 0.2567 0.6688, -0.1187 0.2487 0.6693, -0.1474 0.2434 0.6688, -0.1427 0.2357 0.6693, -0.1707 0.2276 0.6688, -0.1653 0.2205 0.6693, -0.1771 0.2362 0.6667, -0.1749 0.2297 0.6681, -0.1705 0.2165 0.6693, -0.1735 0.2254 0.6687, -0.1743 0.2276 0.6685, -0.1777 0.2381 0.6663, -0.1811 0.2483 0.6626, -0.1865 0.2649 0.6526, -0.1841 0.2574 0.6578, -0.1622 0.2679 0.6597, -0.183 0.2541 0.6596, -0.1687 0.2786 0.6513, -0.1868 0.2659 0.6519, -0.1903 0.2772 0.6405, -0.1894 0.2741 0.6442, -0.187 0.2666 0.6513, -0.1914 0.2808 0.636, -0.1742 0.2877 0.6406, -0.1907 0.2785 0.6389, -0.1816 0.3 0.6142, -0.1944 0.2904 0.6177, -0.1955 0.294 0.6037, -0.1953 0.2935 0.6072, -0.1947 0.2915 0.6142, -0.1959 0.2953 0.5906, -0.1958 0.2951 0.5963, -0.1833 0.3027 0.5995, -0.1957 0.2946 0.5994, -0.1132 0.3355 0.5906, -0.1203 0.3333 0.5906, -0.1202 0.3328 0.5995, -0.1527 0.3198 0.5906, -0.1525 0.3193 0.5995, -0.1558 0.3181 0.5906, -0.1835 0.3031 0.5906, -0.0868 0.3435 0.5906, -0.0867 0.343 0.5995, -0.0687 0.3472 0.5906, -0.0523 0.3499 0.5995, -0.0524 0.3504 0.5906, -0.023 0.3534 0.5906, -0.0175 0.3534 0.5995, -0.0175 0.3539 0.5906, 0.0175 0.3534 0.5995, 0.0175 0.3539 0.5906, 0.023 0.3534 0.5906, 0.0868 0.3435 0.5906, 0.0867 0.343 0.5995, 0.1132 0.3355 0.5906, 0.1202 0.3328 0.5995, 0.1203 0.3333 0.5906, 0.1525 0.3193 0.5995, 0.1527 0.3198 0.5906, 0.1558 0.3181 0.5906, 0.1948 0.2916 0.6142, 0.1949 0.2918 0.6135, 0.1816 0.3 0.6142, 0.1955 0.2941 0.6037, 0.193 0.2855 0.628, 0.1937 0.2878 0.6238, 0.1786 0.2949 0.6281, 0.1939 0.2884 0.6223, 0.1901 0.2757 0.6423, 0.1905 0.2771 0.6406, 0.1742 0.2877 0.6406, 0.1909 0.2784 0.6388, 0.1921 0.2825 0.6335, 0.1687 0.2786 0.6513, 0.1871 0.2665 0.6512, 0.1876 0.2679 0.6502, 0.1831 0.2539 0.6596, 0.1847 0.2589 0.6568, 0.1622 0.2679 0.6597, 0.1866 0.2648 0.6525, 0.1815 0.2492 0.6622, 0.155 0.256 0.6656, 0.1812 0.2482 0.6625, 0.1785 0.2401 0.6656, 0.1705 0.2165 0.6693, 0.1735 0.2254 0.6687, 0.1743 0.2278 0.6685, 0.1781 0.2387 0.6661, 0.1773 0.2365 0.6666, 0.175 0.2297 0.6681, -0.1511 0.3165 0.6142, -0.1191 0.3298 0.6142, -0.0859 0.34 0.6142, -0.0519 0.3468 0.6142, -0.0174 0.3503 0.6142, 0.0174 0.3503 0.6142, 0.0519 0.3468 0.6142, 0.0859 0.34 0.6142, 0.1191 0.3298 0.6142, 0.1511 0.3165 0.6142, -0.1486 0.3111 0.6281, -0.1171 0.3243 0.6281, -0.0845 0.3343 0.6281, -0.051 0.341 0.6281, -0.0171 0.3444 0.6281, 0.0171 0.3444 0.6281, 0.051 0.341 0.6281, 0.0845 0.3343 0.6281, 0.1171 0.3243 0.6281, 0.1486 0.3111 0.6281, -0.1449 0.3035 0.6406, -0.1142 0.3164 0.6406, -0.0824 0.3261 0.6406, -0.0498 0.3326 0.6406, -0.0166 0.3359 0.6406, 0.0166 0.3359 0.6406, 0.0498 0.3326 0.6406, 0.0824 0.3261 0.6406, 0.1142 0.3164 0.6406, 0.1449 0.3035 0.6406, -0.1403 0.2939 0.6513, -0.1106 0.3063 0.6513, -0.0798 0.3158 0.6513, -0.0482 0.3221 0.6513, -0.0161 0.3253 0.6513, 0.0161 0.3253 0.6513, 0.0482 0.3221 0.6513, 0.0798 0.3158 0.6513, 0.1106 0.3063 0.6513, 0.1403 0.2939 0.6513, -0.1349 0.2826 0.6597, -0.1063 0.2946 0.6597, -0.0767 0.3036 0.6597, -0.0463 0.3097 0.6597, -0.0155 0.3128 0.6597, 0.0155 0.3128 0.6597, 0.0463 0.3097 0.6597, 0.0767 0.3036 0.6597, 0.1063 0.2946 0.6597, 0.1349 0.2826 0.6597, -0.1289 0.2701 0.6656, -0.1016 0.2815 0.6656, -0.0733 0.2902 0.6656, -0.0443 0.296 0.6656, -0.0148 0.2989 0.6656, 0.0148 0.2989 0.6656, 0.0443 0.296 0.6656, 0.0733 0.2902 0.6656, 0.1016 0.2815 0.6656, 0.1289 0.2701 0.6656, 0.3543 0.2784 0.6387, 0.3543 0.2482 0.6625, 0.3543 0.2165 0.6693, 0.3543 0.2297 0.668, 0.3543 0.2467 0.6633, 0.3543 0.2319 0.6678, 0.3543 0.2722 0.6462, 0.3543 0.2647 0.6524, 0.3543 0.2603 0.656, 0.3543 0.294 0.6037, 0.3543 0.2938 0.6059, 0.3543 0.2893 0.6207, 0.3543 0.2885 0.6222, 0.3543 0.282 0.6343, 0.3543 0.2953 0.5906, 0.1959 -0.2953 0.5906, 0.3543 -0.2953 0.5906, 0.1957 -0.2946 0.5995, 0.3543 -0.294 0.6037, 0.1956 -0.2945 0.6016, 0.1955 -0.294 0.6037, 0.3543 -0.2885 0.6222, 0.195 -0.2921 0.6125, 0.3543 -0.2893 0.6207, 0.3543 -0.2938 0.6059, 0.193 -0.2855 0.628, 0.1938 -0.2883 0.6229, 0.3543 -0.2784 0.6387, 0.3543 -0.282 0.6343, 0.1939 -0.2885 0.6223, 0.1948 -0.2915 0.6142, 0.1877 -0.2683 0.6498, 0.1902 -0.2762 0.6418, 0.3543 -0.2647 0.6524, 0.1905 -0.2771 0.6406, 0.3543 -0.2722 0.6462, 0.1909 -0.2784 0.6388, 0.1922 -0.2829 0.6328, 0.1817 -0.2495 0.662, 0.1831 -0.2539 0.6596, 0.3543 -0.2482 0.6625, 0.1849 -0.2594 0.6566, 0.3543 -0.2603 0.656, 0.1866 -0.2647 0.6525, 0.1871 -0.2664 0.6512, 0.1812 -0.2482 0.6625, 0.3543 -0.2467 0.6633, 0.1785 -0.2401 0.6656, 0.3543 -0.2319 0.6678, 0.1781 -0.2389 0.666, 0.3543 -0.2297 0.668, 0.1773 -0.2365 0.6666, 0.1705 -0.2165 0.6693, 0.1735 -0.2254 0.6686, 0.3543 -0.2165 0.6693, 0.1744 -0.2279 0.6685, 0.175 -0.2297 0.6681, 0.4331 -0.2165 0.5906, 0.4331 0.2165 0.5906, 0.4316 -0.2165 0.6059, 0.4316 0.2165 0.6059, 0.4301 -0.2165 0.6108, 0.4301 0.2165 0.6108, 0.4271 -0.2165 0.6207, 0.4271 0.2165 0.6207, 0.4222 -0.2165 0.6298, 0.4222 0.2165 0.6298, 0.4198 -0.2165 0.6343, 0.4198 0.2165 0.6343, 0.41 -0.2165 0.6462, 0.41 0.2165 0.6462, 0.3981 -0.2165 0.656, 0.3981 0.2165 0.656, 0.3935 -0.2165 0.6584, 0.3935 0.2165 0.6584, 0.3845 -0.2165 0.6633, 0.3845 0.2165 0.6633, 0.3746 -0.2165 0.6663, 0.3746 0.2165 0.6663, 0.3697 -0.2165 0.6678, 0.3697 0.2165 0.6678, -0.3543 -0.2953 0.5906, -0.3697 -0.2938 0.5906, -0.3543 -0.2953 0.4921, -0.3747 -0.2926 0.4921, -0.3746 -0.2923 0.5906, -0.3845 -0.2893 0.5906, -0.3937 -0.2847 0.4921, -0.3935 -0.2844 0.5906, -0.3981 -0.282 0.5906, -0.41 -0.2722 0.4921, -0.41 -0.2722 0.5906, -0.4198 -0.2603 0.5906, -0.4225 -0.2559 0.4921, -0.4222 -0.2557 0.5906, -0.4271 -0.2467 0.5906, -0.4304 -0.2369 0.4921, -0.4331 -0.2165 0.5906, -0.4331 -0.2165 0.4921, -0.4316 -0.2319 0.5906, -0.4301 -0.2368 0.5906, -0.4257 -0.2461 0.6059, -0.4185 -0.2594 0.6059, -0.3839 -0.2879 0.6059, -0.3694 -0.2923 0.6059, -0.3543 -0.2647 0.6524, -0.3543 -0.2603 0.656, -0.3629 -0.2594 0.656, -0.3602 -0.2461 0.6633, -0.3573 -0.2316 0.6678, -0.3602 -0.2307 0.6678, -0.3543 -0.2165 0.6693, -0.3543 -0.2319 0.6678, -0.3543 -0.2297 0.668, -0.3543 -0.2467 0.6633, -0.3543 -0.2482 0.6625, -0.3746 -0.2165 0.6663, -0.3839 -0.2224 0.6633, -0.3697 -0.2165 0.6678, -0.3694 -0.2195 0.6678, -0.3845 -0.2165 0.6633, -0.3935 -0.2165 0.6584, -0.3972 -0.2251 0.656, -0.3981 -0.2165 0.656, -0.4089 -0.2274 0.6462, -0.41 -0.2165 0.6462, -0.4185 -0.2293 0.6343, -0.3543 -0.2722 0.6462, -0.3652 -0.2711 0.6462, -0.3543 -0.2784 0.6387, -0.3671 -0.2807 0.6343, -0.3543 -0.282 0.6343, -0.3543 -0.2885 0.6222, -0.3685 -0.2879 0.6207, -0.3543 -0.2893 0.6207, -0.4198 -0.2165 0.6343, -0.4222 -0.2165 0.6298, -0.4257 -0.2307 0.6207, -0.3543 -0.2938 0.6059, -0.3543 -0.294 0.6037, -0.3822 -0.2837 0.6207, -0.3794 -0.277 0.6343, -0.3756 -0.268 0.6462, -0.3711 -0.257 0.656, -0.3659 -0.2444 0.6633, -0.3972 -0.2807 0.6059, -0.3947 -0.277 0.6207, -0.3907 -0.271 0.6343, -0.3853 -0.2628 0.6462, -0.3786 -0.2529 0.656, -0.3711 -0.2416 0.6633, -0.3629 -0.2293 0.6678, -0.3652 -0.2274 0.6678, -0.3756 -0.2378 0.6633, -0.3853 -0.2475 0.656, -0.3937 -0.2559 0.6462, -0.4006 -0.2628 0.6343, -0.4058 -0.268 0.6207, -0.4089 -0.2711 0.6059, -0.4148 -0.257 0.6207, -0.4088 -0.2529 0.6343, -0.4006 -0.2475 0.6462, -0.3907 -0.2408 0.656, -0.3794 -0.2333 0.6633, -0.3671 -0.2251 0.6678, -0.4215 -0.2444 0.6207, -0.4148 -0.2416 0.6343, -0.4058 -0.2378 0.6462, -0.3947 -0.2333 0.656, -0.3822 -0.2281 0.6633, -0.3685 -0.2224 0.6678, -0.4301 -0.2316 0.6059, -0.4271 -0.2165 0.6207, -0.4301 -0.2165 0.6108, -0.4316 -0.2165 0.6059, -0.4921 0.1969 0.4724, -0.4921 0.1969 0.4921, -0.5075 0.1984 0.4724, -0.5125 0.1995 0.4921, -0.5124 0.1999 0.4724, -0.5223 0.2028 0.4724, -0.5315 0.2074 0.4921, -0.5313 0.2077 0.4724, -0.5359 0.2101 0.4724, -0.5478 0.2199 0.4921, -0.5478 0.2199 0.4724, -0.5576 0.2318 0.4724, -0.5603 0.2362 0.4921, -0.56 0.2364 0.4724, -0.5649 0.2455 0.4724, -0.5682 0.2552 0.4921, -0.5679 0.2553 0.4724, -0.5694 0.2602 0.4724, -0.5709 0.2756 0.4921, -0.5709 0.2756 0.4724, -0.5072 0.2726 0.3952, -0.5075 0.2756 0.3952, -0.4921 0.2756 0.3937, -0.4921 0.2602 0.3952, -0.4951 0.2605 0.3952, -0.5124 0.2756 0.3967, -0.5679 0.2605 0.4571, -0.5635 0.246 0.4571, -0.535 0.2114 0.4571, -0.5217 0.2042 0.4571, -0.4921 0.1984 0.4571, -0.5072 0.1998 0.4571, -0.4921 0.1999 0.4522, -0.5063 0.2042 0.4423, -0.4921 0.2028 0.4423, -0.5694 0.2756 0.4571, -0.5679 0.2756 0.4522, -0.5635 0.2614 0.4423, -0.4921 0.2077 0.4332, -0.5049 0.2114 0.4287, -0.4921 0.2101 0.4287, -0.5649 0.2756 0.4423, -0.56 0.2756 0.4332, -0.5563 0.2628 0.4287, -0.5576 0.2756 0.4287, -0.5467 0.2647 0.4168, -0.5478 0.2756 0.4168, -0.535 0.2671 0.407, -0.4921 0.2199 0.4168, -0.503 0.221 0.4168, -0.4921 0.2318 0.407, -0.5007 0.2327 0.407, -0.4921 0.2364 0.4045, -0.498 0.246 0.3997, -0.4921 0.2455 0.3997, -0.5593 0.2478 0.4423, -0.5526 0.2505 0.4287, -0.5436 0.2543 0.4168, -0.5325 0.2589 0.407, -0.52 0.2641 0.3997, -0.5217 0.2697 0.3997, -0.5063 0.2697 0.3952, -0.5223 0.2756 0.3997, -0.5313 0.2756 0.4045, -0.5359 0.2756 0.407, -0.4921 0.2553 0.3967, -0.52 0.2084 0.4423, -0.5172 0.2151 0.4287, -0.5134 0.2242 0.4168, -0.5089 0.2352 0.407, -0.5037 0.2478 0.3997, -0.498 0.2614 0.3952, -0.5325 0.2151 0.4423, -0.5285 0.2212 0.4287, -0.5231 0.2293 0.4168, -0.5164 0.2392 0.407, -0.5089 0.2505 0.3997, -0.5007 0.2628 0.3952, -0.5467 0.221 0.4571, -0.5563 0.2327 0.4571, -0.5436 0.2242 0.4423, -0.5526 0.2352 0.4423, -0.5384 0.2293 0.4287, -0.5466 0.2392 0.4287, -0.5315 0.2362 0.4168, -0.5384 0.2447 0.4168, -0.5231 0.2447 0.407, -0.5285 0.2513 0.407, -0.5134 0.2543 0.3997, -0.5172 0.2589 0.3997, -0.503 0.2647 0.3952, -0.5049 0.2671 0.3952, -0.5709 -0.2756 0.4724, -0.5709 -0.2756 0.4921, -0.5694 -0.2602 0.4724, -0.5682 -0.2552 0.4921, -0.5679 -0.2553 0.4724, -0.5649 -0.2455 0.4724, -0.5603 -0.2362 0.4921, -0.56 -0.2364 0.4724, -0.5576 -0.2318 0.4724, -0.5478 -0.2199 0.4921, -0.5478 -0.2199 0.4724, -0.5359 -0.2101 0.4724, -0.5315 -0.2074 0.4921, -0.5313 -0.2077 0.4724, -0.5223 -0.2028 0.4724, -0.5125 -0.1995 0.4921, -0.5124 -0.1999 0.4724, -0.5075 -0.1984 0.4724, -0.4921 -0.1969 0.4921, -0.4921 -0.1969 0.4724, -0.4951 -0.2605 0.3952, -0.4921 -0.2602 0.3952, -0.4921 -0.2756 0.3937, -0.5075 -0.2756 0.3952, -0.5072 -0.2726 0.3952, -0.4921 -0.2553 0.3967, -0.5072 -0.1998 0.4571, -0.5217 -0.2042 0.4571, -0.5563 -0.2327 0.4571, -0.5635 -0.246 0.4571, -0.5694 -0.2756 0.4571, -0.5679 -0.2605 0.4571, -0.5679 -0.2756 0.4522, -0.5635 -0.2614 0.4423, -0.5649 -0.2756 0.4423, -0.4921 -0.1984 0.4571, -0.4921 -0.1999 0.4522, -0.5063 -0.2042 0.4423, -0.56 -0.2756 0.4332, -0.5563 -0.2628 0.4287, -0.5576 -0.2756 0.4287, -0.4921 -0.2028 0.4423, -0.4921 -0.2077 0.4332, -0.5049 -0.2114 0.4287, -0.4921 -0.2101 0.4287, -0.503 -0.221 0.4168, -0.4921 -0.2199 0.4168, -0.5007 -0.2327 0.407, -0.5478 -0.2756 0.4168, -0.5467 -0.2647 0.4168, -0.5359 -0.2756 0.407, -0.535 -0.2671 0.407, -0.5313 -0.2756 0.4045, -0.5217 -0.2697 0.3997, -0.5223 -0.2756 0.3997, -0.52 -0.2084 0.4423, -0.5172 -0.2151 0.4287, -0.5134 -0.2242 0.4168, -0.5089 -0.2352 0.407, -0.5037 -0.2478 0.3997, -0.498 -0.246 0.3997, -0.498 -0.2614 0.3952, -0.4921 -0.2455 0.3997, -0.4921 -0.2364 0.4045, -0.4921 -0.2318 0.407, -0.5124 -0.2756 0.3967, -0.5593 -0.2478 0.4423, -0.5526 -0.2505 0.4287, -0.5436 -0.2543 0.4168, -0.5325 -0.2589 0.407, -0.52 -0.2641 0.3997, -0.5063 -0.2697 0.3952, -0.5526 -0.2352 0.4423, -0.5466 -0.2392 0.4287, -0.5384 -0.2447 0.4168, -0.5285 -0.2513 0.407, -0.5172 -0.2589 0.3997, -0.5049 -0.2671 0.3952, -0.5467 -0.221 0.4571, -0.535 -0.2114 0.4571, -0.5436 -0.2242 0.4423, -0.5325 -0.2151 0.4423, -0.5384 -0.2293 0.4287, -0.5285 -0.2212 0.4287, -0.5315 -0.2362 0.4168, -0.5231 -0.2293 0.4168, -0.5231 -0.2447 0.407, -0.5164 -0.2392 0.407, -0.5134 -0.2543 0.3997, -0.5089 -0.2505 0.3997, -0.503 -0.2647 0.3952, -0.5007 -0.2628 0.3952, -0.4921 -0.4134 0.4724, -0.4921 -0.4134 0.4921, -0.5075 -0.4119 0.4724, -0.5125 -0.4107 0.4921, -0.5124 -0.4104 0.4724, -0.5223 -0.4074 0.4724, -0.5315 -0.4028 0.4921, -0.5313 -0.4025 0.4724, -0.5359 -0.4001 0.4724, -0.5478 -0.3903 0.4921, -0.5478 -0.3903 0.4724, -0.5576 -0.3784 0.4724, -0.5603 -0.374 0.4921, -0.56 -0.3739 0.4724, -0.5649 -0.3648 0.4724, -0.5682 -0.355 0.4921, -0.5679 -0.3549 0.4724, -0.5694 -0.35 0.4724, -0.5709 -0.3346 0.4921, -0.5709 -0.3346 0.4724, -0.5072 -0.3376 0.3952, -0.5075 -0.3346 0.3952, -0.4921 -0.3346 0.3937, -0.4921 -0.35 0.3952, -0.4951 -0.3497 0.3952, -0.5124 -0.3346 0.3967, -0.5679 -0.3497 0.4571, -0.5635 -0.3642 0.4571, -0.535 -0.3989 0.4571, -0.5217 -0.406 0.4571, -0.4921 -0.4119 0.4571, -0.5072 -0.4104 0.4571, -0.4921 -0.4104 0.4522, -0.5063 -0.406 0.4423, -0.4921 -0.4074 0.4423, -0.5694 -0.3346 0.4571, -0.5679 -0.3346 0.4522, -0.5635 -0.3488 0.4423, -0.4921 -0.4025 0.4332, -0.5049 -0.3989 0.4287, -0.4921 -0.4001 0.4287, -0.5649 -0.3346 0.4423, -0.56 -0.3346 0.4332, -0.5563 -0.3474 0.4287, -0.5576 -0.3346 0.4287, -0.5467 -0.3455 0.4168, -0.5478 -0.3346 0.4168, -0.535 -0.3432 0.407, -0.4921 -0.3903 0.4168, -0.503 -0.3893 0.4168, -0.4921 -0.3784 0.407, -0.5007 -0.3776 0.407, -0.4921 -0.3739 0.4045, -0.498 -0.3642 0.3997, -0.4921 -0.3648 0.3997, -0.5593 -0.3625 0.4423, -0.5526 -0.3597 0.4287, -0.5436 -0.356 0.4168, -0.5325 -0.3514 0.407, -0.52 -0.3462 0.3997, -0.5217 -0.3405 0.3997, -0.5063 -0.3405 0.3952, -0.5223 -0.3346 0.3997, -0.5313 -0.3346 0.4045, -0.5359 -0.3346 0.407, -0.4921 -0.3549 0.3967, -0.52 -0.4019 0.4423, -0.5172 -0.3951 0.4287, -0.5134 -0.3861 0.4168, -0.5089 -0.3751 0.407, -0.5037 -0.3625 0.3997, -0.498 -0.3488 0.3952, -0.5325 -0.3951 0.4423, -0.5285 -0.3891 0.4287, -0.5231 -0.3809 0.4168, -0.5164 -0.371 0.407, -0.5089 -0.3597 0.3997, -0.5007 -0.3474 0.3952, -0.5467 -0.3893 0.4571, -0.5563 -0.3776 0.4571, -0.5436 -0.3861 0.4423, -0.5526 -0.3751 0.4423, -0.5384 -0.3809 0.4287, -0.5466 -0.371 0.4287, -0.5315 -0.374 0.4168, -0.5384 -0.3656 0.4168, -0.5231 -0.3656 0.407, -0.5285 -0.3589 0.407, -0.5134 -0.356 0.3997, -0.5172 -0.3514 0.3997, -0.503 -0.3455 0.3952, -0.5049 -0.3432 0.3952, -0.5709 0.3346 0.4724, -0.5709 0.3346 0.4921, -0.5694 0.35 0.4724, -0.5682 0.355 0.4921, -0.5679 0.3549 0.4724, -0.5649 0.3648 0.4724, -0.5603 0.374 0.4921, -0.56 0.3739 0.4724, -0.5576 0.3784 0.4724, -0.5478 0.3903 0.4921, -0.5478 0.3903 0.4724, -0.5359 0.4001 0.4724, -0.5315 0.4028 0.4921, -0.5313 0.4025 0.4724, -0.5223 0.4074 0.4724, -0.5125 0.4107 0.4921, -0.5124 0.4104 0.4724, -0.5075 0.4119 0.4724, -0.4921 0.4134 0.4921, -0.4921 0.4134 0.4724, -0.4951 0.3497 0.3952, -0.4921 0.35 0.3952, -0.4921 0.3346 0.3937, -0.5075 0.3346 0.3952, -0.5072 0.3376 0.3952, -0.4921 0.3549 0.3967, -0.5072 0.4104 0.4571, -0.5217 0.406 0.4571, -0.5563 0.3776 0.4571, -0.5635 0.3642 0.4571, -0.5694 0.3346 0.4571, -0.5679 0.3497 0.4571, -0.5679 0.3346 0.4522, -0.5635 0.3488 0.4423, -0.5649 0.3346 0.4423, -0.4921 0.4119 0.4571, -0.4921 0.4104 0.4522, -0.5063 0.406 0.4423, -0.56 0.3346 0.4332, -0.5563 0.3474 0.4287, -0.5576 0.3346 0.4287, -0.4921 0.4074 0.4423, -0.4921 0.4025 0.4332, -0.5049 0.3989 0.4287, -0.4921 0.4001 0.4287, -0.503 0.3893 0.4168, -0.4921 0.3903 0.4168, -0.5007 0.3776 0.407, -0.5478 0.3346 0.4168, -0.5467 0.3455 0.4168, -0.5359 0.3346 0.407, -0.535 0.3432 0.407, -0.5313 0.3346 0.4045, -0.5217 0.3405 0.3997, -0.5223 0.3346 0.3997, -0.52 0.4019 0.4423, -0.5172 0.3951 0.4287, -0.5134 0.3861 0.4168, -0.5089 0.3751 0.407, -0.5037 0.3625 0.3997, -0.498 0.3642 0.3997, -0.498 0.3488 0.3952, -0.4921 0.3648 0.3997, -0.4921 0.3739 0.4045, -0.4921 0.3784 0.407, -0.5124 0.3346 0.3967, -0.5593 0.3625 0.4423, -0.5526 0.3597 0.4287, -0.5436 0.356 0.4168, -0.5325 0.3514 0.407, -0.52 0.3462 0.3997, -0.5063 0.3405 0.3952, -0.5526 0.3751 0.4423, -0.5466 0.371 0.4287, -0.5384 0.3656 0.4168, -0.5285 0.3589 0.407, -0.5172 0.3514 0.3997, -0.5049 0.3432 0.3952, -0.5467 0.3893 0.4571, -0.535 0.3989 0.4571, -0.5436 0.3861 0.4423, -0.5325 0.3951 0.4423, -0.5384 0.3809 0.4287, -0.5285 0.3891 0.4287, -0.5315 0.374 0.4168, -0.5231 0.3809 0.4168, -0.5231 0.3656 0.407, -0.5164 0.371 0.407, -0.5134 0.356 0.3997, -0.5089 0.3597 0.3997, -0.503 0.3455 0.3952, -0.5007 0.3474 0.3952, 0.5709 -0.3346 0.4724, 0.5709 -0.3346 0.4921, 0.5694 -0.35 0.4724, 0.5682 -0.355 0.4921, 0.5679 -0.3549 0.4724, 0.5649 -0.3648 0.4724, 0.5603 -0.374 0.4921, 0.56 -0.3739 0.4724, 0.5576 -0.3784 0.4724, 0.5478 -0.3903 0.4921, 0.5478 -0.3903 0.4724, 0.5359 -0.4001 0.4724, 0.5315 -0.4028 0.4921, 0.5313 -0.4025 0.4724, 0.5223 -0.4074 0.4724, 0.5125 -0.4107 0.4921, 0.5124 -0.4104 0.4724, 0.5075 -0.4119 0.4724, 0.4921 -0.4134 0.4921, 0.4921 -0.4134 0.4724, 0.4951 -0.3497 0.3952, 0.4921 -0.35 0.3952, 0.4921 -0.3346 0.3937, 0.5075 -0.3346 0.3952, 0.5072 -0.3376 0.3952, 0.4921 -0.3549 0.3967, 0.5072 -0.4104 0.4571, 0.5217 -0.406 0.4571, 0.5563 -0.3776 0.4571, 0.5635 -0.3642 0.4571, 0.5694 -0.3346 0.4571, 0.5679 -0.3497 0.4571, 0.5679 -0.3346 0.4522, 0.5635 -0.3488 0.4423, 0.5649 -0.3346 0.4423, 0.4921 -0.4119 0.4571, 0.4921 -0.4104 0.4522, 0.5063 -0.406 0.4423, 0.56 -0.3346 0.4332, 0.5563 -0.3474 0.4287, 0.5576 -0.3346 0.4287, 0.4921 -0.4074 0.4423, 0.4921 -0.4025 0.4332, 0.5049 -0.3989 0.4287, 0.4921 -0.4001 0.4287, 0.503 -0.3893 0.4168, 0.4921 -0.3903 0.4168, 0.5007 -0.3776 0.407, 0.5478 -0.3346 0.4168, 0.5467 -0.3455 0.4168, 0.5359 -0.3346 0.407, 0.535 -0.3432 0.407, 0.5313 -0.3346 0.4045, 0.5217 -0.3405 0.3997, 0.5223 -0.3346 0.3997, 0.52 -0.4019 0.4423, 0.5172 -0.3951 0.4287, 0.5134 -0.3861 0.4168, 0.5089 -0.3751 0.407, 0.5037 -0.3625 0.3997, 0.498 -0.3642 0.3997, 0.498 -0.3488 0.3952, 0.4921 -0.3648 0.3997, 0.4921 -0.3739 0.4045, 0.4921 -0.3784 0.407, 0.5124 -0.3346 0.3967, 0.5593 -0.3625 0.4423, 0.5526 -0.3597 0.4287, 0.5436 -0.356 0.4168, 0.5325 -0.3514 0.407, 0.52 -0.3462 0.3997, 0.5063 -0.3405 0.3952, 0.5526 -0.3751 0.4423, 0.5466 -0.371 0.4287, 0.5384 -0.3656 0.4168, 0.5285 -0.3589 0.407, 0.5172 -0.3514 0.3997, 0.5049 -0.3432 0.3952, 0.5467 -0.3893 0.4571, 0.535 -0.3989 0.4571, 0.5436 -0.3861 0.4423, 0.5325 -0.3951 0.4423, 0.5384 -0.3809 0.4287, 0.5285 -0.3891 0.4287, 0.5315 -0.374 0.4168, 0.5231 -0.3809 0.4168, 0.5231 -0.3656 0.407, 0.5164 -0.371 0.407, 0.5134 -0.356 0.3997, 0.5089 -0.3597 0.3997, 0.503 -0.3455 0.3952, 0.5007 -0.3474 0.3952, 0.4921 0.4134 0.4724, 0.4921 0.4134 0.4921, 0.5075 0.4119 0.4724, 0.5125 0.4107 0.4921, 0.5124 0.4104 0.4724, 0.5223 0.4074 0.4724, 0.5315 0.4028 0.4921, 0.5313 0.4025 0.4724, 0.5359 0.4001 0.4724, 0.5478 0.3903 0.4921, 0.5478 0.3903 0.4724, 0.5576 0.3784 0.4724, 0.5603 0.374 0.4921, 0.56 0.3739 0.4724, 0.5649 0.3648 0.4724, 0.5682 0.355 0.4921, 0.5679 0.3549 0.4724, 0.5694 0.35 0.4724, 0.5709 0.3346 0.4921, 0.5709 0.3346 0.4724, 0.5072 0.3376 0.3952, 0.5075 0.3346 0.3952, 0.4921 0.3346 0.3937, 0.4921 0.35 0.3952, 0.4951 0.3497 0.3952, 0.5124 0.3346 0.3967, 0.5679 0.3497 0.4571, 0.5635 0.3642 0.4571, 0.535 0.3989 0.4571, 0.5217 0.406 0.4571, 0.4921 0.4119 0.4571, 0.5072 0.4104 0.4571, 0.4921 0.4104 0.4522, 0.5063 0.406 0.4423, 0.4921 0.4074 0.4423, 0.5694 0.3346 0.4571, 0.5679 0.3346 0.4522, 0.5635 0.3488 0.4423, 0.4921 0.4025 0.4332, 0.5049 0.3989 0.4287, 0.4921 0.4001 0.4287, 0.5649 0.3346 0.4423, 0.56 0.3346 0.4332, 0.5563 0.3474 0.4287, 0.5576 0.3346 0.4287, 0.5467 0.3455 0.4168, 0.5478 0.3346 0.4168, 0.535 0.3432 0.407, 0.4921 0.3903 0.4168, 0.503 0.3893 0.4168, 0.4921 0.3784 0.407, 0.5007 0.3776 0.407, 0.4921 0.3739 0.4045, 0.498 0.3642 0.3997, 0.4921 0.3648 0.3997, 0.5593 0.3625 0.4423, 0.5526 0.3597 0.4287, 0.5436 0.356 0.4168, 0.5325 0.3514 0.407, 0.52 0.3462 0.3997, 0.5217 0.3405 0.3997, 0.5063 0.3405 0.3952, 0.5223 0.3346 0.3997, 0.5313 0.3346 0.4045, 0.5359 0.3346 0.407, 0.4921 0.3549 0.3967, 0.52 0.4019 0.4423, 0.5172 0.3951 0.4287, 0.5134 0.3861 0.4168, 0.5089 0.3751 0.407, 0.5037 0.3625 0.3997, 0.498 0.3488 0.3952, 0.5325 0.3951 0.4423, 0.5285 0.3891 0.4287, 0.5231 0.3809 0.4168, 0.5164 0.371 0.407, 0.5089 0.3597 0.3997, 0.5007 0.3474 0.3952, 0.5467 0.3893 0.4571, 0.5563 0.3776 0.4571, 0.5436 0.3861 0.4423, 0.5526 0.3751 0.4423, 0.5384 0.3809 0.4287, 0.5466 0.371 0.4287, 0.5315 0.374 0.4168, 0.5384 0.3656 0.4168, 0.5231 0.3656 0.407, 0.5285 0.3589 0.407, 0.5134 0.356 0.3997, 0.5172 0.3514 0.3997, 0.503 0.3455 0.3952, 0.5049 0.3432 0.3952, -0.4331 0.2165 0.5906, -0.4316 0.2319 0.5906, -0.4331 0.2165 0.4921, -0.4304 0.2369 0.4921, -0.4301 0.2368 0.5906, -0.4271 0.2467 0.5906, -0.4225 0.2559 0.4921, -0.4222 0.2557 0.5906, -0.4198 0.2603 0.5906, -0.41 0.2722 0.4921, -0.41 0.2722 0.5906, -0.3981 0.282 0.5906, -0.3937 0.2847 0.4921, -0.3935 0.2844 0.5906, -0.3845 0.2893 0.5906, -0.3747 0.2926 0.4921, -0.3543 0.2953 0.5906, -0.3543 0.2953 0.4921, -0.3697 0.2938 0.5906, -0.3746 0.2923 0.5906, -0.3972 0.2807 0.6059, -0.4257 0.2461 0.6059, -0.4301 0.2316 0.6059, -0.3839 0.2224 0.6633, -0.3694 0.2195 0.6678, -0.3685 0.2224 0.6678, -0.3543 0.2165 0.6693, -0.3543 0.2297 0.668, -0.3573 0.2316 0.6678, -0.3543 0.2319 0.6678, -0.3602 0.2461 0.6633, -0.3935 0.2165 0.6584, -0.3845 0.2165 0.6633, -0.3746 0.2165 0.6663, -0.3697 0.2165 0.6678, -0.3543 0.2467 0.6633, -0.3543 0.2482 0.6625, -0.3629 0.2594 0.656, -0.3543 0.2603 0.656, -0.3543 0.2647 0.6524, -0.3652 0.2711 0.6462, -0.3543 0.2722 0.6462, -0.3543 0.2784 0.6387, -0.3671 0.2807 0.6343, -0.3981 0.2165 0.656, -0.3972 0.2251 0.656, -0.41 0.2165 0.6462, -0.4089 0.2274 0.6462, -0.4198 0.2165 0.6343, -0.4185 0.2293 0.6343, -0.4222 0.2165 0.6298, -0.4257 0.2307 0.6207, -0.4301 0.2165 0.6108, -0.4271 0.2165 0.6207, -0.3694 0.2923 0.6059, -0.3839 0.2879 0.6059, -0.3685 0.2879 0.6207, -0.3822 0.2837 0.6207, -0.3794 0.277 0.6343, -0.3756 0.268 0.6462, -0.3711 0.257 0.656, -0.3659 0.2444 0.6633, -0.3602 0.2307 0.6678, -0.4316 0.2165 0.6059, -0.4215 0.2444 0.6207, -0.4148 0.2416 0.6343, -0.4058 0.2378 0.6462, -0.3947 0.2333 0.656, -0.3822 0.2281 0.6633, -0.4185 0.2594 0.6059, -0.4148 0.257 0.6207, -0.4088 0.2529 0.6343, -0.4006 0.2475 0.6462, -0.3907 0.2408 0.656, -0.3794 0.2333 0.6633, -0.3671 0.2251 0.6678, -0.3652 0.2274 0.6678, -0.3756 0.2378 0.6633, -0.3853 0.2475 0.656, -0.3937 0.2559 0.6462, -0.4006 0.2628 0.6343, -0.4058 0.268 0.6207, -0.4089 0.2711 0.6059, -0.3947 0.277 0.6207, -0.3907 0.271 0.6343, -0.3853 0.2628 0.6462, -0.3786 0.2529 0.656, -0.3711 0.2416 0.6633, -0.3629 0.2293 0.6678, -0.3543 0.282 0.6343, -0.3543 0.2885 0.6222, -0.3543 0.2893 0.6207, -0.3543 0.2938 0.6059, -0.3543 0.294 0.6037, 0.3697 0.2938 0.5906, 0.3543 0.2953 0.4921, 0.3747 0.2926 0.4921, 0.3746 0.2923 0.5906, 0.3845 0.2893 0.5906, 0.3937 0.2847 0.4921, 0.3935 0.2844 0.5906, 0.3981 0.282 0.5906, 0.41 0.2722 0.4921, 0.41 0.2722 0.5906, 0.4198 0.2603 0.5906, 0.4225 0.2559 0.4921, 0.4222 0.2557 0.5906, 0.4271 0.2467 0.5906, 0.4304 0.2369 0.4921, 0.4331 0.2165 0.4921, 0.4316 0.2319 0.5906, 0.4301 0.2368 0.5906, 0.4257 0.2461 0.6059, 0.4185 0.2594 0.6059, 0.3839 0.2879 0.6059, 0.3694 0.2923 0.6059, 0.3629 0.2594 0.656, 0.3602 0.2461 0.6633, 0.3573 0.2316 0.6678, 0.3602 0.2307 0.6678, 0.3839 0.2224 0.6633, 0.3694 0.2195 0.6678, 0.3972 0.2251 0.656, 0.4089 0.2274 0.6462, 0.4185 0.2293 0.6343, 0.3652 0.2711 0.6462, 0.3671 0.2807 0.6343, 0.3685 0.2879 0.6207, 0.4257 0.2307 0.6207, 0.3822 0.2837 0.6207, 0.3794 0.277 0.6343, 0.3756 0.268 0.6462, 0.3711 0.257 0.656, 0.3659 0.2444 0.6633, 0.3972 0.2807 0.6059, 0.3947 0.277 0.6207, 0.3907 0.271 0.6343, 0.3853 0.2628 0.6462, 0.3786 0.2529 0.656, 0.3711 0.2416 0.6633, 0.3629 0.2293 0.6678, 0.3652 0.2274 0.6678, 0.3756 0.2378 0.6633, 0.3853 0.2475 0.656, 0.3937 0.2559 0.6462, 0.4006 0.2628 0.6343, 0.4058 0.268 0.6207, 0.4089 0.2711 0.6059, 0.4148 0.257 0.6207, 0.4088 0.2529 0.6343, 0.4006 0.2475 0.6462, 0.3907 0.2408 0.656, 0.3794 0.2333 0.6633, 0.3671 0.2251 0.6678, 0.4215 0.2444 0.6207, 0.4148 0.2416 0.6343, 0.4058 0.2378 0.6462, 0.3947 0.2333 0.656, 0.3822 0.2281 0.6633, 0.3685 0.2224 0.6678, 0.4301 0.2316 0.6059, 0.4316 -0.2319 0.5906, 0.4331 -0.2165 0.4921, 0.4304 -0.2369 0.4921, 0.4301 -0.2368 0.5906, 0.4271 -0.2467 0.5906, 0.4225 -0.2559 0.4921, 0.4222 -0.2557 0.5906, 0.4198 -0.2603 0.5906, 0.41 -0.2722 0.4921, 0.41 -0.2722 0.5906, 0.3981 -0.282 0.5906, 0.3937 -0.2847 0.4921, 0.3935 -0.2844 0.5906, 0.3845 -0.2893 0.5906, 0.3747 -0.2926 0.4921, 0.3543 -0.2953 0.4921, 0.3697 -0.2938 0.5906, 0.3746 -0.2923 0.5906, 0.3972 -0.2807 0.6059, 0.4257 -0.2461 0.6059, 0.4301 -0.2316 0.6059, 0.3839 -0.2224 0.6633, 0.3694 -0.2195 0.6678, 0.3685 -0.2224 0.6678, 0.3573 -0.2316 0.6678, 0.3602 -0.2461 0.6633, 0.3629 -0.2594 0.656, 0.3652 -0.2711 0.6462, 0.3671 -0.2807 0.6343, 0.3972 -0.2251 0.656, 0.4089 -0.2274 0.6462, 0.4185 -0.2293 0.6343, 0.4257 -0.2307 0.6207, 0.3694 -0.2923 0.6059, 0.3839 -0.2879 0.6059, 0.3685 -0.2879 0.6207, 0.3822 -0.2837 0.6207, 0.3794 -0.277 0.6343, 0.3756 -0.268 0.6462, 0.3711 -0.257 0.656, 0.3659 -0.2444 0.6633, 0.3602 -0.2307 0.6678, 0.4215 -0.2444 0.6207, 0.4148 -0.2416 0.6343, 0.4058 -0.2378 0.6462, 0.3947 -0.2333 0.656, 0.3822 -0.2281 0.6633, 0.4185 -0.2594 0.6059, 0.4148 -0.257 0.6207, 0.4088 -0.2529 0.6343, 0.4006 -0.2475 0.6462, 0.3907 -0.2408 0.656, 0.3794 -0.2333 0.6633, 0.3671 -0.2251 0.6678, 0.3652 -0.2274 0.6678, 0.3756 -0.2378 0.6633, 0.3853 -0.2475 0.656, 0.3937 -0.2559 0.6462, 0.4006 -0.2628 0.6343, 0.4058 -0.268 0.6207, 0.4089 -0.2711 0.6059, 0.3947 -0.277 0.6207, 0.3907 -0.271 0.6343, 0.3853 -0.2628 0.6462, 0.3786 -0.2529 0.656, 0.3711 -0.2416 0.6633, 0.3629 -0.2293 0.6678, -0.4435 0.2455 0.3997, -0.4338 0.2552 0.3964, -0.4435 -0.2455 0.3997, -0.4237 0.2653 0.3944, -0.4134 0.2756 0.3937, -0.4237 -0.2653 0.3944, -0.4134 -0.2756 0.3937, -0.4338 -0.2552 0.3964, -0.4528 0.2362 0.4042, -0.4528 -0.2362 0.4042, -0.4613 0.2277 0.41, -0.4613 -0.2277 0.41, -0.4691 0.2199 0.4168, -0.4691 -0.2199 0.4168, -0.4759 0.2131 0.4245, -0.4759 -0.2131 0.4245, -0.4816 0.2074 0.4331, -0.4816 -0.2074 0.4331, -0.4861 -0.2028 0.4423, -0.4861 0.2028 0.4423, -0.4894 0.1995 0.4521, -0.4915 -0.1975 0.4622, -0.4894 -0.1995 0.4521, -0.4915 0.1975 0.4622, 0.1436 -0.0639 0.374, 0.1405 -0.0677 0.3587, 0.149 -0.046 0.3587, 0.1419 -0.0683 0.374, 0.1301 -0.0887 0.374, 0.1289 -0.0879 0.3587, 0.1272 -0.0924 0.374, 0.1143 -0.1061 0.3587, 0.1154 -0.1071 0.374, 0.0972 -0.1219 0.3587, 0.1051 -0.1167 0.374, 0.0982 -0.1231 0.374, 0.0787 -0.1364 0.374, 0.078 -0.1351 0.3587, 0.0575 -0.1466 0.374, 0.057 -0.1452 0.3587, 0.0485 -0.1494 0.374, 0.0347 -0.1521 0.3587, 0.035 -0.1535 0.374, 0.0164 -0.1563 0.374, 0.0117 -0.1555 0.3587, 0.0118 -0.157 0.374, -0.0118 -0.157 0.374, -0.0117 -0.1555 0.3587, -0.0164 -0.1563 0.374, -0.0347 -0.1521 0.3587, -0.035 -0.1535 0.374, -0.057 -0.1452 0.3587, -0.0485 -0.1494 0.374, -0.0575 -0.1466 0.374, -0.0787 -0.1364 0.374, -0.078 -0.1351 0.3587, -0.0982 -0.1231 0.374, -0.0972 -0.1219 0.3587, -0.1051 -0.1167 0.374, -0.1143 -0.1061 0.3587, -0.1154 -0.1071 0.374, -0.1272 -0.0924 0.374, -0.1289 -0.0879 0.3587, -0.1301 -0.0887 0.374, -0.1419 -0.0683 0.374, -0.1405 -0.0677 0.3587, -0.1436 -0.0639 0.374, -0.149 -0.046 0.3587, -0.1505 -0.0464 0.374, -0.1542 -0.0232 0.3587, -0.1536 -0.0326 0.374, -0.1557 -0.0235 0.374, -0.1575 0.0 0.374, -0.156 0.0 0.3587, -0.1557 0.0235 0.374, -0.1542 0.0232 0.3587, -0.1536 0.0326 0.374, -0.149 0.046 0.3587, -0.1505 0.0464 0.374, -0.1436 0.0639 0.374, -0.1405 0.0677 0.3587, -0.1419 0.0683 0.374, -0.1301 0.0887 0.374, -0.1289 0.0879 0.3587, -0.1272 0.0924 0.374, -0.1143 0.1061 0.3587, -0.1154 0.1071 0.374, -0.0972 0.1219 0.3587, -0.1051 0.1167 0.374, -0.0982 0.1231 0.374, -0.0787 0.1364 0.374, -0.078 0.1351 0.3587, -0.0575 0.1466 0.374, -0.057 0.1452 0.3587, -0.0485 0.1494 0.374, -0.0347 0.1521 0.3587, -0.035 0.1535 0.374, -0.0164 0.1563 0.374, -0.0117 0.1555 0.3587, -0.0118 0.157 0.374, 0.0118 0.157 0.374, 0.0117 0.1555 0.3587, 0.0164 0.1563 0.374, 0.0347 0.1521 0.3587, 0.035 0.1535 0.374, 0.057 0.1452 0.3587, 0.0485 0.1494 0.374, 0.0575 0.1466 0.374, 0.0787 0.1364 0.374, 0.078 0.1351 0.3587, 0.0982 0.1231 0.374, 0.0972 0.1219 0.3587, 0.1051 0.1167 0.374, 0.1143 0.1061 0.3587, 0.1154 0.1071 0.374, 0.1272 0.0924 0.374, 0.1289 0.0879 0.3587, 0.1301 0.0887 0.374, 0.1419 0.0683 0.374, 0.1405 0.0677 0.3587, 0.1436 0.0639 0.374, 0.149 0.046 0.3587, 0.1505 0.0464 0.374, 0.1542 0.0232 0.3587, 0.1536 0.0326 0.374, 0.1557 0.0235 0.374, 0.1575 0.0 0.374, 0.156 0.0 0.3587, 0.1557 -0.0235 0.374, 0.1542 -0.0232 0.3587, 0.1536 -0.0326 0.374, 0.1505 -0.0464 0.374, 0.1498 0.0226 0.3439, 0.1448 0.0447 0.3439, 0.1365 0.0657 0.3439, 0.1252 0.0853 0.3439, 0.111 0.103 0.3439, 0.0945 0.1184 0.3439, 0.0757 0.1312 0.3439, 0.0553 0.141 0.3439, 0.0337 0.1477 0.3439, 0.0113 0.1511 0.3439, -0.0113 0.1511 0.3439, -0.0337 0.1477 0.3439, -0.0553 0.141 0.3439, -0.0757 0.1312 0.3439, -0.0945 0.1184 0.3439, -0.111 0.103 0.3439, -0.1252 0.0853 0.3439, -0.1365 0.0657 0.3439, -0.1448 0.0447 0.3439, -0.1498 0.0226 0.3439, -0.1515 0.0 0.3439, -0.1498 -0.0226 0.3439, -0.1448 -0.0447 0.3439, -0.1365 -0.0657 0.3439, -0.1252 -0.0853 0.3439, -0.111 -0.103 0.3439, -0.0945 -0.1184 0.3439, -0.0757 -0.1312 0.3439, -0.0553 -0.141 0.3439, -0.0337 -0.1477 0.3439, -0.0113 -0.1511 0.3439, 0.0113 -0.1511 0.3439, 0.0337 -0.1477 0.3439, 0.0553 -0.141 0.3439, 0.0757 -0.1312 0.3439, 0.0945 -0.1184 0.3439, 0.111 -0.103 0.3439, 0.1252 -0.0853 0.3439, 0.1365 -0.0657 0.3439, 0.1448 -0.0447 0.3439, 0.1498 -0.0226 0.3439, 0.1515 0.0 0.3439, 0.1426 0.0215 0.3303, 0.1378 0.0425 0.3303, 0.1299 0.0626 0.3303, 0.1192 0.0812 0.3303, 0.1057 0.0981 0.3303, 0.0899 0.1127 0.3303, 0.0721 0.1249 0.3303, 0.0527 0.1342 0.3303, 0.0321 0.1406 0.3303, 0.0108 0.1438 0.3303, -0.0108 0.1438 0.3303, -0.0321 0.1406 0.3303, -0.0527 0.1342 0.3303, -0.0721 0.1249 0.3303, -0.0899 0.1127 0.3303, -0.1057 0.0981 0.3303, -0.1192 0.0812 0.3303, -0.1299 0.0626 0.3303, -0.1378 0.0425 0.3303, -0.1426 0.0215 0.3303, -0.1442 0.0 0.3303, -0.1426 -0.0215 0.3303, -0.1378 -0.0425 0.3303, -0.1299 -0.0626 0.3303, -0.1192 -0.0812 0.3303, -0.1057 -0.0981 0.3303, -0.0899 -0.1127 0.3303, -0.0721 -0.1249 0.3303, -0.0527 -0.1342 0.3303, -0.0321 -0.1406 0.3303, -0.0108 -0.1438 0.3303, 0.0108 -0.1438 0.3303, 0.0321 -0.1406 0.3303, 0.0527 -0.1342 0.3303, 0.0721 -0.1249 0.3303, 0.0899 -0.1127 0.3303, 0.1057 -0.0981 0.3303, 0.1192 -0.0812 0.3303, 0.1299 -0.0626 0.3303, 0.1378 -0.0425 0.3303, 0.1426 -0.0215 0.3303, 0.1442 0.0 0.3303, 0.1329 0.02 0.3183, 0.1284 0.0396 0.3183, 0.1211 0.0583 0.3183, 0.1111 0.0757 0.3183, 0.0985 0.0914 0.3183, 0.0838 0.1051 0.3183, 0.0672 0.1164 0.3183, 0.0491 0.1251 0.3183, 0.0299 0.131 0.3183, 0.01 0.134 0.3183, -0.01 0.134 0.3183, -0.0299 0.131 0.3183, -0.0491 0.1251 0.3183, -0.0672 0.1164 0.3183, -0.0838 0.1051 0.3183, -0.0985 0.0914 0.3183, -0.1111 0.0757 0.3183, -0.1211 0.0583 0.3183, -0.1284 0.0396 0.3183, -0.1329 0.02 0.3183, -0.1344 0.0 0.3183, -0.1329 -0.02 0.3183, -0.1284 -0.0396 0.3183, -0.1211 -0.0583 0.3183, -0.1111 -0.0757 0.3183, -0.0985 -0.0914 0.3183, -0.0838 -0.1051 0.3183, -0.0672 -0.1164 0.3183, -0.0491 -0.1251 0.3183, -0.0299 -0.131 0.3183, -0.01 -0.134 0.3183, 0.01 -0.134 0.3183, 0.0299 -0.131 0.3183, 0.0491 -0.1251 0.3183, 0.0672 -0.1164 0.3183, 0.0838 -0.1051 0.3183, 0.0985 -0.0914 0.3183, 0.1111 -0.0757 0.3183, 0.1211 -0.0583 0.3183, 0.1284 -0.0396 0.3183, 0.1329 -0.02 0.3183, 0.1344 0.0 0.3183, 0.1211 0.0183 0.3085, 0.117 0.0361 0.3085, 0.1104 0.0531 0.3085, 0.1012 0.069 0.3085, 0.0898 0.0833 0.3085, 0.0764 0.0958 0.3085, 0.0612 0.1061 0.3085, 0.0447 0.114 0.3085, 0.0273 0.1194 0.3085, 0.0092 0.1221 0.3085, -0.0092 0.1221 0.3085, -0.0273 0.1194 0.3085, -0.0447 0.114 0.3085, -0.0612 0.1061 0.3085, -0.0764 0.0958 0.3085, -0.0898 0.0833 0.3085, -0.1012 0.069 0.3085, -0.1104 0.0531 0.3085, -0.117 0.0361 0.3085, -0.1211 0.0183 0.3085, -0.1225 0.0 0.3085, -0.1211 -0.0183 0.3085, -0.117 -0.0361 0.3085, -0.1104 -0.0531 0.3085, -0.1012 -0.069 0.3085, -0.0898 -0.0833 0.3085, -0.0764 -0.0958 0.3085, -0.0612 -0.1061 0.3085, -0.0447 -0.114 0.3085, -0.0273 -0.1194 0.3085, -0.0092 -0.1221 0.3085, 0.0092 -0.1221 0.3085, 0.0273 -0.1194 0.3085, 0.0447 -0.114 0.3085, 0.0612 -0.1061 0.3085, 0.0764 -0.0958 0.3085, 0.0898 -0.0833 0.3085, 0.1012 -0.069 0.3085, 0.1104 -0.0531 0.3085, 0.117 -0.0361 0.3085, 0.1211 -0.0183 0.3085, 0.1225 0.0 0.3085, 0.1077 0.0162 0.3013, 0.104 0.0321 0.3013, 0.0981 0.0472 0.3013, 0.09 0.0613 0.3013, 0.0798 0.0741 0.3013, 0.0679 0.0851 0.3013, 0.0544 0.0943 0.3013, 0.0398 0.1013 0.3013, 0.0242 0.1061 0.3013, 0.0081 0.1086 0.3013, -0.0081 0.1086 0.3013, -0.0242 0.1061 0.3013, -0.0398 0.1013 0.3013, -0.0544 0.0943 0.3013, -0.0679 0.0851 0.3013, -0.0798 0.0741 0.3013, -0.09 0.0613 0.3013, -0.0981 0.0472 0.3013, -0.104 0.0321 0.3013, -0.1077 0.0162 0.3013, -0.1089 0.0 0.3013, -0.1077 -0.0162 0.3013, -0.104 -0.0321 0.3013, -0.0981 -0.0472 0.3013, -0.09 -0.0613 0.3013, -0.0798 -0.0741 0.3013, -0.0679 -0.0851 0.3013, -0.0544 -0.0943 0.3013, -0.0398 -0.1013 0.3013, -0.0242 -0.1061 0.3013, -0.0081 -0.1086 0.3013, 0.0081 -0.1086 0.3013, 0.0242 -0.1061 0.3013, 0.0398 -0.1013 0.3013, 0.0544 -0.0943 0.3013, 0.0679 -0.0851 0.3013, 0.0798 -0.0741 0.3013, 0.09 -0.0613 0.3013, 0.0981 -0.0472 0.3013, 0.104 -0.0321 0.3013, 0.1077 -0.0162 0.3013, 0.1089 0.0 0.3013, 0.0931 0.014 0.2968, 0.0899 0.0277 0.2968, 0.0848 0.0408 0.2968, 0.0778 0.053 0.2968, 0.069 0.064 0.2968, 0.0587 0.0736 0.2968, 0.0471 0.0815 0.2968, 0.0344 0.0876 0.2968, 0.0209 0.0917 0.2968, 0.007 0.0938 0.2968, -0.007 0.0938 0.2968, -0.0209 0.0917 0.2968, -0.0344 0.0876 0.2968, -0.0471 0.0815 0.2968, -0.0587 0.0736 0.2968, -0.069 0.064 0.2968, -0.0778 0.053 0.2968, -0.0848 0.0408 0.2968, -0.0899 0.0277 0.2968, -0.0931 0.014 0.2968, -0.0941 0.0 0.2968, -0.0931 -0.014 0.2968, -0.0899 -0.0277 0.2968, -0.0848 -0.0408 0.2968, -0.0778 -0.053 0.2968, -0.069 -0.064 0.2968, -0.0587 -0.0736 0.2968, -0.0471 -0.0815 0.2968, -0.0344 -0.0876 0.2968, -0.0209 -0.0917 0.2968, -0.007 -0.0938 0.2968, 0.007 -0.0938 0.2968, 0.0209 -0.0917 0.2968, 0.0344 -0.0876 0.2968, 0.0471 -0.0815 0.2968, 0.0587 -0.0736 0.2968, 0.069 -0.064 0.2968, 0.0778 -0.053 0.2968, 0.0848 -0.0408 0.2968, 0.0899 -0.0277 0.2968, 0.0931 -0.014 0.2968, 0.0941 0.0 0.2968, 0.0779 0.0117 0.2953, 0.0752 0.0232 0.2953, 0.0709 0.0342 0.2953, 0.0651 0.0444 0.2953, 0.0577 0.0536 0.2953, 0.0491 0.0616 0.2953, 0.0394 0.0682 0.2953, 0.0288 0.0733 0.2953, 0.0175 0.0768 0.2953, 0.0059 0.0785 0.2953, -0.0059 0.0785 0.2953, -0.0175 0.0768 0.2953, -0.0288 0.0733 0.2953, -0.0394 0.0682 0.2953, -0.0491 0.0616 0.2953, -0.0577 0.0536 0.2953, -0.0651 0.0444 0.2953, -0.0709 0.0342 0.2953, -0.0752 0.0232 0.2953, -0.0779 0.0117 0.2953, -0.0787 0.0 0.2953, -0.0779 -0.0117 0.2953, -0.0752 -0.0232 0.2953, -0.0709 -0.0342 0.2953, -0.0651 -0.0444 0.2953, -0.0577 -0.0536 0.2953, -0.0491 -0.0616 0.2953, -0.0394 -0.0682 0.2953, -0.0288 -0.0733 0.2953, -0.0175 -0.0768 0.2953, -0.0059 -0.0785 0.2953, 0.0059 -0.0785 0.2953, 0.0175 -0.0768 0.2953, 0.0288 -0.0733 0.2953, 0.0394 -0.0682 0.2953, 0.0491 -0.0616 0.2953, 0.0577 -0.0536 0.2953, 0.0651 -0.0444 0.2953, 0.0709 -0.0342 0.2953, 0.0752 -0.0232 0.2953, 0.0779 -0.0117 0.2953, 0.0787 0.0 0.2953, 0.0 0.0 0.2953, 0.154 0.0327 0.3937, 0.1575 0.0 0.3937, 0.1439 0.0641 0.3937, 0.1274 0.0926 0.3937, 0.1054 0.117 0.3937, 0.0787 0.1364 0.3937, 0.0487 0.1498 0.3937, 0.0165 0.1566 0.3937, -0.0165 0.1566 0.3937, -0.0487 0.1498 0.3937, -0.0787 0.1364 0.3937, -0.1054 0.117 0.3937, -0.1274 0.0926 0.3937, -0.1439 0.0641 0.3937, -0.154 0.0327 0.3937, -0.1575 0.0 0.3937, -0.154 -0.0327 0.3937, -0.1439 -0.0641 0.3937, -0.1274 -0.0926 0.3937, -0.1054 -0.117 0.3937, -0.0787 -0.1364 0.3937, -0.0487 -0.1498 0.3937, -0.0165 -0.1566 0.3937, 0.0165 -0.1566 0.3937, 0.0487 -0.1498 0.3937, 0.0787 -0.1364 0.3937, 0.1054 -0.117 0.3937, 0.1274 -0.0926 0.3937, 0.1439 -0.0641 0.3937, 0.154 -0.0327 0.3937, 0.0136 -0.2753 0.6693, 0.0408 -0.2726 0.6693, 0.0675 -0.2672 0.6693, 0.0936 -0.2592 0.6693, 0.1187 -0.2487 0.6693, 0.1427 -0.2357 0.6693, 0.1653 -0.2205 0.6693, -0.0136 -0.2753 0.6693, -0.1705 -0.2165 0.6693, -0.1653 -0.2205 0.6693, -0.1427 -0.2357 0.6693, -0.1187 -0.2487 0.6693, -0.0936 -0.2592 0.6693, -0.0675 -0.2672 0.6693, -0.0408 -0.2726 0.6693, 0.1959 0.2953 0.4921, -0.1559 0.3182 0.4921, -0.1959 0.2953 0.4921, -0.1133 0.3357 0.4921, -0.0687 0.3476 0.4921, -0.023 0.3536 0.4921, 0.023 0.3536 0.4921, 0.0687 0.3476 0.4921, 0.1133 0.3357 0.4921, 0.1559 0.3182 0.4921, -0.1959 -0.2953 0.4921, -0.1959 -0.2953 0.5906, 0.1558 -0.3181 0.5906, 0.1559 -0.3182 0.4921, 0.1835 -0.3031 0.5906, 0.1959 -0.2953 0.4921, 0.1527 -0.3198 0.5906, 0.1203 -0.3333 0.5906, 0.1133 -0.3357 0.4921, 0.1132 -0.3355 0.5906, 0.0868 -0.3435 0.5906, 0.0687 -0.3476 0.4921, 0.023 -0.3534 0.5906, 0.023 -0.3536 0.4921, 0.0524 -0.3504 0.5906, 0.0687 -0.3472 0.5906, 0.0175 -0.3539 0.5906, -0.0175 -0.3539 0.5906, -0.023 -0.3536 0.4921, -0.023 -0.3534 0.5906, -0.0524 -0.3504 0.5906, -0.0687 -0.3476 0.4921, -0.1132 -0.3355 0.5906, -0.1133 -0.3357 0.4921, -0.0868 -0.3435 0.5906, -0.0687 -0.3472 0.5906, -0.1203 -0.3333 0.5906, -0.1527 -0.3198 0.5906, -0.1559 -0.3182 0.4921, -0.1835 -0.3031 0.5906, -0.1558 -0.3181 0.5906, 0.1786 -0.2949 0.6281, 0.1622 -0.2679 0.6597, 0.1707 -0.2276 0.6688, -0.1728 -0.2233 0.669, -0.1735 -0.2254 0.6687, -0.1707 -0.2276 0.6688, -0.1956 -0.2945 0.6016, -0.1957 -0.2946 0.5995, -0.1833 -0.3027 0.5995, -0.0523 -0.3499 0.5995, 0.1202 -0.3328 0.5995, 0.1525 -0.3193 0.5995, 0.1833 -0.3027 0.5995, 0.0867 -0.343 0.5995, 0.0523 -0.3499 0.5995, 0.0175 -0.3534 0.5995, -0.0175 -0.3534 0.5995, -0.0867 -0.343 0.5995, -0.1202 -0.3328 0.5995, -0.1525 -0.3193 0.5995, -0.1947 -0.2915 0.6142, -0.1949 -0.2921 0.6126, -0.1816 -0.3 0.6142, -0.1955 -0.294 0.6037, -0.1929 -0.2856 0.628, -0.1937 -0.2883 0.623, -0.1786 -0.2949 0.6281, -0.1938 -0.2885 0.6223, -0.1903 -0.277 0.641, -0.1904 -0.2773 0.6406, -0.1742 -0.2877 0.6406, -0.1907 -0.2785 0.6389, -0.1921 -0.2829 0.6329, -0.1687 -0.2786 0.6513, -0.187 -0.2665 0.6512, -0.188 -0.2697 0.6486, -0.1827 -0.2533 0.6602, -0.183 -0.2541 0.6597, -0.1622 -0.2679 0.6597, -0.1856 -0.2623 0.6546, -0.1864 -0.2649 0.6526, -0.1784 -0.2402 0.6655, -0.1795 -0.2436 0.6645, -0.155 -0.256 0.6656, -0.1811 -0.2482 0.6624, -0.1474 -0.2434 0.6688, -0.1771 -0.2362 0.6667, -0.1749 -0.2297 0.668, -0.1763 -0.2339 0.6674, -0.1226 -0.2567 0.6688, -0.0966 -0.2676 0.6688, -0.0697 -0.2758 0.6688, -0.0421 -0.2814 0.6688, -0.0141 -0.2842 0.6688, 0.0141 -0.2842 0.6688, 0.0421 -0.2814 0.6688, 0.0697 -0.2758 0.6688, 0.0966 -0.2676 0.6688, 0.1226 -0.2567 0.6688, 0.1474 -0.2434 0.6688, 0.155 -0.256 0.6656, 0.1687 -0.2786 0.6513, 0.1742 -0.2877 0.6406, 0.1816 -0.3 0.6142, 0.1511 -0.3165 0.6142, 0.1191 -0.3298 0.6142, 0.0859 -0.34 0.6142, 0.0519 -0.3468 0.6142, 0.0174 -0.3503 0.6142, -0.0174 -0.3503 0.6142, -0.0519 -0.3468 0.6142, -0.0859 -0.34 0.6142, -0.1191 -0.3298 0.6142, -0.1511 -0.3165 0.6142, 0.1486 -0.3111 0.6281, 0.1171 -0.3243 0.6281, 0.0845 -0.3343 0.6281, 0.051 -0.341 0.6281, 0.0171 -0.3444 0.6281, -0.0171 -0.3444 0.6281, -0.051 -0.341 0.6281, -0.0845 -0.3343 0.6281, -0.1171 -0.3243 0.6281, -0.1486 -0.3111 0.6281, 0.1449 -0.3035 0.6406, 0.1142 -0.3164 0.6406, 0.0824 -0.3261 0.6406, 0.0498 -0.3326 0.6406, 0.0166 -0.3359 0.6406, -0.0166 -0.3359 0.6406, -0.0498 -0.3326 0.6406, -0.0824 -0.3261 0.6406, -0.1142 -0.3164 0.6406, -0.1449 -0.3035 0.6406, 0.1403 -0.2939 0.6513, 0.1106 -0.3063 0.6513, 0.0798 -0.3158 0.6513, 0.0482 -0.3221 0.6513, 0.0161 -0.3253 0.6513, -0.0161 -0.3253 0.6513, -0.0482 -0.3221 0.6513, -0.0798 -0.3158 0.6513, -0.1106 -0.3063 0.6513, -0.1403 -0.2939 0.6513, 0.1349 -0.2826 0.6597, 0.1063 -0.2946 0.6597, 0.0767 -0.3036 0.6597, 0.0463 -0.3097 0.6597, 0.0155 -0.3128 0.6597, -0.0155 -0.3128 0.6597, -0.0463 -0.3097 0.6597, -0.0767 -0.3036 0.6597, -0.1063 -0.2946 0.6597, -0.1349 -0.2826 0.6597, 0.1289 -0.2701 0.6656, 0.1016 -0.2815 0.6656, 0.0733 -0.2902 0.6656, 0.0443 -0.296 0.6656, 0.0148 -0.2989 0.6656, -0.0148 -0.2989 0.6656, -0.0443 -0.296 0.6656, -0.0733 -0.2902 0.6656, -0.1016 -0.2815 0.6656, -0.1289 -0.2701 0.6656
            ]
        }
        coordIndex [
            0,1,2,-1,3,4,5,-1,6,7,8,-1,9,10,11,-1,12,13,14,-1,15,16,17,-1,15,17,18,-1,18,17,19,-1,18,19,20,-1,20,19,21,-1,20,21,22,-1,22,21,23,-1,22,23,24,-1,24,23,25,-1,24,25,26,-1,26,25,27,-1,26,27,28,-1,28,27,29,-1,28,29,30,-1,30,29,31,-1,30,31,32,-1,32,31,33,-1,32,33,34,-1,34,33,35,-1,34,35,36,-1,36,35,37,-1,36,37,38,-1,38,37,39,-1,38,39,40,-1,40,39,41,-1,40,41,42,-1,41,43,44,-1,45,42,46,-1,46,42,41,-1,46,41,47,-1,47,41,44,-1,43,41,48,-1,48,41,39,-1,48,39,13,-1,12,14,49,-1,50,51,52,-1,52,51,53,-1,52,53,49,-1,54,55,50,-1,56,57,54,-1,54,57,58,-1,54,58,55,-1,10,59,60,-1,60,59,61,-1,60,61,56,-1,62,63,9,-1,64,65,62,-1,62,65,66,-1,62,66,63,-1,67,68,69,-1,69,68,70,-1,69,70,64,-1,71,72,73,-1,73,72,74,-1,73,74,75,-1,75,74,76,-1,75,76,69,-1,69,76,77,-1,69,77,67,-1,71,73,78,-1,78,73,79,-1,78,79,80,-1,80,79,81,-1,80,81,82,-1,82,81,83,-1,83,81,84,-1,83,84,85,-1,85,84,86,-1,85,86,87,-1,8,7,86,-1,86,7,88,-1,86,88,87,-1,6,8,89,-1,89,8,90,-1,89,90,91,-1,91,90,92,-1,91,92,93,-1,93,92,94,-1,93,94,95,-1,95,94,96,-1,96,94,2,-1,96,2,5,-1,5,2,1,-1,5,1,3,-1,97,98,99,-1,99,98,100,-1,101,102,103,-1,103,102,104,-1,105,106,107,-1,107,106,108,-1,107,108,109,-1,110,111,112,-1,113,114,115,-1,115,114,116,-1,117,118,119,-1,119,118,120,-1,15,121,16,-1,16,121,122,-1,16,122,123,-1,124,17,125,-1,125,17,16,-1,125,16,126,-1,126,16,123,-1,64,62,69,-1,69,62,127,-1,69,127,75,-1,75,127,128,-1,75,128,73,-1,73,128,129,-1,73,129,79,-1,79,129,130,-1,79,130,81,-1,81,130,131,-1,81,131,84,-1,84,131,132,-1,84,132,86,-1,86,132,133,-1,86,133,8,-1,8,133,134,-1,8,134,90,-1,90,134,135,-1,90,135,92,-1,92,135,136,-1,92,136,94,-1,94,136,99,-1,94,99,2,-1,2,99,100,-1,2,100,0,-1,9,11,62,-1,62,11,137,-1,62,137,127,-1,127,137,138,-1,127,138,128,-1,128,138,139,-1,128,139,129,-1,129,139,140,-1,129,140,130,-1,130,140,141,-1,130,141,131,-1,131,141,142,-1,131,142,132,-1,132,142,143,-1,132,143,133,-1,133,143,144,-1,133,144,134,-1,134,144,145,-1,134,145,135,-1,135,145,146,-1,135,146,136,-1,136,146,103,-1,136,103,99,-1,99,103,104,-1,99,104,97,-1,10,60,11,-1,11,60,147,-1,11,147,137,-1,137,147,148,-1,137,148,138,-1,138,148,149,-1,138,149,139,-1,139,149,150,-1,139,150,140,-1,140,150,151,-1,140,151,141,-1,141,151,152,-1,141,152,142,-1,142,152,153,-1,142,153,143,-1,143,153,154,-1,143,154,144,-1,144,154,155,-1,144,155,145,-1,145,155,156,-1,145,156,146,-1,146,156,107,-1,146,107,103,-1,103,107,109,-1,103,109,101,-1,56,54,60,-1,60,54,157,-1,60,157,147,-1,147,157,158,-1,147,158,148,-1,148,158,159,-1,148,159,149,-1,149,159,160,-1,149,160,150,-1,150,160,161,-1,150,161,151,-1,151,161,162,-1,151,162,152,-1,152,162,163,-1,152,163,153,-1,153,163,164,-1,153,164,154,-1,154,164,165,-1,154,165,155,-1,155,165,166,-1,155,166,156,-1,156,166,110,-1,156,110,107,-1,107,110,112,-1,107,112,105,-1,50,52,54,-1,54,52,167,-1,54,167,157,-1,157,167,168,-1,157,168,158,-1,158,168,169,-1,158,169,159,-1,159,169,170,-1,159,170,160,-1,160,170,171,-1,160,171,161,-1,161,171,172,-1,161,172,162,-1,162,172,173,-1,162,173,163,-1,163,173,174,-1,163,174,164,-1,164,174,175,-1,164,175,165,-1,165,175,176,-1,165,176,166,-1,166,176,115,-1,166,115,110,-1,110,115,116,-1,110,116,111,-1,49,14,52,-1,52,14,177,-1,52,177,167,-1,167,177,178,-1,167,178,168,-1,168,178,179,-1,168,179,169,-1,169,179,180,-1,169,180,170,-1,170,180,181,-1,170,181,171,-1,171,181,182,-1,171,182,172,-1,172,182,183,-1,172,183,173,-1,173,183,184,-1,173,184,174,-1,174,184,185,-1,174,185,175,-1,175,185,186,-1,175,186,176,-1,176,186,118,-1,176,118,115,-1,115,118,117,-1,115,117,113,-1,13,39,14,-1,14,39,37,-1,14,37,177,-1,177,37,35,-1,177,35,178,-1,178,35,33,-1,178,33,179,-1,179,33,31,-1,179,31,180,-1,180,31,29,-1,180,29,181,-1,181,29,27,-1,181,27,182,-1,182,27,25,-1,182,25,183,-1,183,25,23,-1,183,23,184,-1,184,23,21,-1,184,21,185,-1,185,21,19,-1,185,19,186,-1,186,19,17,-1,186,17,118,-1,118,17,124,-1,118,124,120,-1,109,108,187,-1,117,119,188,-1,189,190,126,-1,126,123,189,-1,189,123,122,-1,189,122,121,-1,188,119,191,-1,191,119,120,-1,191,120,192,-1,192,120,124,-1,192,124,190,-1,190,124,125,-1,190,125,126,-1,187,108,193,-1,193,108,106,-1,193,106,194,-1,194,106,105,-1,194,105,112,-1,112,111,194,-1,194,111,116,-1,194,116,195,-1,195,116,114,-1,195,114,188,-1,188,114,113,-1,188,113,117,-1,196,100,197,-1,197,100,98,-1,197,98,198,-1,198,98,199,-1,98,97,199,-1,199,97,104,-1,199,104,200,-1,200,104,102,-1,200,102,187,-1,187,102,101,-1,187,101,109,-1,4,3,201,-1,201,3,1,-1,201,1,196,-1,196,1,0,-1,196,0,100,-1,202,203,204,-1,204,203,205,-1,204,205,206,-1,206,205,207,-1,208,209,210,-1,210,209,207,-1,210,207,211,-1,211,207,205,-1,212,213,214,-1,214,213,215,-1,215,213,216,-1,215,216,208,-1,208,216,217,-1,208,217,209,-1,218,219,220,-1,220,219,221,-1,220,221,222,-1,222,221,223,-1,222,223,214,-1,214,223,224,-1,214,224,212,-1,225,226,227,-1,227,226,228,-1,227,228,229,-1,229,228,230,-1,229,230,220,-1,220,230,231,-1,220,231,218,-1,225,227,232,-1,232,227,233,-1,232,233,234,-1,234,233,235,-1,234,235,236,-1,236,235,237,-1,236,237,238,-1,239,240,241,-1,241,240,242,-1,241,242,237,-1,237,242,243,-1,237,243,238,-1,244,245,246,-1,246,245,247,-1,246,247,248,-1,248,247,249,-1,248,249,250,-1,250,249,251,-1,250,251,252,-1,252,251,253,-1,252,253,254,-1,254,253,255,-1,254,255,256,-1,256,255,257,-1,256,257,258,-1,258,257,259,-1,258,259,260,-1,260,259,261,-1,260,261,262,-1,262,261,263,-1,262,263,264,-1,264,263,265,-1,264,265,266,-1,266,265,267,-1,266,267,241,-1,241,267,189,-1,268,269,270,-1,270,269,271,-1,269,272,271,-1,271,272,273,-1,271,273,274,-1,273,275,274,-1,274,275,276,-1,274,276,277,-1,276,278,277,-1,277,278,279,-1,277,279,280,-1,279,281,280,-1,280,281,282,-1,280,282,283,-1,284,285,286,-1,286,285,283,-1,286,283,287,-1,287,283,282,-1,287,282,288,-1,281,279,289,-1,275,273,290,-1,272,269,291,-1,292,293,294,-1,295,296,297,-1,297,296,298,-1,299,300,296,-1,296,300,298,-1,299,296,301,-1,301,296,295,-1,301,295,302,-1,303,304,305,-1,305,304,306,-1,305,306,298,-1,303,307,304,-1,304,307,308,-1,304,308,309,-1,309,308,310,-1,309,310,311,-1,311,310,312,-1,311,312,313,-1,292,294,314,-1,314,294,315,-1,314,315,316,-1,316,315,317,-1,316,317,318,-1,318,317,319,-1,319,317,320,-1,319,320,321,-1,312,322,313,-1,313,322,323,-1,313,323,324,-1,321,320,325,-1,325,320,291,-1,325,291,326,-1,326,291,269,-1,326,269,268,-1,273,272,290,-1,290,272,291,-1,290,291,327,-1,327,291,320,-1,327,320,328,-1,328,320,317,-1,328,317,329,-1,329,317,315,-1,329,315,330,-1,330,315,294,-1,330,294,331,-1,276,275,332,-1,332,275,290,-1,332,290,333,-1,333,290,327,-1,333,327,334,-1,334,327,328,-1,334,328,335,-1,335,328,329,-1,335,329,336,-1,336,329,330,-1,336,330,337,-1,337,330,331,-1,337,331,338,-1,338,339,337,-1,337,339,340,-1,337,340,336,-1,336,340,341,-1,336,341,335,-1,335,341,342,-1,335,342,334,-1,334,342,343,-1,334,343,333,-1,333,343,344,-1,333,344,332,-1,332,344,345,-1,332,345,276,-1,276,345,278,-1,279,278,289,-1,289,278,345,-1,289,345,346,-1,346,345,344,-1,346,344,347,-1,347,344,343,-1,347,343,348,-1,348,343,342,-1,348,342,349,-1,349,342,341,-1,349,341,350,-1,350,341,340,-1,350,340,351,-1,351,340,339,-1,351,339,298,-1,338,298,339,-1,293,302,294,-1,294,302,295,-1,294,295,331,-1,331,295,297,-1,331,297,338,-1,338,297,298,-1,282,281,288,-1,288,281,289,-1,288,289,352,-1,352,289,346,-1,352,346,353,-1,353,346,347,-1,353,347,354,-1,354,347,348,-1,354,348,355,-1,355,348,349,-1,355,349,356,-1,356,349,350,-1,356,350,357,-1,357,350,351,-1,357,351,298,-1,286,287,358,-1,358,287,288,-1,358,288,324,-1,324,288,352,-1,324,352,313,-1,313,352,353,-1,313,353,311,-1,311,353,354,-1,311,354,309,-1,309,354,355,-1,309,355,304,-1,304,355,356,-1,304,356,306,-1,306,356,357,-1,306,357,298,-1,323,359,324,-1,324,359,360,-1,324,360,358,-1,358,360,361,-1,358,361,286,-1,286,361,284,-1,362,363,364,-1,364,363,365,-1,364,365,366,-1,366,365,367,-1,367,365,368,-1,367,368,369,-1,369,368,370,-1,370,368,371,-1,370,371,372,-1,372,371,373,-1,373,371,374,-1,373,374,375,-1,375,374,376,-1,376,374,377,-1,376,377,378,-1,378,377,379,-1,379,377,380,-1,379,380,381,-1,382,383,384,-1,385,386,384,-1,383,382,387,-1,388,379,381,-1,379,388,378,-1,375,376,389,-1,369,370,390,-1,366,367,391,-1,362,364,392,-1,392,364,393,-1,392,393,394,-1,394,393,395,-1,394,395,396,-1,381,397,388,-1,388,397,398,-1,388,398,399,-1,396,395,400,-1,400,395,401,-1,400,401,402,-1,398,403,399,-1,399,403,404,-1,399,404,405,-1,405,404,406,-1,405,406,407,-1,407,406,408,-1,407,408,409,-1,402,401,410,-1,410,401,411,-1,410,411,412,-1,412,411,413,-1,412,413,414,-1,414,413,415,-1,414,415,416,-1,376,378,389,-1,389,378,388,-1,389,388,417,-1,417,388,399,-1,417,399,418,-1,418,399,405,-1,418,405,419,-1,419,405,407,-1,419,407,420,-1,420,407,409,-1,420,409,421,-1,421,409,422,-1,421,422,423,-1,424,422,425,-1,425,422,409,-1,425,409,426,-1,426,409,408,-1,386,385,415,-1,415,385,427,-1,415,427,416,-1,364,366,393,-1,393,366,391,-1,393,391,395,-1,395,391,428,-1,395,428,401,-1,401,428,429,-1,401,429,411,-1,411,429,430,-1,411,430,413,-1,413,430,431,-1,413,431,415,-1,415,431,432,-1,415,432,386,-1,386,432,433,-1,386,433,384,-1,367,369,391,-1,391,369,390,-1,391,390,428,-1,428,390,434,-1,428,434,429,-1,429,434,435,-1,429,435,430,-1,430,435,436,-1,430,436,431,-1,431,436,437,-1,431,437,432,-1,432,437,438,-1,432,438,433,-1,433,438,439,-1,433,439,384,-1,372,373,440,-1,440,373,441,-1,440,441,442,-1,442,441,443,-1,442,443,444,-1,444,443,445,-1,444,445,446,-1,446,445,447,-1,446,447,448,-1,448,447,449,-1,448,449,450,-1,450,449,451,-1,450,451,452,-1,452,451,453,-1,452,453,384,-1,373,375,441,-1,441,375,389,-1,441,389,443,-1,443,389,417,-1,443,417,445,-1,445,417,418,-1,445,418,447,-1,447,418,419,-1,447,419,449,-1,449,419,420,-1,449,420,451,-1,451,420,421,-1,451,421,453,-1,453,421,423,-1,453,423,384,-1,370,372,390,-1,390,372,440,-1,390,440,434,-1,434,440,442,-1,434,442,435,-1,435,442,444,-1,435,444,436,-1,436,444,446,-1,436,446,437,-1,437,446,448,-1,437,448,438,-1,438,448,450,-1,438,450,439,-1,439,450,452,-1,439,452,384,-1,424,387,422,-1,422,387,382,-1,422,382,423,-1,423,382,384,-1,454,455,456,-1,456,455,457,-1,456,457,458,-1,458,457,459,-1,459,457,460,-1,459,460,461,-1,461,460,462,-1,462,460,463,-1,462,463,464,-1,464,463,465,-1,465,463,466,-1,465,466,467,-1,467,466,468,-1,468,466,469,-1,468,469,470,-1,470,469,471,-1,471,469,472,-1,471,472,473,-1,474,475,476,-1,477,478,476,-1,475,474,479,-1,480,471,473,-1,471,480,470,-1,467,468,481,-1,461,462,482,-1,458,459,483,-1,454,456,484,-1,484,456,485,-1,484,485,486,-1,486,485,487,-1,486,487,488,-1,473,489,480,-1,480,489,490,-1,480,490,491,-1,488,487,492,-1,492,487,493,-1,492,493,494,-1,490,495,491,-1,491,495,496,-1,491,496,497,-1,497,496,498,-1,497,498,499,-1,499,498,500,-1,499,500,501,-1,494,493,502,-1,502,493,503,-1,502,503,504,-1,504,503,505,-1,504,505,506,-1,506,505,507,-1,506,507,508,-1,468,470,481,-1,481,470,480,-1,481,480,509,-1,509,480,491,-1,509,491,510,-1,510,491,497,-1,510,497,511,-1,511,497,499,-1,511,499,512,-1,512,499,501,-1,512,501,513,-1,513,501,514,-1,513,514,515,-1,516,514,517,-1,517,514,501,-1,517,501,518,-1,518,501,500,-1,478,477,507,-1,507,477,519,-1,507,519,508,-1,456,458,485,-1,485,458,483,-1,485,483,487,-1,487,483,520,-1,487,520,493,-1,493,520,521,-1,493,521,503,-1,503,521,522,-1,503,522,505,-1,505,522,523,-1,505,523,507,-1,507,523,524,-1,507,524,478,-1,478,524,525,-1,478,525,476,-1,459,461,483,-1,483,461,482,-1,483,482,520,-1,520,482,526,-1,520,526,521,-1,521,526,527,-1,521,527,522,-1,522,527,528,-1,522,528,523,-1,523,528,529,-1,523,529,524,-1,524,529,530,-1,524,530,525,-1,525,530,531,-1,525,531,476,-1,464,465,532,-1,532,465,533,-1,532,533,534,-1,534,533,535,-1,534,535,536,-1,536,535,537,-1,536,537,538,-1,538,537,539,-1,538,539,540,-1,540,539,541,-1,540,541,542,-1,542,541,543,-1,542,543,544,-1,544,543,545,-1,544,545,476,-1,465,467,533,-1,533,467,481,-1,533,481,535,-1,535,481,509,-1,535,509,537,-1,537,509,510,-1,537,510,539,-1,539,510,511,-1,539,511,541,-1,541,511,512,-1,541,512,543,-1,543,512,513,-1,543,513,545,-1,545,513,515,-1,545,515,476,-1,462,464,482,-1,482,464,532,-1,482,532,526,-1,526,532,534,-1,526,534,527,-1,527,534,536,-1,527,536,528,-1,528,536,538,-1,528,538,529,-1,529,538,540,-1,529,540,530,-1,530,540,542,-1,530,542,531,-1,531,542,544,-1,531,544,476,-1,516,479,514,-1,514,479,474,-1,514,474,515,-1,515,474,476,-1,546,547,548,-1,548,547,549,-1,548,549,550,-1,550,549,551,-1,551,549,552,-1,551,552,553,-1,553,552,554,-1,554,552,555,-1,554,555,556,-1,556,555,557,-1,557,555,558,-1,557,558,559,-1,559,558,560,-1,560,558,561,-1,560,561,562,-1,562,561,563,-1,563,561,564,-1,563,564,565,-1,566,567,568,-1,569,570,568,-1,567,566,571,-1,572,563,565,-1,563,572,562,-1,559,560,573,-1,553,554,574,-1,550,551,575,-1,546,548,576,-1,576,548,577,-1,576,577,578,-1,578,577,579,-1,578,579,580,-1,565,581,572,-1,572,581,582,-1,572,582,583,-1,580,579,584,-1,584,579,585,-1,584,585,586,-1,582,587,583,-1,583,587,588,-1,583,588,589,-1,589,588,590,-1,589,590,591,-1,591,590,592,-1,591,592,593,-1,586,585,594,-1,594,585,595,-1,594,595,596,-1,596,595,597,-1,596,597,598,-1,598,597,599,-1,598,599,600,-1,560,562,573,-1,573,562,572,-1,573,572,601,-1,601,572,583,-1,601,583,602,-1,602,583,589,-1,602,589,603,-1,603,589,591,-1,603,591,604,-1,604,591,593,-1,604,593,605,-1,605,593,606,-1,605,606,607,-1,608,606,609,-1,609,606,593,-1,609,593,610,-1,610,593,592,-1,570,569,599,-1,599,569,611,-1,599,611,600,-1,548,550,577,-1,577,550,575,-1,577,575,579,-1,579,575,612,-1,579,612,585,-1,585,612,613,-1,585,613,595,-1,595,613,614,-1,595,614,597,-1,597,614,615,-1,597,615,599,-1,599,615,616,-1,599,616,570,-1,570,616,617,-1,570,617,568,-1,551,553,575,-1,575,553,574,-1,575,574,612,-1,612,574,618,-1,612,618,613,-1,613,618,619,-1,613,619,614,-1,614,619,620,-1,614,620,615,-1,615,620,621,-1,615,621,616,-1,616,621,622,-1,616,622,617,-1,617,622,623,-1,617,623,568,-1,556,557,624,-1,624,557,625,-1,624,625,626,-1,626,625,627,-1,626,627,628,-1,628,627,629,-1,628,629,630,-1,630,629,631,-1,630,631,632,-1,632,631,633,-1,632,633,634,-1,634,633,635,-1,634,635,636,-1,636,635,637,-1,636,637,568,-1,557,559,625,-1,625,559,573,-1,625,573,627,-1,627,573,601,-1,627,601,629,-1,629,601,602,-1,629,602,631,-1,631,602,603,-1,631,603,633,-1,633,603,604,-1,633,604,635,-1,635,604,605,-1,635,605,637,-1,637,605,607,-1,637,607,568,-1,554,556,574,-1,574,556,624,-1,574,624,618,-1,618,624,626,-1,618,626,619,-1,619,626,628,-1,619,628,620,-1,620,628,630,-1,620,630,621,-1,621,630,632,-1,621,632,622,-1,622,632,634,-1,622,634,623,-1,623,634,636,-1,623,636,568,-1,608,571,606,-1,606,571,566,-1,606,566,607,-1,607,566,568,-1,638,639,640,-1,640,639,641,-1,640,641,642,-1,642,641,643,-1,643,641,644,-1,643,644,645,-1,645,644,646,-1,646,644,647,-1,646,647,648,-1,648,647,649,-1,649,647,650,-1,649,650,651,-1,651,650,652,-1,652,650,653,-1,652,653,654,-1,654,653,655,-1,655,653,656,-1,655,656,657,-1,658,659,660,-1,661,662,660,-1,659,658,663,-1,664,655,657,-1,655,664,654,-1,651,652,665,-1,645,646,666,-1,642,643,667,-1,638,640,668,-1,668,640,669,-1,668,669,670,-1,670,669,671,-1,670,671,672,-1,657,673,664,-1,664,673,674,-1,664,674,675,-1,672,671,676,-1,676,671,677,-1,676,677,678,-1,674,679,675,-1,675,679,680,-1,675,680,681,-1,681,680,682,-1,681,682,683,-1,683,682,684,-1,683,684,685,-1,678,677,686,-1,686,677,687,-1,686,687,688,-1,688,687,689,-1,688,689,690,-1,690,689,691,-1,690,691,692,-1,652,654,665,-1,665,654,664,-1,665,664,693,-1,693,664,675,-1,693,675,694,-1,694,675,681,-1,694,681,695,-1,695,681,683,-1,695,683,696,-1,696,683,685,-1,696,685,697,-1,697,685,698,-1,697,698,699,-1,700,698,701,-1,701,698,685,-1,701,685,702,-1,702,685,684,-1,662,661,691,-1,691,661,703,-1,691,703,692,-1,640,642,669,-1,669,642,667,-1,669,667,671,-1,671,667,704,-1,671,704,677,-1,677,704,705,-1,677,705,687,-1,687,705,706,-1,687,706,689,-1,689,706,707,-1,689,707,691,-1,691,707,708,-1,691,708,662,-1,662,708,709,-1,662,709,660,-1,643,645,667,-1,667,645,666,-1,667,666,704,-1,704,666,710,-1,704,710,705,-1,705,710,711,-1,705,711,706,-1,706,711,712,-1,706,712,707,-1,707,712,713,-1,707,713,708,-1,708,713,714,-1,708,714,709,-1,709,714,715,-1,709,715,660,-1,648,649,716,-1,716,649,717,-1,716,717,718,-1,718,717,719,-1,718,719,720,-1,720,719,721,-1,720,721,722,-1,722,721,723,-1,722,723,724,-1,724,723,725,-1,724,725,726,-1,726,725,727,-1,726,727,728,-1,728,727,729,-1,728,729,660,-1,649,651,717,-1,717,651,665,-1,717,665,719,-1,719,665,693,-1,719,693,721,-1,721,693,694,-1,721,694,723,-1,723,694,695,-1,723,695,725,-1,725,695,696,-1,725,696,727,-1,727,696,697,-1,727,697,729,-1,729,697,699,-1,729,699,660,-1,646,648,666,-1,666,648,716,-1,666,716,710,-1,710,716,718,-1,710,718,711,-1,711,718,720,-1,711,720,712,-1,712,720,722,-1,712,722,713,-1,713,722,724,-1,713,724,714,-1,714,724,726,-1,714,726,715,-1,715,726,728,-1,715,728,660,-1,700,663,698,-1,698,663,658,-1,698,658,699,-1,699,658,660,-1,730,731,732,-1,732,731,733,-1,732,733,734,-1,734,733,735,-1,735,733,736,-1,735,736,737,-1,737,736,738,-1,738,736,739,-1,738,739,740,-1,740,739,741,-1,741,739,742,-1,741,742,743,-1,743,742,744,-1,744,742,745,-1,744,745,746,-1,746,745,747,-1,747,745,748,-1,747,748,749,-1,750,751,752,-1,753,754,752,-1,751,750,755,-1,756,747,749,-1,747,756,746,-1,743,744,757,-1,737,738,758,-1,734,735,759,-1,730,732,760,-1,760,732,761,-1,760,761,762,-1,762,761,763,-1,762,763,764,-1,749,765,756,-1,756,765,766,-1,756,766,767,-1,764,763,768,-1,768,763,769,-1,768,769,770,-1,766,771,767,-1,767,771,772,-1,767,772,773,-1,773,772,774,-1,773,774,775,-1,775,774,776,-1,775,776,777,-1,770,769,778,-1,778,769,779,-1,778,779,780,-1,780,779,781,-1,780,781,782,-1,782,781,783,-1,782,783,784,-1,744,746,757,-1,757,746,756,-1,757,756,785,-1,785,756,767,-1,785,767,786,-1,786,767,773,-1,786,773,787,-1,787,773,775,-1,787,775,788,-1,788,775,777,-1,788,777,789,-1,789,777,790,-1,789,790,791,-1,792,790,793,-1,793,790,777,-1,793,777,794,-1,794,777,776,-1,754,753,783,-1,783,753,795,-1,783,795,784,-1,732,734,761,-1,761,734,759,-1,761,759,763,-1,763,759,796,-1,763,796,769,-1,769,796,797,-1,769,797,779,-1,779,797,798,-1,779,798,781,-1,781,798,799,-1,781,799,783,-1,783,799,800,-1,783,800,754,-1,754,800,801,-1,754,801,752,-1,735,737,759,-1,759,737,758,-1,759,758,796,-1,796,758,802,-1,796,802,797,-1,797,802,803,-1,797,803,798,-1,798,803,804,-1,798,804,799,-1,799,804,805,-1,799,805,800,-1,800,805,806,-1,800,806,801,-1,801,806,807,-1,801,807,752,-1,740,741,808,-1,808,741,809,-1,808,809,810,-1,810,809,811,-1,810,811,812,-1,812,811,813,-1,812,813,814,-1,814,813,815,-1,814,815,816,-1,816,815,817,-1,816,817,818,-1,818,817,819,-1,818,819,820,-1,820,819,821,-1,820,821,752,-1,741,743,809,-1,809,743,757,-1,809,757,811,-1,811,757,785,-1,811,785,813,-1,813,785,786,-1,813,786,815,-1,815,786,787,-1,815,787,817,-1,817,787,788,-1,817,788,819,-1,819,788,789,-1,819,789,821,-1,821,789,791,-1,821,791,752,-1,738,740,758,-1,758,740,808,-1,758,808,802,-1,802,808,810,-1,802,810,803,-1,803,810,812,-1,803,812,804,-1,804,812,814,-1,804,814,805,-1,805,814,816,-1,805,816,806,-1,806,816,818,-1,806,818,807,-1,807,818,820,-1,807,820,752,-1,792,755,790,-1,790,755,750,-1,790,750,791,-1,791,750,752,-1,822,823,824,-1,824,823,825,-1,824,825,826,-1,826,825,827,-1,827,825,828,-1,827,828,829,-1,829,828,830,-1,830,828,831,-1,830,831,832,-1,832,831,833,-1,833,831,834,-1,833,834,835,-1,835,834,836,-1,836,834,837,-1,836,837,838,-1,838,837,839,-1,839,837,840,-1,839,840,841,-1,842,843,844,-1,845,846,844,-1,843,842,847,-1,848,839,841,-1,839,848,838,-1,835,836,849,-1,829,830,850,-1,826,827,851,-1,822,824,852,-1,852,824,853,-1,852,853,854,-1,854,853,855,-1,854,855,856,-1,841,857,848,-1,848,857,858,-1,848,858,859,-1,856,855,860,-1,860,855,861,-1,860,861,862,-1,858,863,859,-1,859,863,864,-1,859,864,865,-1,865,864,866,-1,865,866,867,-1,867,866,868,-1,867,868,869,-1,862,861,870,-1,870,861,871,-1,870,871,872,-1,872,871,873,-1,872,873,874,-1,874,873,875,-1,874,875,876,-1,836,838,849,-1,849,838,848,-1,849,848,877,-1,877,848,859,-1,877,859,878,-1,878,859,865,-1,878,865,879,-1,879,865,867,-1,879,867,880,-1,880,867,869,-1,880,869,881,-1,881,869,882,-1,881,882,883,-1,884,882,885,-1,885,882,869,-1,885,869,886,-1,886,869,868,-1,846,845,875,-1,875,845,887,-1,875,887,876,-1,824,826,853,-1,853,826,851,-1,853,851,855,-1,855,851,888,-1,855,888,861,-1,861,888,889,-1,861,889,871,-1,871,889,890,-1,871,890,873,-1,873,890,891,-1,873,891,875,-1,875,891,892,-1,875,892,846,-1,846,892,893,-1,846,893,844,-1,827,829,851,-1,851,829,850,-1,851,850,888,-1,888,850,894,-1,888,894,889,-1,889,894,895,-1,889,895,890,-1,890,895,896,-1,890,896,891,-1,891,896,897,-1,891,897,892,-1,892,897,898,-1,892,898,893,-1,893,898,899,-1,893,899,844,-1,832,833,900,-1,900,833,901,-1,900,901,902,-1,902,901,903,-1,902,903,904,-1,904,903,905,-1,904,905,906,-1,906,905,907,-1,906,907,908,-1,908,907,909,-1,908,909,910,-1,910,909,911,-1,910,911,912,-1,912,911,913,-1,912,913,844,-1,833,835,901,-1,901,835,849,-1,901,849,903,-1,903,849,877,-1,903,877,905,-1,905,877,878,-1,905,878,907,-1,907,878,879,-1,907,879,909,-1,909,879,880,-1,909,880,911,-1,911,880,881,-1,911,881,913,-1,913,881,883,-1,913,883,844,-1,830,832,850,-1,850,832,900,-1,850,900,894,-1,894,900,902,-1,894,902,895,-1,895,902,904,-1,895,904,896,-1,896,904,906,-1,896,906,897,-1,897,906,908,-1,897,908,898,-1,898,908,910,-1,898,910,899,-1,899,910,912,-1,899,912,844,-1,884,847,882,-1,882,847,842,-1,882,842,883,-1,883,842,844,-1,914,915,916,-1,916,915,917,-1,915,918,917,-1,917,918,919,-1,917,919,920,-1,919,921,920,-1,920,921,922,-1,920,922,923,-1,922,924,923,-1,923,924,925,-1,923,925,926,-1,925,927,926,-1,926,927,928,-1,926,928,929,-1,930,931,932,-1,932,931,929,-1,932,929,933,-1,933,929,928,-1,927,925,934,-1,921,919,935,-1,918,915,936,-1,937,938,939,-1,939,938,940,-1,940,941,942,-1,942,941,943,-1,942,943,944,-1,945,946,937,-1,937,946,947,-1,937,947,938,-1,938,947,948,-1,938,948,940,-1,943,949,944,-1,944,949,950,-1,944,950,951,-1,950,952,951,-1,951,952,953,-1,951,953,954,-1,953,955,954,-1,954,955,956,-1,954,956,957,-1,958,959,960,-1,960,959,961,-1,960,961,962,-1,962,961,963,-1,962,963,964,-1,964,963,965,-1,936,966,965,-1,965,966,967,-1,965,967,964,-1,968,969,970,-1,970,969,971,-1,970,971,957,-1,957,971,972,-1,957,972,954,-1,954,972,973,-1,954,973,951,-1,951,973,974,-1,951,974,944,-1,944,974,975,-1,944,975,942,-1,942,975,976,-1,942,976,940,-1,915,914,936,-1,936,914,977,-1,936,977,966,-1,919,918,935,-1,935,918,936,-1,935,936,978,-1,978,936,965,-1,978,965,979,-1,979,965,963,-1,979,963,980,-1,980,963,961,-1,980,961,981,-1,981,961,959,-1,981,959,982,-1,922,921,983,-1,983,921,935,-1,983,935,984,-1,984,935,978,-1,984,978,985,-1,985,978,979,-1,985,979,986,-1,986,979,980,-1,986,980,987,-1,987,980,981,-1,987,981,988,-1,988,981,982,-1,988,982,989,-1,989,990,988,-1,988,990,991,-1,988,991,987,-1,987,991,992,-1,987,992,986,-1,986,992,993,-1,986,993,985,-1,985,993,994,-1,985,994,984,-1,984,994,995,-1,984,995,983,-1,983,995,996,-1,983,996,922,-1,922,996,924,-1,925,924,934,-1,934,924,996,-1,934,996,997,-1,997,996,995,-1,997,995,998,-1,998,995,994,-1,998,994,999,-1,999,994,993,-1,999,993,1000,-1,1000,993,992,-1,1000,992,1001,-1,1001,992,991,-1,1001,991,1002,-1,1002,991,990,-1,1002,990,940,-1,989,940,990,-1,958,945,959,-1,959,945,937,-1,959,937,982,-1,982,937,939,-1,982,939,989,-1,989,939,940,-1,928,927,969,-1,969,927,934,-1,969,934,971,-1,971,934,997,-1,971,997,972,-1,972,997,998,-1,972,998,973,-1,973,998,999,-1,973,999,974,-1,974,999,1000,-1,974,1000,975,-1,975,1000,1001,-1,975,1001,976,-1,976,1001,1002,-1,976,1002,940,-1,956,1003,957,-1,957,1003,1004,-1,957,1004,970,-1,970,1004,1005,-1,970,1005,968,-1,968,1005,1006,-1,968,1006,1007,-1,928,969,933,-1,933,969,968,-1,933,968,932,-1,932,968,1007,-1,932,1007,930,-1,201,1008,1009,-1,1009,1008,1010,-1,1008,1011,1010,-1,1010,1011,1012,-1,1010,1012,1013,-1,1012,1014,1013,-1,1013,1014,1015,-1,1013,1015,1016,-1,1015,1017,1016,-1,1016,1017,1018,-1,1016,1018,1019,-1,1018,1020,1019,-1,1019,1020,1021,-1,1019,1021,1022,-1,245,1023,1024,-1,1024,1023,1022,-1,1024,1022,1025,-1,1025,1022,1021,-1,1025,1021,1026,-1,1020,1018,1027,-1,1014,1012,1028,-1,1011,1008,1029,-1,194,195,1030,-1,1031,1032,1033,-1,1033,1032,189,-1,192,190,1032,-1,1032,190,189,-1,192,1032,191,-1,191,1032,1031,-1,191,1031,188,-1,265,1034,267,-1,267,1034,1035,-1,267,1035,189,-1,265,263,1034,-1,1034,263,261,-1,1034,261,1036,-1,1036,261,259,-1,1036,259,1037,-1,1037,259,257,-1,1037,257,1038,-1,194,1030,193,-1,193,1030,1039,-1,193,1039,187,-1,187,1039,1040,-1,187,1040,200,-1,200,1040,199,-1,199,1040,1041,-1,199,1041,198,-1,257,255,1038,-1,1038,255,253,-1,1038,253,1042,-1,198,1041,197,-1,197,1041,1029,-1,197,1029,196,-1,196,1029,1008,-1,196,1008,201,-1,1012,1011,1028,-1,1028,1011,1029,-1,1028,1029,1043,-1,1043,1029,1041,-1,1043,1041,1044,-1,1044,1041,1040,-1,1044,1040,1045,-1,1045,1040,1039,-1,1045,1039,1046,-1,1046,1039,1030,-1,1046,1030,1047,-1,1015,1014,1048,-1,1048,1014,1028,-1,1048,1028,1049,-1,1049,1028,1043,-1,1049,1043,1050,-1,1050,1043,1044,-1,1050,1044,1051,-1,1051,1044,1045,-1,1051,1045,1052,-1,1052,1045,1046,-1,1052,1046,1053,-1,1053,1046,1047,-1,1053,1047,1054,-1,1054,1055,1053,-1,1053,1055,1056,-1,1053,1056,1052,-1,1052,1056,1057,-1,1052,1057,1051,-1,1051,1057,1058,-1,1051,1058,1050,-1,1050,1058,1059,-1,1050,1059,1049,-1,1049,1059,1060,-1,1049,1060,1048,-1,1048,1060,1061,-1,1048,1061,1015,-1,1015,1061,1017,-1,1018,1017,1027,-1,1027,1017,1061,-1,1027,1061,1062,-1,1062,1061,1060,-1,1062,1060,1063,-1,1063,1060,1059,-1,1063,1059,1064,-1,1064,1059,1058,-1,1064,1058,1065,-1,1065,1058,1057,-1,1065,1057,1066,-1,1066,1057,1056,-1,1066,1056,1067,-1,1067,1056,1055,-1,1067,1055,189,-1,1054,189,1055,-1,195,188,1030,-1,1030,188,1031,-1,1030,1031,1047,-1,1047,1031,1033,-1,1047,1033,1054,-1,1054,1033,189,-1,1021,1020,1026,-1,1026,1020,1027,-1,1026,1027,1068,-1,1068,1027,1062,-1,1068,1062,1069,-1,1069,1062,1063,-1,1069,1063,1070,-1,1070,1063,1064,-1,1070,1064,1071,-1,1071,1064,1065,-1,1071,1065,1072,-1,1072,1065,1066,-1,1072,1066,1073,-1,1073,1066,1067,-1,1073,1067,189,-1,1024,1025,1074,-1,1074,1025,1026,-1,1074,1026,1042,-1,1042,1026,1068,-1,1042,1068,1038,-1,1038,1068,1069,-1,1038,1069,1037,-1,1037,1069,1070,-1,1037,1070,1036,-1,1036,1070,1071,-1,1036,1071,1034,-1,1034,1071,1072,-1,1034,1072,1035,-1,1035,1072,1073,-1,1035,1073,189,-1,253,251,1042,-1,1042,251,249,-1,1042,249,1074,-1,1074,249,247,-1,1074,247,1024,-1,1024,247,245,-1,244,1075,1076,-1,1076,1075,1077,-1,1075,1078,1077,-1,1077,1078,1079,-1,1077,1079,1080,-1,1079,1081,1080,-1,1080,1081,1082,-1,1080,1082,1083,-1,1082,1084,1083,-1,1083,1084,1085,-1,1083,1085,1086,-1,1085,1087,1086,-1,1086,1087,1088,-1,1086,1088,1089,-1,203,1090,1091,-1,1091,1090,1089,-1,1091,1089,1092,-1,1092,1089,1088,-1,1087,1085,1093,-1,1081,1079,1094,-1,1078,1075,1095,-1,1096,1097,1098,-1,1098,1097,241,-1,241,237,1099,-1,1099,237,235,-1,1099,235,1100,-1,260,262,1096,-1,1096,262,264,-1,1096,264,1097,-1,1097,264,266,-1,1097,266,241,-1,235,233,1100,-1,1100,233,227,-1,1100,227,1101,-1,227,229,1101,-1,1101,229,220,-1,1101,220,1102,-1,220,222,1102,-1,1102,222,214,-1,1102,214,1103,-1,258,1104,256,-1,256,1104,1105,-1,256,1105,254,-1,254,1105,1106,-1,254,1106,252,-1,252,1106,1107,-1,1095,248,1107,-1,1107,248,250,-1,1107,250,252,-1,1108,1109,1110,-1,1110,1109,1111,-1,1110,1111,1103,-1,1103,1111,1112,-1,1103,1112,1102,-1,1102,1112,1113,-1,1102,1113,1101,-1,1101,1113,1114,-1,1101,1114,1100,-1,1100,1114,1115,-1,1100,1115,1099,-1,1099,1115,1116,-1,1099,1116,241,-1,1075,244,1095,-1,1095,244,246,-1,1095,246,248,-1,1079,1078,1094,-1,1094,1078,1095,-1,1094,1095,1117,-1,1117,1095,1107,-1,1117,1107,1118,-1,1118,1107,1106,-1,1118,1106,1119,-1,1119,1106,1105,-1,1119,1105,1120,-1,1120,1105,1104,-1,1120,1104,1121,-1,1082,1081,1122,-1,1122,1081,1094,-1,1122,1094,1123,-1,1123,1094,1117,-1,1123,1117,1124,-1,1124,1117,1118,-1,1124,1118,1125,-1,1125,1118,1119,-1,1125,1119,1126,-1,1126,1119,1120,-1,1126,1120,1127,-1,1127,1120,1121,-1,1127,1121,1128,-1,1128,1129,1127,-1,1127,1129,1130,-1,1127,1130,1126,-1,1126,1130,1131,-1,1126,1131,1125,-1,1125,1131,1132,-1,1125,1132,1124,-1,1124,1132,1133,-1,1124,1133,1123,-1,1123,1133,1134,-1,1123,1134,1122,-1,1122,1134,1135,-1,1122,1135,1082,-1,1082,1135,1084,-1,1085,1084,1093,-1,1093,1084,1135,-1,1093,1135,1136,-1,1136,1135,1134,-1,1136,1134,1137,-1,1137,1134,1133,-1,1137,1133,1138,-1,1138,1133,1132,-1,1138,1132,1139,-1,1139,1132,1131,-1,1139,1131,1140,-1,1140,1131,1130,-1,1140,1130,1141,-1,1141,1130,1129,-1,1141,1129,241,-1,1128,241,1129,-1,258,260,1104,-1,1104,260,1096,-1,1104,1096,1121,-1,1121,1096,1098,-1,1121,1098,1128,-1,1128,1098,241,-1,1088,1087,1109,-1,1109,1087,1093,-1,1109,1093,1111,-1,1111,1093,1136,-1,1111,1136,1112,-1,1112,1136,1137,-1,1112,1137,1113,-1,1113,1137,1138,-1,1113,1138,1114,-1,1114,1138,1139,-1,1114,1139,1115,-1,1115,1139,1140,-1,1115,1140,1116,-1,1116,1140,1141,-1,1116,1141,241,-1,214,215,1103,-1,1103,215,208,-1,1103,208,1110,-1,1110,208,210,-1,1110,210,1108,-1,1108,210,211,-1,1108,211,205,-1,1088,1109,1092,-1,1092,1109,1108,-1,1092,1108,1091,-1,1091,1108,205,-1,1091,205,203,-1,840,731,841,-1,841,731,730,-1,748,547,749,-1,749,547,546,-1,1142,1143,1144,-1,1145,1146,1147,-1,1147,1146,1148,-1,1145,1147,1143,-1,1143,1147,1149,-1,1143,1149,1144,-1,1142,1144,1150,-1,1150,1144,1151,-1,1150,1151,1152,-1,1152,1151,1153,-1,1152,1153,1154,-1,1154,1153,1155,-1,1154,1155,1156,-1,1156,1155,1157,-1,1156,1157,1158,-1,1157,1159,1158,-1,1158,1159,1160,-1,1158,1160,1161,-1,1161,1160,1162,-1,1163,473,362,-1,1160,1164,1162,-1,1162,1164,1163,-1,1162,1163,1165,-1,1165,1163,362,-1,1165,362,392,-1,1165,392,1162,-1,1162,392,394,-1,1162,394,1161,-1,1161,394,396,-1,1161,396,1158,-1,396,400,1158,-1,1158,400,402,-1,1158,402,1156,-1,1156,402,410,-1,1156,410,1154,-1,414,1150,1152,-1,1154,410,1152,-1,1152,410,412,-1,1152,412,414,-1,427,1143,1142,-1,1150,414,1142,-1,1142,414,416,-1,1142,416,427,-1,384,1146,1145,-1,1143,427,1145,-1,1145,427,385,-1,1145,385,384,-1,1164,489,1163,-1,1163,489,473,-1,1148,476,1147,-1,1147,476,475,-1,1147,475,1149,-1,1149,475,479,-1,1149,479,1144,-1,1144,479,516,-1,1144,516,1151,-1,1151,516,517,-1,1151,517,1153,-1,1153,517,518,-1,1153,518,1155,-1,1155,518,500,-1,1155,500,1157,-1,1157,500,498,-1,1157,498,1159,-1,1159,498,496,-1,1159,496,1160,-1,1160,496,495,-1,1160,495,1164,-1,1164,495,490,-1,1164,490,489,-1,660,384,661,-1,661,384,383,-1,661,383,703,-1,703,383,387,-1,703,387,692,-1,692,387,424,-1,692,424,690,-1,690,424,425,-1,690,425,688,-1,688,425,426,-1,688,426,686,-1,686,426,408,-1,686,408,678,-1,678,408,406,-1,678,406,676,-1,676,406,404,-1,676,404,672,-1,672,404,403,-1,672,403,670,-1,670,403,398,-1,670,398,668,-1,668,398,397,-1,668,397,638,-1,638,397,381,-1,476,568,477,-1,477,568,567,-1,477,567,519,-1,519,567,571,-1,519,571,508,-1,508,571,608,-1,508,608,506,-1,506,608,609,-1,506,609,504,-1,504,609,610,-1,504,610,502,-1,502,610,592,-1,502,592,494,-1,494,592,590,-1,494,590,492,-1,492,590,588,-1,492,588,488,-1,488,588,587,-1,488,587,486,-1,486,587,582,-1,486,582,484,-1,484,582,581,-1,484,581,454,-1,454,581,565,-1,844,660,845,-1,845,660,659,-1,845,659,887,-1,887,659,663,-1,887,663,876,-1,876,663,700,-1,876,700,874,-1,874,700,701,-1,874,701,872,-1,872,701,702,-1,872,702,870,-1,870,702,684,-1,870,684,862,-1,862,684,682,-1,862,682,860,-1,860,682,680,-1,860,680,856,-1,856,680,679,-1,856,679,854,-1,854,679,674,-1,854,674,852,-1,852,674,673,-1,852,673,822,-1,822,673,657,-1,568,752,569,-1,569,752,751,-1,569,751,611,-1,611,751,755,-1,611,755,600,-1,600,755,792,-1,600,792,598,-1,598,792,793,-1,598,793,596,-1,596,793,794,-1,596,794,594,-1,594,794,776,-1,594,776,586,-1,586,776,774,-1,586,774,584,-1,584,774,772,-1,584,772,580,-1,580,772,771,-1,580,771,578,-1,578,771,766,-1,578,766,576,-1,576,766,765,-1,576,765,546,-1,546,765,749,-1,752,844,753,-1,753,844,843,-1,753,843,795,-1,795,843,847,-1,795,847,784,-1,784,847,884,-1,784,884,782,-1,782,884,885,-1,782,885,780,-1,780,885,886,-1,780,886,778,-1,778,886,868,-1,778,868,770,-1,770,868,866,-1,770,866,768,-1,768,866,864,-1,768,864,764,-1,764,864,863,-1,764,863,762,-1,762,863,858,-1,762,858,760,-1,760,858,857,-1,760,857,730,-1,730,857,841,-1,914,284,977,-1,977,284,361,-1,977,361,966,-1,966,361,360,-1,966,360,967,-1,967,360,359,-1,967,359,964,-1,964,359,323,-1,964,323,962,-1,962,323,322,-1,962,322,960,-1,960,322,312,-1,960,312,958,-1,958,312,310,-1,958,310,945,-1,945,310,308,-1,945,308,946,-1,946,308,307,-1,946,307,947,-1,947,307,303,-1,947,303,948,-1,948,303,305,-1,948,305,940,-1,940,305,298,-1,67,930,68,-1,68,930,1007,-1,1004,66,1005,-1,1005,66,65,-1,1005,65,1006,-1,1006,65,64,-1,1006,64,1007,-1,1007,64,70,-1,1007,70,68,-1,956,10,1003,-1,1003,10,9,-1,1003,9,1004,-1,1004,9,63,-1,1004,63,66,-1,58,57,953,-1,953,57,56,-1,953,56,955,-1,955,56,61,-1,955,61,956,-1,956,61,59,-1,956,59,10,-1,53,51,950,-1,950,51,952,-1,952,51,50,-1,952,50,953,-1,953,50,55,-1,953,55,58,-1,43,48,941,-1,949,12,950,-1,950,12,49,-1,950,49,53,-1,48,13,941,-1,941,13,12,-1,941,12,943,-1,943,12,949,-1,45,46,940,-1,940,46,47,-1,940,47,941,-1,941,47,44,-1,941,44,43,-1,1166,1167,1168,-1,1166,1169,1167,-1,1167,1169,1170,-1,1167,1170,1171,-1,1171,1170,1172,-1,1171,1172,1173,-1,1173,1172,1174,-1,1173,1174,1175,-1,1175,1174,1176,-1,1176,1177,1175,-1,1175,1177,1178,-1,1175,1178,1179,-1,1179,1178,1180,-1,1179,1180,1181,-1,1181,1180,1182,-1,1181,1182,1183,-1,1182,1184,1183,-1,1183,1184,1185,-1,1183,1185,1186,-1,1185,1187,1186,-1,1186,1187,1188,-1,1186,1188,1189,-1,1189,1188,1190,-1,1189,1190,1191,-1,1191,1190,1192,-1,1191,1192,1193,-1,1193,1192,1194,-1,1194,1195,1193,-1,1193,1195,1196,-1,1193,1196,1197,-1,1197,1196,1198,-1,1197,1198,1199,-1,1199,1198,1200,-1,1199,1200,1201,-1,1200,1202,1201,-1,1201,1202,1203,-1,1201,1203,1204,-1,1203,1205,1204,-1,1204,1205,1206,-1,1204,1206,1207,-1,1207,1206,1208,-1,1207,1208,1209,-1,1209,1208,1210,-1,1209,1210,1211,-1,1211,1210,1212,-1,1212,1213,1211,-1,1211,1213,1214,-1,1211,1214,1215,-1,1215,1214,1216,-1,1215,1216,1217,-1,1217,1216,1218,-1,1217,1218,1219,-1,1218,1220,1219,-1,1219,1220,1221,-1,1219,1221,1222,-1,1221,1223,1222,-1,1222,1223,1224,-1,1222,1224,1225,-1,1225,1224,1226,-1,1225,1226,1227,-1,1227,1226,1228,-1,1227,1228,1229,-1,1229,1228,1230,-1,1230,1231,1229,-1,1229,1231,1232,-1,1229,1232,1233,-1,1233,1232,1234,-1,1233,1234,1235,-1,1235,1234,1236,-1,1235,1236,1237,-1,1236,1238,1237,-1,1237,1238,1239,-1,1237,1239,1240,-1,1239,1241,1240,-1,1240,1241,1242,-1,1240,1242,1243,-1,1243,1242,1244,-1,1243,1244,1245,-1,1245,1244,1246,-1,1245,1246,1247,-1,1247,1246,1248,-1,1248,1249,1247,-1,1247,1249,1250,-1,1247,1250,1251,-1,1251,1250,1252,-1,1251,1252,1253,-1,1253,1252,1254,-1,1253,1254,1255,-1,1254,1256,1255,-1,1255,1256,1257,-1,1255,1257,1258,-1,1257,1259,1258,-1,1258,1259,1260,-1,1258,1260,1261,-1,1261,1260,1262,-1,1261,1262,1263,-1,1263,1262,1264,-1,1263,1264,1265,-1,1265,1264,1266,-1,1266,1267,1265,-1,1265,1267,1268,-1,1265,1268,1269,-1,1269,1268,1270,-1,1269,1270,1271,-1,1271,1270,1272,-1,1271,1272,1168,-1,1168,1272,1273,-1,1168,1273,1166,-1,1269,1274,1265,-1,1265,1274,1275,-1,1265,1275,1263,-1,1263,1275,1276,-1,1263,1276,1261,-1,1261,1276,1277,-1,1261,1277,1258,-1,1258,1277,1278,-1,1258,1278,1255,-1,1255,1278,1279,-1,1255,1279,1253,-1,1253,1279,1280,-1,1253,1280,1251,-1,1251,1280,1281,-1,1251,1281,1247,-1,1247,1281,1282,-1,1247,1282,1245,-1,1245,1282,1283,-1,1245,1283,1243,-1,1243,1283,1284,-1,1243,1284,1240,-1,1240,1284,1285,-1,1240,1285,1237,-1,1237,1285,1286,-1,1237,1286,1235,-1,1235,1286,1287,-1,1235,1287,1233,-1,1233,1287,1288,-1,1233,1288,1229,-1,1229,1288,1289,-1,1229,1289,1227,-1,1227,1289,1290,-1,1227,1290,1225,-1,1225,1290,1291,-1,1225,1291,1222,-1,1222,1291,1292,-1,1222,1292,1219,-1,1219,1292,1293,-1,1219,1293,1217,-1,1217,1293,1294,-1,1217,1294,1215,-1,1215,1294,1295,-1,1215,1295,1211,-1,1211,1295,1296,-1,1211,1296,1209,-1,1209,1296,1297,-1,1209,1297,1207,-1,1207,1297,1298,-1,1207,1298,1204,-1,1204,1298,1299,-1,1204,1299,1201,-1,1201,1299,1300,-1,1201,1300,1199,-1,1199,1300,1301,-1,1199,1301,1197,-1,1197,1301,1302,-1,1197,1302,1193,-1,1193,1302,1303,-1,1193,1303,1191,-1,1191,1303,1304,-1,1191,1304,1189,-1,1189,1304,1305,-1,1189,1305,1186,-1,1186,1305,1306,-1,1186,1306,1183,-1,1183,1306,1307,-1,1183,1307,1181,-1,1181,1307,1308,-1,1181,1308,1179,-1,1179,1308,1309,-1,1179,1309,1175,-1,1175,1309,1310,-1,1175,1310,1173,-1,1173,1310,1311,-1,1173,1311,1171,-1,1171,1311,1312,-1,1171,1312,1167,-1,1167,1312,1313,-1,1167,1313,1168,-1,1168,1313,1314,-1,1168,1314,1271,-1,1271,1314,1315,-1,1271,1315,1269,-1,1269,1315,1274,-1,1315,1316,1274,-1,1274,1316,1317,-1,1274,1317,1275,-1,1275,1317,1318,-1,1275,1318,1276,-1,1276,1318,1319,-1,1276,1319,1277,-1,1277,1319,1320,-1,1277,1320,1278,-1,1278,1320,1321,-1,1278,1321,1279,-1,1279,1321,1322,-1,1279,1322,1280,-1,1280,1322,1323,-1,1280,1323,1281,-1,1281,1323,1324,-1,1281,1324,1282,-1,1282,1324,1325,-1,1282,1325,1283,-1,1283,1325,1326,-1,1283,1326,1284,-1,1284,1326,1327,-1,1284,1327,1285,-1,1285,1327,1328,-1,1285,1328,1286,-1,1286,1328,1329,-1,1286,1329,1287,-1,1287,1329,1330,-1,1287,1330,1288,-1,1288,1330,1331,-1,1288,1331,1289,-1,1289,1331,1332,-1,1289,1332,1290,-1,1290,1332,1333,-1,1290,1333,1291,-1,1291,1333,1334,-1,1291,1334,1292,-1,1292,1334,1335,-1,1292,1335,1293,-1,1293,1335,1336,-1,1293,1336,1294,-1,1294,1336,1337,-1,1294,1337,1295,-1,1295,1337,1338,-1,1295,1338,1296,-1,1296,1338,1339,-1,1296,1339,1297,-1,1297,1339,1340,-1,1297,1340,1298,-1,1298,1340,1341,-1,1298,1341,1299,-1,1299,1341,1342,-1,1299,1342,1300,-1,1300,1342,1343,-1,1300,1343,1301,-1,1301,1343,1344,-1,1301,1344,1302,-1,1302,1344,1345,-1,1302,1345,1303,-1,1303,1345,1346,-1,1303,1346,1304,-1,1304,1346,1347,-1,1304,1347,1305,-1,1305,1347,1348,-1,1305,1348,1306,-1,1306,1348,1349,-1,1306,1349,1307,-1,1307,1349,1350,-1,1307,1350,1308,-1,1308,1350,1351,-1,1308,1351,1309,-1,1309,1351,1352,-1,1309,1352,1310,-1,1310,1352,1353,-1,1310,1353,1311,-1,1311,1353,1354,-1,1311,1354,1312,-1,1312,1354,1355,-1,1312,1355,1313,-1,1313,1355,1356,-1,1313,1356,1314,-1,1314,1356,1357,-1,1314,1357,1315,-1,1315,1357,1316,-1,1357,1358,1316,-1,1316,1358,1359,-1,1316,1359,1317,-1,1317,1359,1360,-1,1317,1360,1318,-1,1318,1360,1361,-1,1318,1361,1319,-1,1319,1361,1362,-1,1319,1362,1320,-1,1320,1362,1363,-1,1320,1363,1321,-1,1321,1363,1364,-1,1321,1364,1322,-1,1322,1364,1365,-1,1322,1365,1323,-1,1323,1365,1366,-1,1323,1366,1324,-1,1324,1366,1367,-1,1324,1367,1325,-1,1325,1367,1368,-1,1325,1368,1326,-1,1326,1368,1369,-1,1326,1369,1327,-1,1327,1369,1370,-1,1327,1370,1328,-1,1328,1370,1371,-1,1328,1371,1329,-1,1329,1371,1372,-1,1329,1372,1330,-1,1330,1372,1373,-1,1330,1373,1331,-1,1331,1373,1374,-1,1331,1374,1332,-1,1332,1374,1375,-1,1332,1375,1333,-1,1333,1375,1376,-1,1333,1376,1334,-1,1334,1376,1377,-1,1334,1377,1335,-1,1335,1377,1378,-1,1335,1378,1336,-1,1336,1378,1379,-1,1336,1379,1337,-1,1337,1379,1380,-1,1337,1380,1338,-1,1338,1380,1381,-1,1338,1381,1339,-1,1339,1381,1382,-1,1339,1382,1340,-1,1340,1382,1383,-1,1340,1383,1341,-1,1341,1383,1384,-1,1341,1384,1342,-1,1342,1384,1385,-1,1342,1385,1343,-1,1343,1385,1386,-1,1343,1386,1344,-1,1344,1386,1387,-1,1344,1387,1345,-1,1345,1387,1388,-1,1345,1388,1346,-1,1346,1388,1389,-1,1346,1389,1347,-1,1347,1389,1390,-1,1347,1390,1348,-1,1348,1390,1391,-1,1348,1391,1349,-1,1349,1391,1392,-1,1349,1392,1350,-1,1350,1392,1393,-1,1350,1393,1351,-1,1351,1393,1394,-1,1351,1394,1352,-1,1352,1394,1395,-1,1352,1395,1353,-1,1353,1395,1396,-1,1353,1396,1354,-1,1354,1396,1397,-1,1354,1397,1355,-1,1355,1397,1398,-1,1355,1398,1356,-1,1356,1398,1399,-1,1356,1399,1357,-1,1357,1399,1358,-1,1399,1400,1358,-1,1358,1400,1401,-1,1358,1401,1359,-1,1359,1401,1402,-1,1359,1402,1360,-1,1360,1402,1403,-1,1360,1403,1361,-1,1361,1403,1404,-1,1361,1404,1362,-1,1362,1404,1405,-1,1362,1405,1363,-1,1363,1405,1406,-1,1363,1406,1364,-1,1364,1406,1407,-1,1364,1407,1365,-1,1365,1407,1408,-1,1365,1408,1366,-1,1366,1408,1409,-1,1366,1409,1367,-1,1367,1409,1410,-1,1367,1410,1368,-1,1368,1410,1411,-1,1368,1411,1369,-1,1369,1411,1412,-1,1369,1412,1370,-1,1370,1412,1413,-1,1370,1413,1371,-1,1371,1413,1414,-1,1371,1414,1372,-1,1372,1414,1415,-1,1372,1415,1373,-1,1373,1415,1416,-1,1373,1416,1374,-1,1374,1416,1417,-1,1374,1417,1375,-1,1375,1417,1418,-1,1375,1418,1376,-1,1376,1418,1419,-1,1376,1419,1377,-1,1377,1419,1420,-1,1377,1420,1378,-1,1378,1420,1421,-1,1378,1421,1379,-1,1379,1421,1422,-1,1379,1422,1380,-1,1380,1422,1423,-1,1380,1423,1381,-1,1381,1423,1424,-1,1381,1424,1382,-1,1382,1424,1425,-1,1382,1425,1383,-1,1383,1425,1426,-1,1383,1426,1384,-1,1384,1426,1427,-1,1384,1427,1385,-1,1385,1427,1428,-1,1385,1428,1386,-1,1386,1428,1429,-1,1386,1429,1387,-1,1387,1429,1430,-1,1387,1430,1388,-1,1388,1430,1431,-1,1388,1431,1389,-1,1389,1431,1432,-1,1389,1432,1390,-1,1390,1432,1433,-1,1390,1433,1391,-1,1391,1433,1434,-1,1391,1434,1392,-1,1392,1434,1435,-1,1392,1435,1393,-1,1393,1435,1436,-1,1393,1436,1394,-1,1394,1436,1437,-1,1394,1437,1395,-1,1395,1437,1438,-1,1395,1438,1396,-1,1396,1438,1439,-1,1396,1439,1397,-1,1397,1439,1440,-1,1397,1440,1398,-1,1398,1440,1441,-1,1398,1441,1399,-1,1399,1441,1400,-1,1441,1442,1400,-1,1400,1442,1443,-1,1400,1443,1401,-1,1401,1443,1444,-1,1401,1444,1402,-1,1402,1444,1445,-1,1402,1445,1403,-1,1403,1445,1446,-1,1403,1446,1404,-1,1404,1446,1447,-1,1404,1447,1405,-1,1405,1447,1448,-1,1405,1448,1406,-1,1406,1448,1449,-1,1406,1449,1407,-1,1407,1449,1450,-1,1407,1450,1408,-1,1408,1450,1451,-1,1408,1451,1409,-1,1409,1451,1452,-1,1409,1452,1410,-1,1410,1452,1453,-1,1410,1453,1411,-1,1411,1453,1454,-1,1411,1454,1412,-1,1412,1454,1455,-1,1412,1455,1413,-1,1413,1455,1456,-1,1413,1456,1414,-1,1414,1456,1457,-1,1414,1457,1415,-1,1415,1457,1458,-1,1415,1458,1416,-1,1416,1458,1459,-1,1416,1459,1417,-1,1417,1459,1460,-1,1417,1460,1418,-1,1418,1460,1461,-1,1418,1461,1419,-1,1419,1461,1462,-1,1419,1462,1420,-1,1420,1462,1463,-1,1420,1463,1421,-1,1421,1463,1464,-1,1421,1464,1422,-1,1422,1464,1465,-1,1422,1465,1423,-1,1423,1465,1466,-1,1423,1466,1424,-1,1424,1466,1467,-1,1424,1467,1425,-1,1425,1467,1468,-1,1425,1468,1426,-1,1426,1468,1469,-1,1426,1469,1427,-1,1427,1469,1470,-1,1427,1470,1428,-1,1428,1470,1471,-1,1428,1471,1429,-1,1429,1471,1472,-1,1429,1472,1430,-1,1430,1472,1473,-1,1430,1473,1431,-1,1431,1473,1474,-1,1431,1474,1432,-1,1432,1474,1475,-1,1432,1475,1433,-1,1433,1475,1476,-1,1433,1476,1434,-1,1434,1476,1477,-1,1434,1477,1435,-1,1435,1477,1478,-1,1435,1478,1436,-1,1436,1478,1479,-1,1436,1479,1437,-1,1437,1479,1480,-1,1437,1480,1438,-1,1438,1480,1481,-1,1438,1481,1439,-1,1439,1481,1482,-1,1439,1482,1440,-1,1440,1482,1483,-1,1440,1483,1441,-1,1441,1483,1442,-1,1483,1484,1442,-1,1442,1484,1485,-1,1442,1485,1443,-1,1443,1485,1486,-1,1443,1486,1444,-1,1444,1486,1487,-1,1444,1487,1445,-1,1445,1487,1488,-1,1445,1488,1446,-1,1446,1488,1489,-1,1446,1489,1447,-1,1447,1489,1490,-1,1447,1490,1448,-1,1448,1490,1491,-1,1448,1491,1449,-1,1449,1491,1492,-1,1449,1492,1450,-1,1450,1492,1493,-1,1450,1493,1451,-1,1451,1493,1494,-1,1451,1494,1452,-1,1452,1494,1495,-1,1452,1495,1453,-1,1453,1495,1496,-1,1453,1496,1454,-1,1454,1496,1497,-1,1454,1497,1455,-1,1455,1497,1498,-1,1455,1498,1456,-1,1456,1498,1499,-1,1456,1499,1457,-1,1457,1499,1500,-1,1457,1500,1458,-1,1458,1500,1501,-1,1458,1501,1459,-1,1459,1501,1502,-1,1459,1502,1460,-1,1460,1502,1503,-1,1460,1503,1461,-1,1461,1503,1504,-1,1461,1504,1462,-1,1462,1504,1505,-1,1462,1505,1463,-1,1463,1505,1506,-1,1463,1506,1464,-1,1464,1506,1507,-1,1464,1507,1465,-1,1465,1507,1508,-1,1465,1508,1466,-1,1466,1508,1509,-1,1466,1509,1467,-1,1467,1509,1510,-1,1467,1510,1468,-1,1468,1510,1511,-1,1468,1511,1469,-1,1469,1511,1512,-1,1469,1512,1470,-1,1470,1512,1513,-1,1470,1513,1471,-1,1471,1513,1514,-1,1471,1514,1472,-1,1472,1514,1515,-1,1472,1515,1473,-1,1473,1515,1516,-1,1473,1516,1474,-1,1474,1516,1517,-1,1474,1517,1475,-1,1475,1517,1518,-1,1475,1518,1476,-1,1476,1518,1519,-1,1476,1519,1477,-1,1477,1519,1520,-1,1477,1520,1478,-1,1478,1520,1521,-1,1478,1521,1479,-1,1479,1521,1522,-1,1479,1522,1480,-1,1480,1522,1523,-1,1480,1523,1481,-1,1481,1523,1524,-1,1481,1524,1482,-1,1482,1524,1525,-1,1482,1525,1483,-1,1483,1525,1484,-1,1525,1526,1484,-1,1484,1526,1527,-1,1484,1527,1485,-1,1485,1527,1528,-1,1485,1528,1486,-1,1486,1528,1529,-1,1486,1529,1487,-1,1487,1529,1530,-1,1487,1530,1488,-1,1488,1530,1531,-1,1488,1531,1489,-1,1489,1531,1532,-1,1489,1532,1490,-1,1490,1532,1533,-1,1490,1533,1491,-1,1491,1533,1534,-1,1491,1534,1492,-1,1492,1534,1535,-1,1492,1535,1493,-1,1493,1535,1536,-1,1493,1536,1494,-1,1494,1536,1537,-1,1494,1537,1495,-1,1495,1537,1538,-1,1495,1538,1496,-1,1496,1538,1539,-1,1496,1539,1497,-1,1497,1539,1540,-1,1497,1540,1498,-1,1498,1540,1541,-1,1498,1541,1499,-1,1499,1541,1542,-1,1499,1542,1500,-1,1500,1542,1543,-1,1500,1543,1501,-1,1501,1543,1544,-1,1501,1544,1502,-1,1502,1544,1545,-1,1502,1545,1503,-1,1503,1545,1546,-1,1503,1546,1504,-1,1504,1546,1547,-1,1504,1547,1505,-1,1505,1547,1548,-1,1505,1548,1506,-1,1506,1548,1549,-1,1506,1549,1507,-1,1507,1549,1550,-1,1507,1550,1508,-1,1508,1550,1551,-1,1508,1551,1509,-1,1509,1551,1552,-1,1509,1552,1510,-1,1510,1552,1553,-1,1510,1553,1511,-1,1511,1553,1554,-1,1511,1554,1512,-1,1512,1554,1555,-1,1512,1555,1513,-1,1513,1555,1556,-1,1513,1556,1514,-1,1514,1556,1557,-1,1514,1557,1515,-1,1515,1557,1558,-1,1515,1558,1516,-1,1516,1558,1559,-1,1516,1559,1517,-1,1517,1559,1560,-1,1517,1560,1518,-1,1518,1560,1561,-1,1518,1561,1519,-1,1519,1561,1562,-1,1519,1562,1520,-1,1520,1562,1563,-1,1520,1563,1521,-1,1521,1563,1564,-1,1521,1564,1522,-1,1522,1564,1565,-1,1522,1565,1523,-1,1523,1565,1566,-1,1523,1566,1524,-1,1524,1566,1567,-1,1524,1567,1525,-1,1525,1567,1526,-1,1527,1526,1568,-1,1568,1526,1567,-1,1568,1567,1566,-1,1530,1529,1568,-1,1568,1529,1528,-1,1568,1528,1527,-1,1533,1532,1568,-1,1568,1532,1531,-1,1568,1531,1530,-1,1536,1535,1568,-1,1568,1535,1534,-1,1568,1534,1533,-1,1539,1538,1568,-1,1568,1538,1537,-1,1568,1537,1536,-1,1542,1541,1568,-1,1568,1541,1540,-1,1568,1540,1539,-1,1545,1544,1568,-1,1568,1544,1543,-1,1568,1543,1542,-1,1548,1547,1568,-1,1568,1547,1546,-1,1568,1546,1545,-1,1551,1550,1568,-1,1568,1550,1549,-1,1568,1549,1548,-1,1554,1553,1568,-1,1568,1553,1552,-1,1568,1552,1551,-1,1557,1556,1568,-1,1568,1556,1555,-1,1568,1555,1554,-1,1560,1559,1568,-1,1568,1559,1558,-1,1568,1558,1557,-1,1563,1562,1568,-1,1568,1562,1561,-1,1568,1561,1560,-1,1566,1565,1568,-1,1568,1565,1564,-1,1568,1564,1563,-1,1267,1569,1570,-1,1262,1571,1264,-1,1264,1571,1569,-1,1264,1569,1266,-1,1266,1569,1267,-1,1262,1260,1571,-1,1571,1260,1259,-1,1571,1259,1572,-1,1572,1259,1257,-1,1572,1257,1573,-1,1573,1257,1256,-1,1256,1254,1573,-1,1573,1254,1252,-1,1573,1252,1574,-1,1252,1250,1574,-1,1574,1250,1249,-1,1574,1249,1575,-1,1244,1576,1246,-1,1246,1576,1575,-1,1246,1575,1248,-1,1248,1575,1249,-1,1244,1242,1576,-1,1576,1242,1241,-1,1576,1241,1577,-1,1577,1241,1239,-1,1577,1239,1578,-1,1578,1239,1238,-1,1238,1236,1578,-1,1578,1236,1234,-1,1578,1234,1579,-1,1234,1232,1579,-1,1579,1232,1231,-1,1579,1231,1580,-1,1226,1581,1228,-1,1228,1581,1580,-1,1228,1580,1230,-1,1230,1580,1231,-1,1226,1224,1581,-1,1581,1224,1223,-1,1581,1223,1582,-1,1582,1223,1221,-1,1582,1221,1583,-1,1583,1221,1220,-1,1220,1218,1583,-1,1583,1218,1216,-1,1583,1216,1584,-1,1216,1214,1584,-1,1584,1214,1213,-1,1584,1213,1585,-1,1208,1586,1210,-1,1210,1586,1585,-1,1210,1585,1212,-1,1212,1585,1213,-1,1208,1206,1586,-1,1586,1206,1205,-1,1586,1205,1587,-1,1587,1205,1203,-1,1587,1203,1588,-1,1588,1203,1202,-1,1202,1200,1588,-1,1588,1200,1198,-1,1588,1198,1589,-1,1198,1196,1589,-1,1589,1196,1195,-1,1589,1195,1590,-1,1190,1591,1192,-1,1192,1591,1590,-1,1192,1590,1194,-1,1194,1590,1195,-1,1190,1188,1591,-1,1591,1188,1187,-1,1591,1187,1592,-1,1592,1187,1185,-1,1592,1185,1593,-1,1593,1185,1184,-1,1184,1182,1593,-1,1593,1182,1180,-1,1593,1180,1594,-1,1180,1178,1594,-1,1594,1178,1177,-1,1594,1177,1595,-1,1172,1596,1174,-1,1174,1596,1595,-1,1174,1595,1176,-1,1176,1595,1177,-1,1172,1170,1596,-1,1596,1170,1169,-1,1596,1169,1597,-1,1597,1169,1166,-1,1597,1166,1598,-1,1598,1166,1273,-1,1273,1272,1598,-1,1598,1272,1270,-1,1598,1270,1570,-1,1570,1270,1268,-1,1570,1268,1267,-1,241,189,239,-1,239,189,121,-1,45,940,298,-1,121,1599,1600,-1,1600,1601,121,-1,121,1601,1602,-1,121,1602,1603,-1,1603,1604,121,-1,121,1604,1605,-1,121,1605,239,-1,1599,121,1606,-1,1606,121,15,-1,1606,15,18,-1,298,1607,45,-1,45,1607,1608,-1,45,1608,1609,-1,1609,1610,45,-1,45,1610,1611,-1,45,1611,1612,-1,1612,1613,45,-1,45,1613,1606,-1,45,1606,42,-1,18,20,1606,-1,1606,20,22,-1,1606,22,24,-1,24,26,1606,-1,1606,26,28,-1,1606,28,30,-1,30,32,1606,-1,1606,32,34,-1,1606,34,36,-1,36,38,1606,-1,1606,38,40,-1,1606,40,42,-1,1009,1614,201,-1,201,1614,4,-1,76,1615,77,-1,77,1615,1616,-1,77,1616,67,-1,76,74,1615,-1,1615,74,72,-1,1615,72,1617,-1,72,71,1617,-1,1617,71,78,-1,1617,78,1618,-1,83,1619,82,-1,82,1619,1618,-1,82,1618,80,-1,80,1618,78,-1,83,85,1619,-1,1619,85,87,-1,1619,87,1620,-1,87,88,1620,-1,1620,88,7,-1,1620,7,1621,-1,91,1622,89,-1,89,1622,1621,-1,89,1621,6,-1,6,1621,7,-1,91,93,1622,-1,1622,93,95,-1,1622,95,1623,-1,4,1614,5,-1,5,1614,1623,-1,5,1623,96,-1,96,1623,95,-1,930,67,931,-1,931,67,1616,-1,916,285,914,-1,914,285,284,-1,270,1624,268,-1,268,1624,1625,-1,1626,1627,1628,-1,1628,1627,1629,-1,1628,1629,202,-1,1626,1630,1627,-1,1627,1630,1631,-1,1627,1631,1632,-1,1631,1633,1632,-1,1632,1633,1634,-1,1632,1634,1635,-1,1636,1637,1638,-1,1638,1637,1635,-1,1638,1635,1639,-1,1639,1635,1634,-1,1636,1640,1637,-1,1637,1640,1641,-1,1637,1641,1642,-1,1641,1643,1642,-1,1642,1643,1644,-1,1642,1644,1645,-1,1646,1647,1648,-1,1648,1647,1645,-1,1648,1645,1649,-1,1649,1645,1644,-1,1646,1650,1647,-1,1647,1650,1651,-1,1647,1651,1652,-1,1625,1624,1653,-1,1653,1624,1652,-1,1653,1652,1654,-1,1654,1652,1651,-1,203,202,1090,-1,1090,202,1629,-1,1076,1023,244,-1,244,1023,245,-1,923,650,647,-1,280,283,472,-1,472,283,285,-1,472,285,363,-1,647,644,923,-1,923,644,641,-1,923,641,920,-1,920,641,639,-1,920,639,380,-1,1076,731,1023,-1,1023,731,840,-1,1023,840,1022,-1,285,916,363,-1,363,916,917,-1,363,917,365,-1,365,917,920,-1,365,920,368,-1,368,920,371,-1,650,923,653,-1,653,923,926,-1,653,926,656,-1,656,926,929,-1,656,929,931,-1,1083,742,739,-1,742,1083,745,-1,745,1083,1086,-1,745,1086,748,-1,748,1086,1089,-1,748,1089,1090,-1,457,455,277,-1,380,377,920,-1,920,377,374,-1,920,374,371,-1,1009,1010,823,-1,823,1010,1013,-1,823,1013,825,-1,825,1013,1016,-1,825,1016,828,-1,828,1016,831,-1,1076,1077,731,-1,731,1077,1080,-1,731,1080,733,-1,733,1080,1083,-1,733,1083,736,-1,736,1083,739,-1,270,271,547,-1,547,271,274,-1,547,274,549,-1,549,274,277,-1,1022,840,1019,-1,1019,840,837,-1,1019,837,1016,-1,1016,837,834,-1,1016,834,831,-1,280,472,277,-1,277,472,469,-1,277,469,466,-1,455,564,277,-1,277,564,561,-1,277,561,558,-1,558,555,277,-1,277,555,552,-1,277,552,549,-1,931,1616,656,-1,656,1616,1615,-1,656,1615,1617,-1,1090,1629,748,-1,748,1629,1627,-1,748,1627,1632,-1,1624,270,1652,-1,1652,270,547,-1,1652,547,1647,-1,1647,547,1645,-1,466,463,277,-1,277,463,460,-1,277,460,457,-1,1614,1009,1623,-1,1623,1009,823,-1,1623,823,1622,-1,1622,823,1621,-1,1632,1635,748,-1,748,1635,1637,-1,748,1637,547,-1,547,1637,1642,-1,547,1642,1645,-1,1617,1618,656,-1,656,1618,1619,-1,656,1619,823,-1,823,1619,1620,-1,823,1620,1621,-1,752,568,1148,-1,1148,568,476,-1,1148,1585,1586,-1,1586,1587,1148,-1,1148,1587,1588,-1,1148,1588,1589,-1,1580,1581,1146,-1,1589,1590,1148,-1,1148,1590,1591,-1,1148,1591,752,-1,752,1591,1592,-1,752,1592,1593,-1,1593,1594,752,-1,752,1594,1595,-1,752,1595,1596,-1,384,660,1146,-1,1146,660,844,-1,1146,844,1577,-1,844,1573,1574,-1,1577,1578,1146,-1,1146,1578,1579,-1,1146,1579,1580,-1,1569,1571,844,-1,844,1571,1572,-1,844,1572,1573,-1,1574,1575,844,-1,844,1575,1576,-1,844,1576,1577,-1,1581,1582,1146,-1,1146,1582,1583,-1,1146,1583,1148,-1,1148,1583,1584,-1,1148,1584,1585,-1,1596,1597,752,-1,752,1597,1598,-1,752,1598,844,-1,844,1598,1570,-1,844,1570,1569,-1,822,657,823,-1,823,657,656,-1,638,381,639,-1,639,381,380,-1,473,472,362,-1,362,472,363,-1,564,455,565,-1,565,455,454,-1,213,212,1655,-1,228,226,1656,-1,242,240,1657,-1,1658,1659,1660,-1,1661,1662,1663,-1,1649,1644,1664,-1,1633,1631,1665,-1,1665,1631,1630,-1,1665,1630,1666,-1,1666,1630,1626,-1,1666,1626,1667,-1,1667,1626,1628,-1,1667,1628,202,-1,1633,1665,1634,-1,1634,1665,1668,-1,1634,1668,1639,-1,1639,1668,1669,-1,1639,1669,1638,-1,1638,1669,1636,-1,1636,1669,1670,-1,1636,1670,1640,-1,1640,1670,1671,-1,1640,1671,1641,-1,1664,1644,1671,-1,1671,1644,1643,-1,1671,1643,1641,-1,1649,1664,1648,-1,1648,1664,1672,-1,1648,1672,1646,-1,1646,1672,1673,-1,1646,1673,1650,-1,1650,1673,1674,-1,1650,1674,1651,-1,1651,1674,1654,-1,1654,1674,1663,-1,1654,1663,1653,-1,1653,1663,1662,-1,1653,1662,1625,-1,1675,1676,1677,-1,1677,1676,1678,-1,1679,1680,1681,-1,1681,1680,1682,-1,1683,1684,1685,-1,1685,1684,1686,-1,1685,1686,1687,-1,1688,1689,1690,-1,1691,1692,1693,-1,1693,1692,1694,-1,1693,1694,1695,-1,1696,1697,1698,-1,1698,1697,1699,-1,1700,1660,1701,-1,1659,1702,1660,-1,1660,1702,1703,-1,1660,1703,1701,-1,1608,1607,1658,-1,1658,1660,1608,-1,1608,1660,1700,-1,1608,1700,1609,-1,1609,1700,1704,-1,1609,1704,1610,-1,1610,1704,1705,-1,1610,1705,1611,-1,1611,1705,1706,-1,1611,1706,1612,-1,1612,1706,1707,-1,1612,1707,1613,-1,1613,1707,1708,-1,1613,1708,1606,-1,1606,1708,1709,-1,1606,1709,1599,-1,1599,1709,1710,-1,1599,1710,1600,-1,1600,1710,1711,-1,1600,1711,1601,-1,1601,1711,1712,-1,1601,1712,1602,-1,1602,1712,1713,-1,1602,1713,1603,-1,1603,1713,1714,-1,1603,1714,1604,-1,1604,1714,1657,-1,1604,1657,1605,-1,1605,1657,240,-1,1605,240,239,-1,234,236,1714,-1,1714,236,238,-1,1714,238,1657,-1,1657,238,243,-1,1657,243,242,-1,226,225,1715,-1,1715,225,232,-1,1715,232,234,-1,228,1656,230,-1,219,218,1716,-1,1716,218,231,-1,1716,231,230,-1,212,224,1717,-1,224,223,1717,-1,1717,223,221,-1,1717,221,219,-1,213,1655,216,-1,207,209,1718,-1,1718,209,217,-1,1718,217,216,-1,202,204,1667,-1,1667,204,206,-1,1667,206,207,-1,207,1718,1667,-1,1667,1718,1719,-1,1667,1719,1666,-1,1666,1719,1720,-1,1666,1720,1665,-1,1665,1720,1721,-1,1665,1721,1668,-1,1668,1721,1722,-1,1668,1722,1669,-1,1669,1722,1723,-1,1669,1723,1670,-1,1670,1723,1724,-1,1670,1724,1671,-1,1671,1724,1725,-1,1671,1725,1664,-1,1664,1725,1726,-1,1664,1726,1672,-1,1672,1726,1727,-1,1672,1727,1673,-1,1673,1727,1728,-1,1673,1728,1674,-1,1674,1728,1677,-1,1674,1677,1663,-1,1663,1677,1678,-1,1663,1678,1661,-1,216,1655,1718,-1,1718,1655,1729,-1,1718,1729,1719,-1,1719,1729,1730,-1,1719,1730,1720,-1,1720,1730,1731,-1,1720,1731,1721,-1,1721,1731,1732,-1,1721,1732,1722,-1,1722,1732,1733,-1,1722,1733,1723,-1,1723,1733,1734,-1,1723,1734,1724,-1,1724,1734,1735,-1,1724,1735,1725,-1,1725,1735,1736,-1,1725,1736,1726,-1,1726,1736,1737,-1,1726,1737,1727,-1,1727,1737,1738,-1,1727,1738,1728,-1,1728,1738,1681,-1,1728,1681,1677,-1,1677,1681,1682,-1,1677,1682,1675,-1,212,1717,1655,-1,1655,1717,1739,-1,1655,1739,1729,-1,1729,1739,1740,-1,1729,1740,1730,-1,1730,1740,1741,-1,1730,1741,1731,-1,1731,1741,1742,-1,1731,1742,1732,-1,1732,1742,1743,-1,1732,1743,1733,-1,1733,1743,1744,-1,1733,1744,1734,-1,1734,1744,1745,-1,1734,1745,1735,-1,1735,1745,1746,-1,1735,1746,1736,-1,1736,1746,1747,-1,1736,1747,1737,-1,1737,1747,1748,-1,1737,1748,1738,-1,1738,1748,1685,-1,1738,1685,1681,-1,1681,1685,1687,-1,1681,1687,1679,-1,219,1716,1717,-1,1717,1716,1749,-1,1717,1749,1739,-1,1739,1749,1750,-1,1739,1750,1740,-1,1740,1750,1751,-1,1740,1751,1741,-1,1741,1751,1752,-1,1741,1752,1742,-1,1742,1752,1753,-1,1742,1753,1743,-1,1743,1753,1754,-1,1743,1754,1744,-1,1744,1754,1755,-1,1744,1755,1745,-1,1745,1755,1756,-1,1745,1756,1746,-1,1746,1756,1757,-1,1746,1757,1747,-1,1747,1757,1758,-1,1747,1758,1748,-1,1748,1758,1688,-1,1748,1688,1685,-1,1685,1688,1690,-1,1685,1690,1683,-1,230,1656,1716,-1,1716,1656,1759,-1,1716,1759,1749,-1,1749,1759,1760,-1,1749,1760,1750,-1,1750,1760,1761,-1,1750,1761,1751,-1,1751,1761,1762,-1,1751,1762,1752,-1,1752,1762,1763,-1,1752,1763,1753,-1,1753,1763,1764,-1,1753,1764,1754,-1,1754,1764,1765,-1,1754,1765,1755,-1,1755,1765,1766,-1,1755,1766,1756,-1,1756,1766,1767,-1,1756,1767,1757,-1,1757,1767,1768,-1,1757,1768,1758,-1,1758,1768,1693,-1,1758,1693,1688,-1,1688,1693,1695,-1,1688,1695,1689,-1,226,1715,1656,-1,1656,1715,1769,-1,1656,1769,1759,-1,1759,1769,1770,-1,1759,1770,1760,-1,1760,1770,1771,-1,1760,1771,1761,-1,1761,1771,1772,-1,1761,1772,1762,-1,1762,1772,1773,-1,1762,1773,1763,-1,1763,1773,1774,-1,1763,1774,1764,-1,1764,1774,1775,-1,1764,1775,1765,-1,1765,1775,1776,-1,1765,1776,1766,-1,1766,1776,1777,-1,1766,1777,1767,-1,1767,1777,1778,-1,1767,1778,1768,-1,1768,1778,1698,-1,1768,1698,1693,-1,1693,1698,1699,-1,1693,1699,1691,-1,234,1714,1715,-1,1715,1714,1713,-1,1715,1713,1769,-1,1769,1713,1712,-1,1769,1712,1770,-1,1770,1712,1711,-1,1770,1711,1771,-1,1771,1711,1710,-1,1771,1710,1772,-1,1772,1710,1709,-1,1772,1709,1773,-1,1773,1709,1708,-1,1773,1708,1774,-1,1774,1708,1707,-1,1774,1707,1775,-1,1775,1707,1706,-1,1775,1706,1776,-1,1776,1706,1705,-1,1776,1705,1777,-1,1777,1705,1704,-1,1777,1704,1778,-1,1778,1704,1700,-1,1778,1700,1698,-1,1698,1700,1701,-1,1698,1701,1696,-1,1687,1686,316,-1,1691,1699,302,-1,300,1659,298,-1,298,1659,1658,-1,298,1658,1607,-1,1701,1703,300,-1,300,1703,1702,-1,300,1702,1659,-1,302,1699,301,-1,301,1699,1697,-1,301,1697,299,-1,299,1697,300,-1,300,1697,1696,-1,300,1696,1701,-1,316,1686,314,-1,314,1686,1684,-1,314,1684,292,-1,292,1684,1683,-1,292,1683,1690,-1,1690,1689,292,-1,292,1689,1695,-1,292,1695,293,-1,293,1695,1694,-1,293,1694,302,-1,302,1694,1692,-1,302,1692,1691,-1,319,321,1676,-1,1676,321,325,-1,1676,325,1678,-1,1678,325,326,-1,1678,326,1661,-1,1676,1675,319,-1,319,1675,1682,-1,319,1682,318,-1,318,1682,1680,-1,318,1680,316,-1,316,1680,1679,-1,316,1679,1687,-1,1661,326,1662,-1,1662,326,268,-1,1662,268,1625,-1,
        ]
    }
}
Shape{
    appearance Appearance {
        material  Material {
            diffuseColor 0.6666666666666666 0.6666666666666666 0.6666666666666666
            specularColor 0.4666666666666667 0.4666666666666667 0.4666666666666667
            ambientIntensity 0.6667
            transparency 0.0
            shininess 0.5
        }
    }
    geometry IndexedFaceSet {
        ccw TRUE
        solid FALSE
        coord DEF co Coordinate {
            point [
                0.689 0.1772 0.0, 0.4921 0.1772 0.0, 0.689 0.4134 0.0, 0.4921 0.4134 0.0, 0.7224 0.4134 0.0185, 0.7224 0.1772 0.0185, 0.7175 0.1772 0.0122, 0.7175 0.4134 0.0122, 0.7114 0.1772 0.007, 0.7114 0.4134 0.007, 0.7045 0.1772 0.0032, 0.7045 0.4134 0.0032, 0.6969 0.1772 0.0008, 0.6969 0.4134 0.0008, 0.4921 0.1772 0.0394, 0.4921 0.4134 0.0394, 0.789 0.1772 0.1252, 0.789 0.2165 0.1252, 0.8454 0.2165 0.2154, 0.8454 0.4134 0.2154, 0.812 0.4134 0.2362, 0.812 0.2165 0.2362, 0.7557 0.2165 0.1461, 0.689 0.4134 0.0394, 0.7557 0.1772 0.1461, 0.689 0.1772 0.0394, -0.689 -0.1772 0.0, -0.4921 -0.1772 0.0, -0.689 -0.4134 0.0, -0.4921 -0.4134 0.0, -0.7224 -0.4134 0.0185, -0.7224 -0.1772 0.0185, -0.7175 -0.1772 0.0122, -0.7175 -0.4134 0.0122, -0.7114 -0.1772 0.007, -0.7114 -0.4134 0.007, -0.7045 -0.1772 0.0032, -0.7045 -0.4134 0.0032, -0.6969 -0.1772 0.0008, -0.6969 -0.4134 0.0008, -0.4921 -0.1772 0.0394, -0.4921 -0.4134 0.0394, -0.789 -0.1772 0.1252, -0.789 -0.2165 0.1252, -0.8454 -0.2165 0.2154, -0.8454 -0.4134 0.2154, -0.812 -0.4134 0.2362, -0.812 -0.2165 0.2362, -0.7557 -0.2165 0.1461, -0.689 -0.4134 0.0394, -0.7557 -0.1772 0.1461, -0.689 -0.1772 0.0394, 0.7557 -0.1772 0.1461, 0.7557 -0.2165 0.1461, 0.789 -0.1772 0.1252, 0.789 -0.2165 0.1252, 0.812 -0.2165 0.2362, 0.8454 -0.2165 0.2154, 0.4921 -0.4134 0.0, 0.4921 -0.4134 0.0394, 0.4921 -0.1772 0.0, 0.4921 -0.1772 0.0394, 0.689 -0.4134 0.0, 0.689 -0.1772 0.0, 0.689 -0.4134 0.0394, 0.689 -0.1772 0.0394, 0.8454 -0.4134 0.2154, 0.812 -0.4134 0.2362, 0.7224 -0.4134 0.0185, 0.6969 -0.4134 0.0008, 0.7045 -0.4134 0.0032, 0.7114 -0.4134 0.007, 0.7175 -0.4134 0.0122, 0.7224 -0.1772 0.0185, 0.7175 -0.1772 0.0122, 0.7114 -0.1772 0.007, 0.7045 -0.1772 0.0032, 0.6969 -0.1772 0.0008, -0.7557 0.1772 0.1461, -0.7557 0.2165 0.1461, -0.789 0.1772 0.1252, -0.789 0.2165 0.1252, -0.812 0.2165 0.2362, -0.8454 0.2165 0.2154, -0.4921 0.4134 0.0, -0.4921 0.4134 0.0394, -0.4921 0.1772 0.0, -0.4921 0.1772 0.0394, -0.689 0.4134 0.0, -0.689 0.1772 0.0, -0.689 0.4134 0.0394, -0.689 0.1772 0.0394, -0.8454 0.4134 0.2154, -0.812 0.4134 0.2362, -0.7224 0.4134 0.0185, -0.6969 0.4134 0.0008, -0.7045 0.4134 0.0032, -0.7114 0.4134 0.007, -0.7175 0.4134 0.0122, -0.7224 0.1772 0.0185, -0.7175 0.1772 0.0122, -0.7114 0.1772 0.007, -0.7045 0.1772 0.0032, -0.6969 0.1772 0.0008, 0.4927 -0.3757 0.5315, 0.4927 -0.4011 0.5315, 0.5041 -0.4011 0.5315, 0.5682 -0.4211 0.5315, 0.5772 -0.4211 0.5315, 0.5772 -0.413 0.5315, 0.5374 -0.4499 0.5315, 0.537 -0.4499 0.5315, 0.5438 -0.4499 0.5315, 0.5498 -0.4554 0.5315, 0.5505 -0.4547 0.5315, 0.5505 -0.4499 0.5315, 0.5478 -0.4011 0.5315, 0.5478 -0.4043 0.5315, 0.5505 -0.413 0.5315, 0.5438 -0.413 0.5315, 0.5471 -0.379 0.5315, 0.5505 -0.3755 0.5315, 0.5471 -0.3757 0.5315, 0.5438 -0.3755 0.5315, 0.5438 -0.3757 0.5315, 0.5361 -0.3915 0.5315, 0.5361 -0.4011 0.5315, 0.5438 -0.3915 0.5315, 0.5438 -0.4011 0.5315, 0.5463 -0.3915 0.5315, 0.5463 -0.3882 0.5315, 0.5361 -0.379 0.5315, 0.5361 -0.3882 0.5315, 0.5438 -0.379 0.5315, 0.5438 -0.3882 0.5315, 0.5324 -0.3757 0.5315, 0.5307 -0.3755 0.5315, 0.5324 -0.4043 0.5315, 0.5821 -0.4043 0.5315, 0.578 -0.4043 0.5315, 0.5849 -0.3965 0.5315, 0.5863 -0.413 0.5315, 0.6038 -0.4043 0.5315, 0.5997 -0.4043 0.5315, 0.5863 -0.3965 0.5315, 0.5968 -0.3965 0.5315, 0.689 -0.413 0.5315, 0.689 -0.3755 0.5315, 0.5929 -0.3757 0.5315, 0.5863 -0.3755 0.5315, 0.5889 -0.3757 0.5315, 0.5863 -0.3827 0.5315, 0.5266 -0.3764 0.5315, 0.5236 -0.3755 0.5315, 0.5229 -0.3755 0.5315, 0.5438 -0.4043 0.5315, 0.5307 -0.413 0.5315, 0.5266 -0.3803 0.5315, 0.5199 -0.3786 0.5315, 0.5186 -0.3786 0.5315, 0.5167 -0.4013 0.5315, 0.5193 -0.4015 0.5315, 0.5206 -0.4015 0.5315, 0.5263 -0.3801 0.5315, 0.5238 -0.4009 0.5315, 0.5266 -0.3996 0.5315, 0.5266 -0.4031 0.5315, 0.5262 -0.4034 0.5315, 0.5127 -0.3993 0.5315, 0.5092 -0.3916 0.5315, 0.5119 -0.3985 0.5315, 0.5096 -0.3944 0.5315, 0.5106 -0.3967 0.5315, 0.5234 -0.379 0.5315, 0.5162 -0.3792 0.5315, 0.5139 -0.3802 0.5315, 0.5121 -0.3818 0.5315, 0.5119 -0.382 0.5315, 0.5105 -0.384 0.5315, 0.5096 -0.3864 0.5315, 0.5091 -0.3904 0.5315, 0.5146 -0.4005 0.5315, 0.5231 -0.4044 0.5315, 0.5187 -0.4048 0.5315, 0.5065 -0.413 0.5315, 0.5165 -0.4047 0.5315, 0.5135 -0.404 0.5315, 0.5109 -0.4026 0.5315, 0.5089 -0.4009 0.5315, 0.5087 -0.4006 0.5315, 0.5199 -0.3753 0.5315, 0.5307 -0.3612 0.5315, 0.5179 -0.3755 0.5315, 0.5065 -0.3612 0.5315, 0.5065 -0.3755 0.5315, 0.5073 -0.3822 0.5315, 0.5094 -0.3795 0.5315, 0.5101 -0.3788 0.5315, 0.5128 -0.3769 0.5315, 0.5157 -0.3758 0.5315, 0.507 -0.3982 0.5315, 0.5065 -0.3971 0.5315, 0.5048 -0.413 0.5315, 0.5048 -0.3755 0.5315, 0.5059 -0.3853 0.5315, 0.5065 -0.384 0.5315, 0.5058 -0.3952 0.5315, 0.5052 -0.3906 0.5315, 0.5053 -0.3891 0.5315, 0.5764 -0.3915 0.5315, 0.5757 -0.3948 0.5315, 0.5742 -0.3978 0.5315, 0.5721 -0.4003 0.5315, 0.5663 -0.3755 0.5315, 0.5663 -0.3764 0.5315, 0.5772 -0.3755 0.5315, 0.5691 -0.3775 0.5315, 0.5749 -0.383 0.5315, 0.576 -0.3857 0.5315, 0.5764 -0.3897 0.5315, 0.5721 -0.3795 0.5315, 0.5731 -0.3805 0.5315, 0.5691 -0.4025 0.5315, 0.5663 -0.4036 0.5315, 0.5663 -0.413 0.5315, 0.5659 -0.4037 0.5315, 0.561 -0.4043 0.5315, 0.5532 -0.4043 0.5315, 0.5532 -0.3757 0.5315, 0.5613 -0.3757 0.5315, 0.5657 -0.3762 0.5315, 0.5085 -0.441 0.5315, 0.5093 -0.4399 0.5315, 0.5098 -0.4342 0.5315, 0.5176 -0.4494 0.5315, 0.5162 -0.4499 0.5315, 0.5206 -0.4497 0.5315, 0.5188 -0.4486 0.5315, 0.5108 -0.4494 0.5315, 0.5065 -0.4499 0.5315, 0.5121 -0.4499 0.5315, 0.5122 -0.4499 0.5315, 0.5084 -0.4471 0.5315, 0.508 -0.4459 0.5315, 0.5078 -0.4442 0.5315, 0.5205 -0.4295 0.5315, 0.5296 -0.4324 0.5315, 0.5303 -0.4314 0.5315, 0.5104 -0.439 0.5315, 0.5119 -0.4382 0.5315, 0.512 -0.4328 0.5315, 0.5146 -0.4376 0.5315, 0.5177 -0.4318 0.5315, 0.5165 -0.4317 0.5315, 0.5142 -0.432 0.5315, 0.5095 -0.4486 0.5315, 0.5092 -0.4482 0.5315, 0.5206 -0.4465 0.5315, 0.5205 -0.4465 0.5315, 0.52 -0.4474 0.5315, 0.5078 -0.4438 0.5315, 0.508 -0.4422 0.5315, 0.5132 -0.4292 0.5315, 0.5168 -0.4288 0.5315, 0.519 -0.429 0.5315, 0.5098 -0.4307 0.5315, 0.5105 -0.4303 0.5315, 0.5217 -0.4301 0.5315, 0.5226 -0.4311 0.5315, 0.5292 -0.4335 0.5315, 0.5234 -0.4322 0.5315, 0.5239 -0.4339 0.5315, 0.5206 -0.4367 0.5315, 0.5205 -0.4351 0.5315, 0.5201 -0.4339 0.5315, 0.5197 -0.4331 0.5315, 0.5307 -0.4386 0.5315, 0.5291 -0.4453 0.5315, 0.5307 -0.4387 0.5315, 0.5304 -0.4461 0.5315, 0.5307 -0.4462 0.5315, 0.5301 -0.438 0.5315, 0.5296 -0.4373 0.5315, 0.5242 -0.4366 0.5315, 0.5292 -0.4362 0.5315, 0.5291 -0.4348 0.5315, 0.5192 -0.4325 0.5315, 0.5185 -0.4321 0.5315, 0.5143 -0.4502 0.5315, 0.5065 -0.4613 0.5315, 0.5161 -0.45 0.5315, 0.5307 -0.4613 0.5315, 0.4225 -0.2559 0.5315, 0.41 -0.2722 0.5315, 0.4773 -0.3612 0.5315, 0.3937 -0.2847 0.5315, 0.3747 0.2926 0.5315, 0.3937 0.2847 0.5315, 0.4773 0.4921 0.5315, 0.41 0.2722 0.5315, 0.4225 0.2559 0.5315, 0.4304 0.2369 0.5315, 0.1507 -0.3207 0.5315, 0.1023 -0.3392 0.5315, 0.0517 -0.3505 0.5315, 0.4331 0.2165 0.5315, 0.4331 -0.2165 0.5315, 0.4304 -0.2369 0.5315, 0.1959 -0.2953 0.5315, 0.3543 -0.2953 0.5315, 0.3747 -0.2926 0.5315, 0.1507 0.3207 0.5315, 0.1959 0.2953 0.5315, 0.3543 0.2953 0.5315, -0.0486 0.4921 0.5315, 0.0517 0.3505 0.5315, 0.1023 0.3392 0.5315, -0.689 -0.2953 0.5315, -0.689 -0.3612 0.5315, -0.6102 -0.2953 0.5315, -0.6 -0.2939 0.5315, -0.0517 0.3505 0.5315, -0.0486 0.3508 0.5315, 0.0 0.3543 0.5315, -0.5761 -0.2756 0.5315, -0.5824 -0.2837 0.5315, -0.0486 -0.3612 0.5315, -0.5906 -0.29 0.5315, -0.5315 0.4921 0.5315, -0.3937 0.2847 0.5315, -0.3747 0.2926 0.5315, -0.1507 -0.3207 0.5315, -0.1959 -0.2953 0.5315, -0.3543 -0.2953 0.5315, -0.3543 0.2953 0.5315, -0.1959 0.2953 0.5315, -0.1507 0.3207 0.5315, 0.0 -0.3543 0.5315, -0.0486 -0.3508 0.5315, -0.0517 -0.3505 0.5315, -0.1023 -0.3392 0.5315, -0.5722 -0.2661 0.5315, -0.4331 0.2165 0.5315, -0.4304 0.2369 0.5315, -0.5719 0.2647 0.5315, -0.5748 0.273 0.5315, -0.1023 0.3392 0.5315, -0.3747 -0.2926 0.5315, -0.3937 -0.2847 0.5315, -0.41 -0.2722 0.5315, -0.5795 0.2805 0.5315, -0.4225 0.2559 0.5315, -0.5857 0.2867 0.5315, -0.689 0.2953 0.5315, -0.6102 0.2953 0.5315, -0.689 0.4921 0.5315, -0.6015 0.2943 0.5315, -0.5932 0.2914 0.5315, -0.41 0.2722 0.5315, -0.5709 0.2559 0.5315, -0.5709 0.1181 0.5315, -0.4331 -0.2165 0.5315, -0.4225 -0.2559 0.5315, -0.4304 -0.2369 0.5315, -0.5709 -0.2559 0.5315, -0.5709 -0.1181 0.5315, 0.689 0.2953 0.5315, 0.689 0.4921 0.5315, 0.6102 0.2953 0.5315, 0.5863 0.4921 0.5315, 0.6 0.2939 0.5315, 0.5906 0.29 0.5315, 0.5772 0.4921 0.5315, 0.5824 0.2837 0.5315, 0.5863 0.2867 0.5315, 0.5772 -0.3612 0.5315, 0.5772 -0.277 0.5315, 0.5663 -0.3612 0.5315, 0.5761 -0.2756 0.5315, 0.5709 0.1181 0.5315, 0.5709 0.2559 0.5315, 0.5663 0.4921 0.5315, 0.5722 0.2661 0.5315, 0.5761 0.2756 0.5315, 0.5772 0.277 0.5315, 0.5722 -0.2661 0.5315, 0.5709 -0.2559 0.5315, 0.5709 -0.1181 0.5315, 0.6 -0.2939 0.5315, 0.5906 -0.29 0.5315, 0.5863 -0.3612 0.5315, 0.5863 -0.2867 0.5315, 0.5824 -0.2837 0.5315, 0.689 -0.3612 0.5315, 0.689 -0.2953 0.5315, 0.6102 -0.2953 0.5315, 0.5606 -0.4293 0.5315, 0.5643 -0.4293 0.5315, 0.5663 -0.4499 0.5315, 0.5541 -0.4446 0.5315, 0.5545 -0.4463 0.5315, 0.5546 -0.4463 0.5315, 0.5505 -0.4342 0.5315, 0.555 -0.4447 0.5315, 0.5548 -0.4456 0.5315, 0.5505 -0.4439 0.5315, 0.5447 -0.4293 0.5315, 0.5487 -0.4293 0.5315, 0.5527 -0.4497 0.5315, 0.5526 -0.4499 0.5315, 0.5512 -0.4534 0.5315, 0.5438 -0.4613 0.5315, 0.5455 -0.459 0.5315, 0.5455 -0.4558 0.5315, 0.5505 -0.4587 0.5315, 0.5492 -0.4592 0.5315, 0.5505 -0.4613 0.5315, 0.5478 -0.4593 0.5315, 0.547 -0.4593 0.5315, 0.5475 -0.4563 0.5315, 0.5484 -0.4561 0.5315, 0.5492 -0.4558 0.5315, 0.5551 -0.4528 0.5315, 0.5534 -0.4559 0.5315, 0.5663 -0.4613 0.5315, 0.5562 -0.4499 0.5315, 0.5521 -0.4575 0.5315, 0.5519 -0.4577 0.5315, 0.5506 -0.4586 0.5315, 0.5325 -0.4298 0.5315, 0.5345 -0.4291 0.5315, 0.5417 -0.4408 0.5315, 0.5423 -0.4418 0.5315, 0.5419 -0.4332 0.5315, 0.5314 -0.4304 0.5315, 0.5422 -0.4467 0.5315, 0.5416 -0.4477 0.5315, 0.5307 -0.431 0.5315, 0.5427 -0.4428 0.5315, 0.5429 -0.4441 0.5315, 0.5427 -0.4456 0.5315, 0.537 -0.4288 0.5315, 0.5419 -0.4297 0.5315, 0.5395 -0.429 0.5315, 0.5406 -0.4486 0.5315, 0.5394 -0.4492 0.5315, 0.5367 -0.4317 0.5315, 0.5356 -0.4318 0.5315, 0.5328 -0.4345 0.5315, 0.5347 -0.4321 0.5315, 0.5339 -0.4325 0.5315, 0.5328 -0.4349 0.5315, 0.5329 -0.4355 0.5315, 0.5332 -0.436 0.5315, 0.5336 -0.4364 0.5315, 0.5348 -0.4372 0.5315, 0.539 -0.432 0.5315, 0.537 -0.4381 0.5315, 0.5411 -0.4327 0.5315, 0.5384 -0.4387 0.5315, 0.5408 -0.44 0.5315, 0.5333 -0.433 0.5315, 0.533 -0.4334 0.5315, 0.5328 -0.4339 0.5315, 0.5327 -0.447 0.5315, 0.5345 -0.4407 0.5315, 0.5324 -0.4397 0.5315, 0.535 -0.4473 0.5315, 0.5351 -0.4473 0.5315, 0.5369 -0.4417 0.5315, 0.5369 -0.4471 0.5315, 0.5392 -0.4445 0.5315, 0.5391 -0.4441 0.5315, 0.5379 -0.4467 0.5315, 0.5382 -0.4465 0.5315, 0.5386 -0.4462 0.5315, 0.5389 -0.4457 0.5315, 0.5391 -0.4452 0.5315, 0.539 -0.4435 0.5315, 0.5387 -0.443 0.5315, 0.5383 -0.4426 0.5315, 0.5291 -0.449 0.5315, 0.5242 -0.4497 0.5315, 0.5307 -0.4496 0.5315, 0.5307 -0.4499 0.5315, 0.5313 -0.4498 0.5315, 0.5325 -0.4499 0.5315, 0.5346 -0.4502 0.5315, 0.5462 -0.4561 0.5315, 0.4263 -0.373 0.5315, 0.4299 -0.3755 0.5315, 0.4773 -0.3755 0.5315, 0.4345 -0.3786 0.5315, 0.4413 -0.3867 0.5315, 0.4639 -0.413 0.5315, 0.4773 -0.413 0.5315, 0.4621 -0.4085 0.5315, 0.458 -0.4027 0.5315, 0.4525 -0.398 0.5315, 0.4454 -0.3947 0.5315, 0.4464 -0.395 0.5315, 0.4068 -0.3681 0.5315, 0.4162 -0.3692 0.5315, 0.3879 -0.3726 0.5315, 0.3974 -0.3691 0.5315, 0.3832 -0.3755 0.5315, -0.0486 -0.3755 0.5315, 0.3824 -0.376 0.5315, -0.0486 -0.413 0.5315, 0.3364 -0.413 0.5315, 0.3373 -0.4079 0.5315, 0.3405 -0.4006 0.5315, 0.3454 -0.3943 0.5315, 0.3608 -0.3855 0.5315, 0.3688 -0.3845 0.5315, 0.3776 -0.3801 0.5315, 0.3711 -0.3847 0.5315, 0.3735 -0.3849 0.5315, 0.3468 -0.393 0.5315, 0.3532 -0.3884 0.5315, 0.3581 -0.4486 0.5315, 0.3507 -0.445 0.5315, -0.0486 -0.4499 0.5315, 0.3444 -0.4396 0.5315, 0.3397 -0.433 0.5315, 0.3368 -0.4254 0.5315, 0.3358 -0.4175 0.5315, 0.3359 -0.4155 0.5315, 0.3606 -0.4494 0.5315, 0.3609 -0.4499 0.5315, 0.3627 -0.4538 0.5315, 0.3657 -0.4575 0.5315, 0.4773 -0.4613 0.5315, 0.3884 -0.4613 0.5315, 0.4773 -0.4921 0.5315, 0.3849 -0.4626 0.5315, 0.38 -0.4632 0.5315, 0.3792 -0.4632 0.5315, -0.0486 -0.4921 0.5315, 0.3744 -0.4625 0.5315, -0.0486 -0.4613 0.5315, 0.3716 -0.4613 0.5315, 0.3697 -0.4605 0.5315, 0.4773 -0.4499 0.5315, 0.399 -0.4499 0.5315, 0.399 -0.45 0.5315, 0.3966 -0.4546 0.5315, 0.3935 -0.4581 0.5315, 0.3894 -0.4609 0.5315, 0.425 -0.4379 0.5315, 0.4264 -0.4374 0.5315, 0.4288 -0.4258 0.5315, 0.458 -0.4407 0.5315, 0.4525 -0.4453 0.5315, 0.3952 -0.4293 0.5315, 0.4225 -0.415 0.5315, 0.3917 -0.426 0.5315, 0.3873 -0.4237 0.5315, 0.4237 -0.4388 0.5315, 0.4621 -0.435 0.5315, 0.4529 -0.4198 0.5315, 0.4519 -0.4158 0.5315, 0.4503 -0.413 0.5315, 0.3492 -0.413 0.5315, 0.4646 -0.4147 0.5315, 0.4656 -0.4213 0.5315, 0.4646 -0.4286 0.5315, 0.4279 -0.4372 0.5315, 0.4281 -0.4372 0.5315, 0.4288 -0.4373 0.5315, 0.3504 -0.4252 0.5315, 0.3528 -0.4293 0.5315, 0.3631 -0.4314 0.5315, 0.3564 -0.433 0.5315, 0.3608 -0.4358 0.5315, 0.3706 -0.4247 0.5315, 0.3665 -0.4276 0.5315, 0.3486 -0.4171 0.5315, 0.3489 -0.4202 0.5315, 0.3751 -0.4229 0.5315, 0.38 -0.4224 0.5315, 0.3824 -0.4225 0.5315, 0.4216 -0.4435 0.5315, 0.4217 -0.4427 0.5315, 0.4003 -0.4409 0.5315, 0.4221 -0.4411 0.5315, 0.4229 -0.4398 0.5315, 0.4488 -0.4323 0.5315, 0.4511 -0.4291 0.5315, 0.4525 -0.4255 0.5315, 0.453 -0.4215 0.5315, 0.4264 -0.4496 0.5315, 0.4251 -0.4491 0.5315, 0.4237 -0.4481 0.5315, 0.4233 -0.4477 0.5315, 0.4224 -0.4464 0.5315, 0.4218 -0.445 0.5315, 0.4002 -0.445 0.5315, 0.4003 -0.4429 0.5315, 0.4463 -0.4484 0.5315, 0.4395 -0.4498 0.5315, 0.4275 -0.4498 0.5315, 0.4292 -0.4374 0.5315, 0.4383 -0.4374 0.5315, 0.442 -0.4367 0.5315, 0.4456 -0.435 0.5315, 0.4486 -0.4326 0.5315, 0.4311 -0.3935 0.5315, 0.4265 -0.388 0.5315, 0.3798 -0.3998 0.5315, 0.426 -0.3875 0.5315, 0.4203 -0.3836 0.5315, 0.3829 -0.3933 0.5315, 0.3783 -0.399 0.5315, 0.3738 -0.3973 0.5315, 0.45 -0.4123 0.5315, 0.4477 -0.4097 0.5315, 0.4371 -0.4057 0.5315, 0.4445 -0.4075 0.5315, 0.441 -0.4062 0.5315, 0.4355 -0.4057 0.5315, 0.4342 -0.4 0.5315, 0.3618 -0.398 0.5315, 0.3573 -0.4004 0.5315, 0.3669 -0.3968 0.5315, 0.3538 -0.4036 0.5315, 0.351 -0.4076 0.5315, 0.3874 -0.3879 0.5315, 0.4139 -0.3811 0.5315, 0.3929 -0.3839 0.5315, 0.407 -0.3803 0.5315, 0.3995 -0.3812 0.5315, 0.369 -0.3967 0.5315, 0.3493 -0.4121 0.5315, 0.5829 -0.4211 0.5315, 0.5829 -0.4244 0.5315, 0.5836 -0.4464 0.5315, 0.5863 -0.4499 0.5315, 0.5836 -0.4497 0.5315, 0.5772 -0.4499 0.5315, 0.5719 -0.4368 0.5315, 0.5719 -0.4464 0.5315, 0.5772 -0.4368 0.5315, 0.5772 -0.4464 0.5315, 0.5821 -0.4368 0.5315, 0.5821 -0.4335 0.5315, 0.5772 -0.4335 0.5315, 0.5772 -0.4244 0.5315, 0.5719 -0.4335 0.5315, 0.5719 -0.4244 0.5315, 0.5772 -0.4497 0.5315, 0.5682 -0.4497 0.5315, 0.6179 -0.4497 0.5315, 0.6138 -0.4497 0.5315, 0.6355 -0.4497 0.5315, 0.6326 -0.4419 0.5315, 0.6207 -0.4419 0.5315, 0.6396 -0.4497 0.5315, 0.689 -0.4499 0.5315, 0.6287 -0.4211 0.5315, 0.6115 -0.4402 0.5315, 0.6122 -0.4369 0.5315, 0.6247 -0.4211 0.5315, 0.6123 -0.435 0.5315, 0.6118 -0.4311 0.5315, 0.6101 -0.4432 0.5315, 0.6079 -0.4457 0.5315, 0.6049 -0.4478 0.5315, 0.589 -0.4211 0.5315, 0.589 -0.4497 0.5315, 0.5968 -0.4497 0.5315, 0.6017 -0.4491 0.5315, 0.6079 -0.4249 0.5315, 0.609 -0.4259 0.5315, 0.6107 -0.4284 0.5315, 0.5971 -0.4211 0.5315, 0.6015 -0.4216 0.5315, 0.6049 -0.4228 0.5315, 0.689 -0.4613 0.5315, 0.5863 -0.4613 0.5315, 0.5772 -0.4613 0.5315, 0.5505 -0.3612 0.5315, 0.5505 0.4921 0.5315, 0.5438 -0.3612 0.5315, 0.689 -0.4921 0.5315, 0.5863 -0.4921 0.5315, 0.5772 -0.4921 0.5315, 0.5663 -0.4921 0.5315, 0.5505 -0.4921 0.5315, 0.5438 -0.4921 0.5315, 0.5315 -0.4921 0.5315, 0.5307 -0.4921 0.5315, 0.5065 -0.4921 0.5315, 0.5048 -0.4921 0.5315, 0.5048 -0.4613 0.5315, 0.5048 -0.4499 0.5315, 0.5044 -0.4464 0.5315, 0.5044 -0.4497 0.5315, 0.489 -0.4497 0.5315, 0.5037 -0.4244 0.5315, 0.489 -0.4211 0.5315, 0.5037 -0.4211 0.5315, 0.4927 -0.4368 0.5315, 0.4927 -0.4464 0.5315, 0.5029 -0.4368 0.5315, 0.5029 -0.4335 0.5315, 0.4927 -0.4335 0.5315, 0.4927 -0.4244 0.5315, 0.489 -0.4043 0.5315, 0.489 -0.3757 0.5315, 0.5041 -0.4043 0.5315, 0.5048 -0.3612 0.5315, 0.5438 0.4921 0.5315, 0.5315 0.4921 0.5315, 0.5307 0.4921 0.5315, 0.5065 0.4921 0.5315, 0.5048 0.4921 0.5315, -0.689 -0.4613 0.5315, -0.689 -0.4921 0.5315, -0.5315 -0.4921 0.5315, -0.689 -0.3755 0.5315, -0.689 -0.413 0.5315, -0.689 -0.4499 0.5315, -0.6102 -0.1181 0.3346, -0.6496 -0.1181 0.3346, -0.6496 -0.1154 0.3143, -0.6102 -0.1154 0.3143, -0.6496 -0.1076 0.2953, -0.6102 -0.1076 0.2953, -0.6496 -0.095 0.279, -0.6102 -0.095 0.279, -0.6496 -0.0787 0.2665, -0.6102 -0.0787 0.2665, -0.6496 -0.0597 0.2586, -0.6102 -0.0597 0.2586, -0.6496 -0.0394 0.2559, -0.6102 -0.0394 0.2559, -0.6102 0.0394 0.2559, -0.6496 0.0394 0.2559, -0.6496 0.0597 0.2586, -0.6102 0.0597 0.2586, -0.6496 0.0787 0.2665, -0.6102 0.0787 0.2665, -0.6496 0.095 0.279, -0.6102 0.095 0.279, -0.6496 0.1076 0.2953, -0.6102 0.1076 0.2953, -0.6496 0.1154 0.3143, -0.6102 0.1154 0.3143, -0.6496 0.1181 0.3346, -0.6102 0.1181 0.3346, -0.6496 -0.1181 0.4528, -0.6496 0.1181 0.4528, 0.689 -0.2953 0.4921, 0.689 -0.4921 0.4921, 0.6102 -0.2953 0.4921, 0.5315 -0.4921 0.4921, 0.6 -0.2939 0.4921, 0.6 0.2939 0.4921, 0.5906 0.29 0.4921, 0.5315 0.4921 0.4921, 0.5824 0.2837 0.4921, -0.5315 0.4921 0.4921, 0.689 0.4921 0.4921, 0.689 0.2953 0.4921, 0.6102 0.2953 0.4921, -0.6 -0.2939 0.4921, -0.5906 -0.29 0.4921, -0.5315 -0.4921 0.4921, -0.5824 -0.2837 0.4921, -0.5761 -0.2756 0.4921, -0.5722 -0.2661 0.4921, -0.4304 -0.2369 0.4921, -0.4225 -0.2559 0.4921, -0.689 -0.4921 0.4921, -0.689 -0.2953 0.4921, -0.6102 -0.2953 0.4921, 0.1507 -0.3207 0.4921, 0.1959 -0.2953 0.4921, 0.3543 -0.2953 0.4921, -0.3747 0.2926 0.4921, -0.3937 0.2847 0.4921, -0.4331 -0.2165 0.4921, 0.5722 -0.2661 0.4921, 0.0517 -0.3505 0.4921, 0.1023 -0.3392 0.4921, -0.4304 0.2369 0.4921, -0.4331 0.2165 0.4921, -0.5709 0.2559 0.4921, -0.41 -0.2722 0.4921, -0.3937 -0.2847 0.4921, -0.3747 -0.2926 0.4921, 0.4331 0.2165 0.4921, 0.4304 0.2369 0.4921, 0.5722 0.2661 0.4921, 0.4225 0.2559 0.4921, 0.41 0.2722 0.4921, -0.689 0.4921 0.4921, -0.41 0.2722 0.4921, -0.4225 0.2559 0.4921, 0.3747 -0.2926 0.4921, 0.3937 -0.2847 0.4921, 0.41 -0.2722 0.4921, -0.5709 -0.2559 0.4921, -0.5709 -0.1181 0.4921, -0.5709 0.1181 0.4921, 0.0517 0.3505 0.4921, 0.0 0.3543 0.4921, -0.5719 0.2647 0.4921, -0.5748 0.273 0.4921, -0.689 0.2953 0.4921, -0.6102 0.2953 0.4921, -0.6015 0.2943 0.4921, -0.1959 -0.2953 0.4921, -0.1507 -0.3207 0.4921, -0.3543 -0.2953 0.4921, -0.1023 -0.3392 0.4921, -0.0517 0.3505 0.4921, -0.1023 0.3392 0.4921, -0.1507 0.3207 0.4921, -0.0517 -0.3505 0.4921, 0.0 -0.3543 0.4921, 0.5761 -0.2756 0.4921, 0.5824 -0.2837 0.4921, 0.5906 -0.29 0.4921, 0.5709 0.2559 0.4921, 0.5709 0.1181 0.4921, 0.4331 -0.2165 0.4921, -0.1959 0.2953 0.4921, -0.3543 0.2953 0.4921, 0.4225 -0.2559 0.4921, 0.4304 -0.2369 0.4921, 0.5709 -0.2559 0.4921, 0.5709 -0.1181 0.4921, -0.5795 0.2805 0.4921, -0.5857 0.2867 0.4921, -0.5932 0.2914 0.4921, 0.5761 0.2756 0.4921, 0.1023 0.3392 0.4921, 0.1959 0.2953 0.4921, 0.1507 0.3207 0.4921, 0.3543 0.2953 0.4921, 0.3747 0.2926 0.4921, 0.3937 0.2847 0.4921, 0.5957 -0.4859 0.0394, 0.6734 -0.4576 0.122, 0.6092 -0.5229 0.0394, 0.6869 -0.4946 0.122, -0.6734 -0.4576 0.122, -0.5957 -0.4859 0.0394, -0.6869 -0.4946 0.122, -0.6092 -0.5229 0.0394, -0.5957 0.4859 0.0394, -0.6734 0.4576 0.122, -0.6092 0.5229 0.0394, -0.6869 0.4946 0.122, 0.6734 0.4576 0.122, 0.5957 0.4859 0.0394, 0.6869 0.4946 0.122, 0.6092 0.5229 0.0394, -0.5811 -0.1181 0.4908, -0.5912 -0.1181 0.5288, -0.5906 -0.1181 0.4869, -0.6102 -0.1181 0.5209, -0.5987 -0.1181 0.4806, -0.6265 -0.1181 0.5084, -0.605 -0.1181 0.4724, -0.6391 -0.1181 0.4921, -0.6089 -0.1181 0.4629, -0.6469 -0.1181 0.4731, -0.6102 -0.1181 0.4528, -0.5245 0.5512 0.1969, -0.5245 0.5512 0.0394, -0.5314 0.5506 0.0394, -0.5314 0.5506 0.1969, -0.5381 0.5488 0.0394, -0.5381 0.5488 0.1969, -0.5246 0.5118 0.1969, -0.5246 0.5118 0.0394, -0.5246 0.5118 0.1969, -0.5246 0.5118 0.0394, -0.5245 0.5118 0.1969, -0.5245 0.5118 0.0394, -0.6869 0.4946 0.1969, -0.6734 0.4576 0.1969, -0.5245 0.5118 0.1972, -0.5245 0.5512 0.1972, -0.5315 0.5512 0.1972, -0.5315 0.5118 0.1972, 0.5245 0.5512 0.0394, 0.5245 0.5512 0.1969, 0.5314 0.5506 0.1969, 0.5314 0.5506 0.0394, 0.5381 0.5488 0.1969, 0.5381 0.5488 0.0394, 0.5246 0.5118 0.0394, 0.5246 0.5118 0.1969, 0.5246 0.5118 0.0394, 0.5246 0.5118 0.1969, 0.5245 0.5118 0.0394, 0.5245 0.5118 0.1969, 0.6734 0.4576 0.1969, 0.6869 0.4946 0.1969, 0.5315 0.5512 0.1972, 0.5315 0.5118 0.1972, 0.5245 0.5512 0.1972, 0.5245 0.5118 0.1972, -0.3937 0.5118 0.315, -0.3937 0.5118 0.1181, -0.3937 0.5512 0.315, -0.3937 0.5512 0.1181, -0.3543 0.5512 0.3543, -0.3543 0.5118 0.3543, -0.3645 0.5512 0.353, -0.3645 0.5118 0.353, -0.374 0.5512 0.3491, -0.374 0.5118 0.3491, -0.3822 0.5512 0.3428, -0.3822 0.5118 0.3428, -0.3884 0.5512 0.3346, -0.3884 0.5118 0.3346, -0.3924 0.5512 0.3252, -0.3924 0.5118 0.3252, -0.3346 0.5118 0.3543, -0.3346 0.5512 0.3543, -0.2953 0.5512 0.315, -0.2953 0.5118 0.315, -0.2966 0.5512 0.3252, -0.2966 0.5118 0.3252, -0.3005 0.5512 0.3346, -0.3005 0.5118 0.3346, -0.3068 0.5512 0.3428, -0.3068 0.5118 0.3428, -0.315 0.5512 0.3491, -0.315 0.5118 0.3491, -0.3245 0.5512 0.353, -0.3245 0.5118 0.353, -0.2953 0.5118 0.2756, -0.2953 0.5512 0.2756, 0.2953 0.5118 0.2756, 0.2953 0.5512 0.2756, 0.2953 0.5118 0.315, 0.2953 0.5512 0.315, 0.3346 0.5512 0.3543, 0.3346 0.5118 0.3543, 0.3245 0.5512 0.353, 0.3245 0.5118 0.353, 0.315 0.5512 0.3491, 0.315 0.5118 0.3491, 0.3068 0.5512 0.3428, 0.3068 0.5118 0.3428, 0.3005 0.5512 0.3346, 0.3005 0.5118 0.3346, 0.2966 0.5512 0.3252, 0.2966 0.5118 0.3252, 0.3543 0.5118 0.3543, 0.3543 0.5512 0.3543, 0.3937 0.5512 0.315, 0.3937 0.5118 0.315, 0.3924 0.5512 0.3252, 0.3924 0.5118 0.3252, 0.3884 0.5512 0.3346, 0.3884 0.5118 0.3346, 0.3822 0.5512 0.3428, 0.3822 0.5118 0.3428, 0.374 0.5512 0.3491, 0.374 0.5118 0.3491, 0.3645 0.5512 0.353, 0.3645 0.5118 0.353, 0.3937 0.5118 0.1181, 0.3937 0.5512 0.1181, 0.4724 0.5512 0.0394, 0.4724 0.5118 0.0394, 0.4521 0.5118 0.0421, 0.4521 0.5512 0.0421, 0.4331 0.5118 0.0499, 0.4331 0.5512 0.0499, 0.4168 0.5118 0.0624, 0.4168 0.5512 0.0624, 0.4042 0.5118 0.0787, 0.4042 0.5512 0.0787, 0.3964 0.5118 0.0977, 0.3964 0.5512 0.0977, -0.3964 0.5118 0.0977, -0.3964 0.5512 0.0977, -0.4042 0.5118 0.0787, -0.4042 0.5512 0.0787, -0.4168 0.5118 0.0624, -0.4168 0.5512 0.0624, -0.4331 0.5118 0.0499, -0.4331 0.5512 0.0499, -0.4521 0.5118 0.0421, -0.4521 0.5512 0.0421, -0.4724 0.5118 0.0394, -0.4724 0.5512 0.0394, -0.5315 0.5512 0.4724, 0.5315 0.5512 0.4724, -0.5315 0.5492 0.4877, 0.5315 0.5492 0.4877, -0.5315 0.5433 0.502, 0.5315 0.5433 0.502, -0.5315 0.5339 0.5142, 0.5315 0.5339 0.5142, -0.5315 0.5217 0.5236, 0.5315 0.5217 0.5236, -0.5315 0.5074 0.5295, 0.5315 0.5074 0.5295, 0.5315 0.4972 0.4915, -0.5315 0.4972 0.4915, 0.5315 0.502 0.4895, -0.5315 0.502 0.4895, 0.5315 0.506 0.4864, -0.5315 0.506 0.4864, 0.5315 0.5092 0.4823, -0.5315 0.5092 0.4823, 0.5315 0.5111 0.4775, -0.5315 0.5111 0.4775, 0.5315 0.5118 0.4724, -0.5315 0.5118 0.4724, -0.5245 -0.5512 0.0394, -0.5245 -0.5512 0.1969, -0.5314 -0.5506 0.1969, -0.5314 -0.5506 0.0394, -0.5381 -0.5488 0.1969, -0.5381 -0.5488 0.0394, -0.5246 -0.5118 0.0394, -0.5246 -0.5118 0.1969, -0.5246 -0.5118 0.0394, -0.5246 -0.5118 0.1969, -0.5245 -0.5118 0.0394, -0.5245 -0.5118 0.1969, -0.6734 -0.4576 0.1969, -0.6869 -0.4946 0.1969, -0.5315 -0.5512 0.1972, -0.5315 -0.5118 0.1972, -0.5245 -0.5512 0.1972, -0.5245 -0.5118 0.1972, 0.5245 -0.5512 0.1969, 0.5245 -0.5512 0.0394, 0.5314 -0.5506 0.0394, 0.5314 -0.5506 0.1969, 0.5381 -0.5488 0.0394, 0.5381 -0.5488 0.1969, 0.5246 -0.5118 0.1969, 0.5246 -0.5118 0.0394, 0.5246 -0.5118 0.1969, 0.5246 -0.5118 0.0394, 0.5245 -0.5118 0.1969, 0.5245 -0.5118 0.0394, 0.6734 -0.4576 0.1969, 0.6869 -0.4946 0.1969, 0.5245 -0.5118 0.1972, 0.5245 -0.5512 0.1972, 0.5315 -0.5512 0.1972, 0.5315 -0.5118 0.1972, 0.3937 -0.5512 0.1181, 0.3937 -0.5118 0.1181, 0.3964 -0.5118 0.0977, 0.3964 -0.5512 0.0977, 0.4042 -0.5118 0.0787, 0.4042 -0.5512 0.0787, 0.4168 -0.5118 0.0624, 0.4168 -0.5512 0.0624, 0.4331 -0.5118 0.0499, 0.4331 -0.5512 0.0499, 0.4521 -0.5118 0.0421, 0.4521 -0.5512 0.0421, 0.4724 -0.5118 0.0394, 0.4724 -0.5512 0.0394, 0.3937 -0.5118 0.315, 0.3937 -0.5512 0.315, 0.3543 -0.5512 0.3543, 0.3543 -0.5118 0.3543, 0.3645 -0.5512 0.353, 0.3645 -0.5118 0.353, 0.374 -0.5512 0.3491, 0.374 -0.5118 0.3491, 0.3822 -0.5512 0.3428, 0.3822 -0.5118 0.3428, 0.3884 -0.5512 0.3346, 0.3884 -0.5118 0.3346, 0.3924 -0.5512 0.3252, 0.3924 -0.5118 0.3252, 0.3346 -0.5118 0.3543, 0.3346 -0.5512 0.3543, 0.2953 -0.5512 0.315, 0.2953 -0.5118 0.315, 0.2966 -0.5512 0.3252, 0.2966 -0.5118 0.3252, 0.3005 -0.5512 0.3346, 0.3005 -0.5118 0.3346, 0.3068 -0.5512 0.3428, 0.3068 -0.5118 0.3428, 0.315 -0.5512 0.3491, 0.315 -0.5118 0.3491, 0.3245 -0.5512 0.353, 0.3245 -0.5118 0.353, 0.2953 -0.5118 0.2756, 0.2953 -0.5512 0.2756, -0.2953 -0.5118 0.2756, -0.2953 -0.5512 0.2756, -0.2953 -0.5118 0.315, -0.2953 -0.5512 0.315, -0.3346 -0.5512 0.3543, -0.3346 -0.5118 0.3543, -0.3245 -0.5512 0.353, -0.3245 -0.5118 0.353, -0.315 -0.5512 0.3491, -0.315 -0.5118 0.3491, -0.3068 -0.5512 0.3428, -0.3068 -0.5118 0.3428, -0.3005 -0.5512 0.3346, -0.3005 -0.5118 0.3346, -0.2966 -0.5512 0.3252, -0.2966 -0.5118 0.3252, -0.3543 -0.5118 0.3543, -0.3543 -0.5512 0.3543, -0.3937 -0.5512 0.315, -0.3937 -0.5118 0.315, -0.3924 -0.5512 0.3252, -0.3924 -0.5118 0.3252, -0.3884 -0.5512 0.3346, -0.3884 -0.5118 0.3346, -0.3822 -0.5512 0.3428, -0.3822 -0.5118 0.3428, -0.374 -0.5512 0.3491, -0.374 -0.5118 0.3491, -0.3645 -0.5512 0.353, -0.3645 -0.5118 0.353, -0.3937 -0.5118 0.1181, -0.3937 -0.5512 0.1181, -0.4724 -0.5512 0.0394, -0.4724 -0.5118 0.0394, -0.4521 -0.5118 0.0421, -0.4521 -0.5512 0.0421, -0.4331 -0.5118 0.0499, -0.4331 -0.5512 0.0499, -0.4168 -0.5118 0.0624, -0.4168 -0.5512 0.0624, -0.4042 -0.5118 0.0787, -0.4042 -0.5512 0.0787, -0.3964 -0.5118 0.0977, -0.3964 -0.5512 0.0977, -0.5315 -0.5074 0.5295, 0.5315 -0.5074 0.5295, -0.5315 -0.5217 0.5236, 0.5315 -0.5217 0.5236, -0.5315 -0.5339 0.5142, 0.5315 -0.5339 0.5142, -0.5315 -0.5433 0.502, 0.5315 -0.5433 0.502, -0.5315 -0.5492 0.4877, 0.5315 -0.5492 0.4877, -0.5315 -0.5512 0.4724, 0.5315 -0.5512 0.4724, -0.5315 -0.5118 0.4724, 0.5315 -0.5118 0.4724, 0.5315 -0.5111 0.4775, -0.5315 -0.5111 0.4775, 0.5315 -0.5092 0.4823, -0.5315 -0.5092 0.4823, 0.5315 -0.506 0.4864, -0.5315 -0.506 0.4864, 0.5315 -0.502 0.4895, -0.5315 -0.502 0.4895, 0.5315 -0.4972 0.4915, -0.5315 -0.4972 0.4915, 0.6102 0.1181 0.3346, 0.6496 0.1181 0.3346, 0.6496 0.1154 0.3143, 0.6102 0.1154 0.3143, 0.6496 0.1076 0.2953, 0.6102 0.1076 0.2953, 0.6496 0.095 0.279, 0.6102 0.095 0.279, 0.6496 0.0787 0.2665, 0.6102 0.0787 0.2665, 0.6496 0.0597 0.2586, 0.6102 0.0597 0.2586, 0.6496 0.0394 0.2559, 0.6102 0.0394 0.2559, 0.6102 -0.0394 0.2559, 0.6496 -0.0394 0.2559, 0.6496 -0.0597 0.2586, 0.6102 -0.0597 0.2586, 0.6496 -0.0787 0.2665, 0.6102 -0.0787 0.2665, 0.6496 -0.095 0.279, 0.6102 -0.095 0.279, 0.6496 -0.1076 0.2953, 0.6102 -0.1076 0.2953, 0.6496 -0.1154 0.3143, 0.6102 -0.1154 0.3143, 0.6496 -0.1181 0.3346, 0.6102 -0.1181 0.3346, 0.5912 -0.1181 0.5288, 0.5912 0.1181 0.5288, 0.6102 -0.1181 0.5209, 0.6102 0.1181 0.5209, 0.6265 -0.1181 0.5084, 0.6265 0.1181 0.5084, 0.6391 -0.1181 0.4921, 0.6391 0.1181 0.4921, 0.6469 -0.1181 0.4731, 0.6469 0.1181 0.4731, 0.6496 -0.1181 0.4528, 0.6496 0.1181 0.4528, 0.6102 0.1181 0.4528, 0.6102 -0.1181 0.4528, 0.6089 0.1181 0.4629, 0.6089 -0.1181 0.4629, 0.605 0.1181 0.4724, 0.605 -0.1181 0.4724, 0.5987 0.1181 0.4806, 0.5987 -0.1181 0.4806, 0.5906 0.1181 0.4869, 0.5906 -0.1181 0.4869, 0.5811 0.1181 0.4908, 0.5811 -0.1181 0.4908, -0.6469 0.1181 0.4731, -0.6391 0.1181 0.4921, -0.6265 0.1181 0.5084, -0.6102 0.1181 0.5209, -0.5912 0.1181 0.5288, -0.6102 0.1181 0.4528, -0.5811 0.1181 0.4908, -0.5906 0.1181 0.4869, -0.5987 0.1181 0.4806, -0.605 0.1181 0.4724, -0.6089 0.1181 0.4629
            ]
        }
        coordIndex [
            0,1,2,-1,2,1,3,-1,4,5,6,-1,4,6,7,-1,7,6,8,-1,7,8,9,-1,9,8,10,-1,9,10,11,-1,11,10,12,-1,11,12,13,-1,13,12,0,-1,13,0,2,-1,1,14,3,-1,3,14,15,-1,16,5,17,-1,17,5,4,-1,17,4,18,-1,18,4,19,-1,19,20,18,-1,18,20,21,-1,21,20,22,-1,22,20,23,-1,22,23,24,-1,24,23,25,-1,14,25,15,-1,15,25,23,-1,3,15,2,-1,2,15,23,-1,2,23,13,-1,20,19,23,-1,23,19,4,-1,23,4,7,-1,7,9,23,-1,23,9,11,-1,23,11,13,-1,25,14,1,-1,16,24,5,-1,5,24,25,-1,1,0,25,-1,25,0,12,-1,25,12,10,-1,10,8,25,-1,25,8,6,-1,25,6,5,-1,21,22,18,-1,18,22,17,-1,22,24,17,-1,17,24,16,-1,26,27,28,-1,28,27,29,-1,30,31,32,-1,30,32,33,-1,33,32,34,-1,33,34,35,-1,35,34,36,-1,35,36,37,-1,37,36,38,-1,37,38,39,-1,39,38,26,-1,39,26,28,-1,27,40,29,-1,29,40,41,-1,42,31,43,-1,43,31,30,-1,43,30,44,-1,44,30,45,-1,45,46,44,-1,44,46,47,-1,47,46,48,-1,48,46,49,-1,48,49,50,-1,50,49,51,-1,40,51,41,-1,41,51,49,-1,29,41,28,-1,28,41,49,-1,28,49,39,-1,46,45,49,-1,49,45,30,-1,49,30,33,-1,33,35,49,-1,49,35,37,-1,49,37,39,-1,40,27,51,-1,51,27,26,-1,26,38,51,-1,51,38,36,-1,51,36,34,-1,42,50,31,-1,31,50,51,-1,31,51,32,-1,32,51,34,-1,47,48,44,-1,44,48,43,-1,48,50,43,-1,43,50,42,-1,52,53,54,-1,54,53,55,-1,53,56,55,-1,55,56,57,-1,58,59,60,-1,60,59,61,-1,62,58,63,-1,63,58,60,-1,59,64,61,-1,61,64,65,-1,64,59,58,-1,66,67,68,-1,68,67,64,-1,58,62,64,-1,64,62,69,-1,64,69,70,-1,70,71,64,-1,64,71,72,-1,64,72,68,-1,52,65,53,-1,53,65,64,-1,53,64,56,-1,56,64,67,-1,56,67,57,-1,57,67,66,-1,57,66,55,-1,55,66,68,-1,55,68,54,-1,54,68,73,-1,73,68,72,-1,73,72,74,-1,74,72,71,-1,74,71,75,-1,75,71,70,-1,75,70,76,-1,76,70,69,-1,76,69,77,-1,77,69,62,-1,77,62,63,-1,60,61,63,-1,63,61,65,-1,63,65,77,-1,52,54,65,-1,65,54,73,-1,65,73,74,-1,74,75,65,-1,65,75,76,-1,65,76,77,-1,78,79,80,-1,80,79,81,-1,79,82,81,-1,81,82,83,-1,84,85,86,-1,86,85,87,-1,88,84,89,-1,89,84,86,-1,85,90,87,-1,87,90,91,-1,90,85,84,-1,92,93,94,-1,94,93,90,-1,84,88,90,-1,90,88,95,-1,90,95,96,-1,96,97,90,-1,90,97,98,-1,90,98,94,-1,78,91,79,-1,79,91,90,-1,79,90,82,-1,82,90,93,-1,82,93,83,-1,83,93,92,-1,83,92,81,-1,81,92,94,-1,81,94,80,-1,80,94,99,-1,99,94,98,-1,99,98,100,-1,100,98,97,-1,100,97,101,-1,101,97,96,-1,101,96,102,-1,102,96,95,-1,102,95,103,-1,103,95,88,-1,103,88,89,-1,86,87,89,-1,89,87,91,-1,89,91,103,-1,78,80,91,-1,91,80,99,-1,91,99,100,-1,100,101,91,-1,91,101,102,-1,91,102,103,-1,104,105,106,-1,107,108,109,-1,110,111,112,-1,113,114,115,-1,116,117,118,-1,118,117,119,-1,120,121,122,-1,122,121,123,-1,122,123,124,-1,125,126,127,-1,127,126,128,-1,127,128,129,-1,129,128,116,-1,129,116,130,-1,131,132,133,-1,133,132,134,-1,133,134,120,-1,124,123,135,-1,135,123,136,-1,135,136,137,-1,138,139,109,-1,140,138,141,-1,142,143,141,-1,140,141,144,-1,144,141,143,-1,144,143,145,-1,146,147,148,-1,148,147,149,-1,148,149,150,-1,150,149,151,-1,152,136,153,-1,153,136,154,-1,155,137,156,-1,156,137,136,-1,156,136,157,-1,157,136,152,-1,158,159,160,-1,161,162,163,-1,163,162,164,-1,163,164,157,-1,157,164,165,-1,157,165,156,-1,156,165,166,-1,156,166,167,-1,168,169,170,-1,170,169,171,-1,170,171,172,-1,161,163,160,-1,160,163,173,-1,160,173,158,-1,159,174,160,-1,160,174,175,-1,160,175,176,-1,176,177,160,-1,160,177,178,-1,160,178,179,-1,179,180,160,-1,160,180,169,-1,160,169,181,-1,181,169,168,-1,167,182,156,-1,156,182,183,-1,156,183,184,-1,184,183,185,-1,184,185,186,-1,186,187,184,-1,184,187,188,-1,184,188,189,-1,190,191,192,-1,192,191,193,-1,194,195,196,-1,196,197,194,-1,194,197,198,-1,194,198,199,-1,189,200,184,-1,184,200,201,-1,184,201,202,-1,203,204,194,-1,194,204,205,-1,194,205,195,-1,201,206,202,-1,202,206,207,-1,202,207,203,-1,203,207,208,-1,203,208,204,-1,209,210,109,-1,109,210,211,-1,109,211,212,-1,213,214,215,-1,215,214,216,-1,217,218,215,-1,215,218,219,-1,216,220,215,-1,215,220,221,-1,215,221,217,-1,151,149,139,-1,139,149,215,-1,139,215,109,-1,109,215,219,-1,109,219,209,-1,222,223,224,-1,224,223,225,-1,226,227,118,-1,118,227,121,-1,118,121,116,-1,116,121,120,-1,116,120,130,-1,130,120,134,-1,227,228,121,-1,121,228,229,-1,121,229,213,-1,213,229,230,-1,213,230,214,-1,231,232,233,-1,234,235,236,-1,234,236,237,-1,238,239,240,-1,240,239,241,-1,242,243,239,-1,239,243,244,-1,245,246,247,-1,232,248,233,-1,233,248,249,-1,233,249,250,-1,250,249,251,-1,252,253,251,-1,251,253,254,-1,251,254,250,-1,238,255,239,-1,239,255,256,-1,239,256,242,-1,257,258,236,-1,236,258,259,-1,236,259,237,-1,184,260,261,-1,262,263,184,-1,184,263,264,-1,231,233,261,-1,261,233,265,-1,261,265,184,-1,184,265,266,-1,184,266,262,-1,245,267,246,-1,246,267,268,-1,246,268,269,-1,269,268,270,-1,269,270,271,-1,272,273,251,-1,251,273,274,-1,251,274,275,-1,276,277,278,-1,278,277,279,-1,278,279,280,-1,281,282,283,-1,283,282,284,-1,283,284,271,-1,271,284,285,-1,271,285,269,-1,275,286,251,-1,251,286,287,-1,251,287,252,-1,288,289,290,-1,290,289,291,-1,290,291,235,-1,292,293,294,-1,294,293,295,-1,296,297,298,-1,297,299,298,-1,298,299,300,-1,298,300,301,-1,302,303,294,-1,294,303,304,-1,305,306,294,-1,294,306,307,-1,294,307,292,-1,308,302,309,-1,309,302,294,-1,309,294,310,-1,310,294,295,-1,311,312,298,-1,298,312,313,-1,298,313,296,-1,314,315,298,-1,298,315,316,-1,298,316,311,-1,317,318,319,-1,319,318,320,-1,321,322,314,-1,314,322,323,-1,314,323,315,-1,324,325,326,-1,326,325,327,-1,326,327,320,-1,328,329,330,-1,331,332,333,-1,334,335,336,-1,337,338,326,-1,326,338,339,-1,339,340,326,-1,326,340,341,-1,326,341,324,-1,342,343,344,-1,344,343,345,-1,330,334,328,-1,328,334,336,-1,328,336,314,-1,314,336,346,-1,314,346,321,-1,331,333,340,-1,340,333,347,-1,340,347,341,-1,341,347,348,-1,341,348,349,-1,345,343,350,-1,350,343,351,-1,350,351,352,-1,353,354,355,-1,355,354,356,-1,355,356,357,-1,329,328,358,-1,358,328,355,-1,358,355,351,-1,351,355,357,-1,351,357,352,-1,344,359,342,-1,342,359,360,-1,342,360,361,-1,349,362,341,-1,341,362,363,-1,341,363,364,-1,364,363,361,-1,364,361,365,-1,365,361,360,-1,366,367,368,-1,368,367,369,-1,368,369,370,-1,370,369,371,-1,372,373,369,-1,369,373,374,-1,369,374,371,-1,375,376,377,-1,377,376,378,-1,379,380,381,-1,380,382,381,-1,381,382,383,-1,381,383,372,-1,372,383,384,-1,372,384,373,-1,378,385,377,-1,377,385,386,-1,377,386,387,-1,388,389,390,-1,390,389,391,-1,390,391,375,-1,375,391,392,-1,375,392,376,-1,393,394,390,-1,390,394,395,-1,390,395,388,-1,396,397,224,-1,224,397,398,-1,399,400,401,-1,225,226,224,-1,224,226,118,-1,224,118,396,-1,396,118,402,-1,396,402,403,-1,403,402,399,-1,403,399,404,-1,404,399,401,-1,115,405,112,-1,112,405,406,-1,112,406,119,-1,119,406,118,-1,118,406,407,-1,118,407,402,-1,408,405,409,-1,409,405,115,-1,409,115,410,-1,410,115,114,-1,411,412,413,-1,414,415,416,-1,416,415,417,-1,416,417,411,-1,411,417,418,-1,411,418,412,-1,419,420,115,-1,115,420,421,-1,115,421,113,-1,422,423,424,-1,422,424,425,-1,423,426,424,-1,424,426,427,-1,424,427,416,-1,416,427,428,-1,416,428,414,-1,429,430,156,-1,431,432,433,-1,429,156,434,-1,112,435,436,-1,264,245,184,-1,184,245,247,-1,184,247,156,-1,156,247,437,-1,156,437,434,-1,438,439,112,-1,112,439,440,-1,112,440,435,-1,430,441,156,-1,156,441,119,-1,156,119,155,-1,155,119,117,-1,432,438,433,-1,433,438,112,-1,433,112,442,-1,442,112,119,-1,442,119,443,-1,443,119,441,-1,436,444,112,-1,112,444,445,-1,112,445,110,-1,446,447,448,-1,448,447,449,-1,448,449,450,-1,448,451,446,-1,446,451,452,-1,446,452,453,-1,453,454,446,-1,446,454,455,-1,446,455,456,-1,456,455,457,-1,456,457,458,-1,458,457,459,-1,458,459,433,-1,433,459,460,-1,433,460,431,-1,461,462,450,-1,450,462,463,-1,450,463,448,-1,464,465,280,-1,280,465,466,-1,280,466,278,-1,464,467,465,-1,465,467,468,-1,465,468,469,-1,469,468,470,-1,469,471,472,-1,470,473,469,-1,469,473,474,-1,469,474,475,-1,475,476,469,-1,469,476,477,-1,469,477,471,-1,472,478,469,-1,469,478,479,-1,469,479,480,-1,276,281,277,-1,277,281,283,-1,277,283,481,-1,481,283,482,-1,481,482,483,-1,483,482,484,-1,483,484,485,-1,485,484,486,-1,487,486,291,-1,291,486,484,-1,291,484,235,-1,235,484,482,-1,235,482,236,-1,487,291,111,-1,111,291,411,-1,111,411,112,-1,112,411,413,-1,112,413,115,-1,115,413,488,-1,115,488,419,-1,489,490,491,-1,491,490,492,-1,491,492,493,-1,494,495,496,-1,496,495,491,-1,496,491,497,-1,497,491,498,-1,493,499,491,-1,491,499,500,-1,491,500,498,-1,501,502,294,-1,503,504,326,-1,304,337,294,-1,294,337,326,-1,294,326,501,-1,501,326,504,-1,503,326,505,-1,505,326,506,-1,505,506,507,-1,506,508,509,-1,509,510,506,-1,506,510,511,-1,506,511,512,-1,506,513,507,-1,507,513,514,-1,507,514,515,-1,515,514,516,-1,515,516,517,-1,512,518,506,-1,506,518,519,-1,506,519,513,-1,520,521,522,-1,522,521,523,-1,522,523,524,-1,524,525,522,-1,522,525,526,-1,522,526,508,-1,508,526,527,-1,508,527,509,-1,528,520,529,-1,529,520,522,-1,529,522,530,-1,530,522,531,-1,532,533,534,-1,534,533,535,-1,535,536,534,-1,534,536,537,-1,534,537,538,-1,538,537,539,-1,538,539,540,-1,540,539,541,-1,540,541,522,-1,522,541,542,-1,522,542,531,-1,543,544,532,-1,532,544,545,-1,532,545,546,-1,546,547,532,-1,532,547,548,-1,532,548,533,-1,549,550,551,-1,552,553,543,-1,554,555,556,-1,556,555,557,-1,549,551,558,-1,552,543,559,-1,560,561,555,-1,555,561,562,-1,555,562,563,-1,494,564,495,-1,495,564,565,-1,495,565,543,-1,543,565,566,-1,543,566,559,-1,550,567,551,-1,551,567,568,-1,551,568,569,-1,570,571,572,-1,572,571,573,-1,572,573,574,-1,575,563,576,-1,576,563,577,-1,576,577,572,-1,572,577,578,-1,572,578,570,-1,575,579,563,-1,563,579,580,-1,563,580,555,-1,555,580,581,-1,555,581,557,-1,582,583,584,-1,584,583,585,-1,584,585,551,-1,551,585,586,-1,551,586,558,-1,587,588,551,-1,551,588,589,-1,551,589,555,-1,555,589,590,-1,555,590,560,-1,591,592,544,-1,544,592,593,-1,544,593,594,-1,594,595,544,-1,544,595,596,-1,544,596,597,-1,597,596,582,-1,597,582,598,-1,598,582,584,-1,553,599,543,-1,543,599,600,-1,543,600,544,-1,544,600,601,-1,544,601,591,-1,569,602,551,-1,551,602,603,-1,551,603,604,-1,604,605,551,-1,551,605,606,-1,551,606,587,-1,607,608,609,-1,608,610,609,-1,609,610,611,-1,609,611,612,-1,562,609,563,-1,563,609,613,-1,563,613,614,-1,615,616,617,-1,617,616,618,-1,617,618,619,-1,615,617,562,-1,562,617,620,-1,562,620,609,-1,609,620,621,-1,609,621,607,-1,622,623,624,-1,624,623,625,-1,624,625,626,-1,612,611,627,-1,627,611,628,-1,627,628,629,-1,629,628,630,-1,629,630,631,-1,614,632,563,-1,563,632,624,-1,563,624,633,-1,633,624,626,-1,138,109,141,-1,141,109,108,-1,141,108,634,-1,634,635,141,-1,141,635,636,-1,141,636,637,-1,637,636,638,-1,637,638,639,-1,640,641,642,-1,642,641,643,-1,642,643,644,-1,644,643,636,-1,644,636,645,-1,645,636,635,-1,645,635,646,-1,646,635,647,-1,646,647,648,-1,648,647,649,-1,638,650,639,-1,639,650,651,-1,639,651,398,-1,398,651,107,-1,398,107,224,-1,224,107,109,-1,224,109,222,-1,222,109,212,-1,652,653,637,-1,654,655,656,-1,656,652,654,-1,654,652,637,-1,654,637,657,-1,657,637,658,-1,657,658,659,-1,659,658,146,-1,660,653,661,-1,661,653,662,-1,661,662,663,-1,663,662,664,-1,660,665,653,-1,653,665,666,-1,653,666,667,-1,668,141,669,-1,669,141,637,-1,669,637,670,-1,670,637,653,-1,670,653,671,-1,671,653,667,-1,148,142,146,-1,146,142,141,-1,146,141,659,-1,659,141,662,-1,672,673,662,-1,662,673,674,-1,662,674,664,-1,668,675,141,-1,141,675,676,-1,141,676,662,-1,662,676,677,-1,662,677,672,-1,678,658,679,-1,679,658,637,-1,679,637,680,-1,680,637,639,-1,680,639,424,-1,424,639,398,-1,424,398,425,-1,425,398,397,-1,387,379,377,-1,377,379,381,-1,377,381,681,-1,681,381,682,-1,681,682,683,-1,684,678,685,-1,685,678,679,-1,685,679,686,-1,686,679,680,-1,686,680,687,-1,687,680,424,-1,687,424,688,-1,688,424,416,-1,688,416,689,-1,689,416,411,-1,689,411,690,-1,690,411,291,-1,690,291,691,-1,147,393,149,-1,149,393,390,-1,149,390,215,-1,215,390,375,-1,215,375,213,-1,213,375,377,-1,213,377,121,-1,121,377,681,-1,121,681,123,-1,123,681,683,-1,123,683,136,-1,136,683,191,-1,136,191,154,-1,154,191,190,-1,691,291,692,-1,692,291,289,-1,692,289,693,-1,693,289,694,-1,693,694,534,-1,288,241,289,-1,289,241,239,-1,289,239,694,-1,694,239,695,-1,696,697,695,-1,695,697,698,-1,244,260,239,-1,239,260,184,-1,239,184,695,-1,695,184,202,-1,695,202,696,-1,696,202,699,-1,534,694,532,-1,532,694,695,-1,532,695,543,-1,543,695,698,-1,543,698,495,-1,495,698,700,-1,495,700,202,-1,202,700,701,-1,202,701,699,-1,702,703,704,-1,704,703,696,-1,704,696,705,-1,705,696,699,-1,705,699,706,-1,706,699,707,-1,708,709,491,-1,491,709,104,-1,491,104,203,-1,203,104,106,-1,203,106,202,-1,202,106,710,-1,202,710,495,-1,495,710,708,-1,495,708,491,-1,199,192,194,-1,194,192,193,-1,194,193,203,-1,203,193,711,-1,203,711,491,-1,491,711,294,-1,491,294,489,-1,489,294,502,-1,682,712,683,-1,683,712,713,-1,683,713,191,-1,191,713,714,-1,191,714,193,-1,193,714,715,-1,193,715,711,-1,711,715,716,-1,711,716,294,-1,294,716,298,-1,294,298,305,-1,305,298,301,-1,717,718,719,-1,320,318,326,-1,326,318,720,-1,326,720,506,-1,506,720,721,-1,506,721,508,-1,508,721,722,-1,508,722,522,-1,522,722,717,-1,522,717,540,-1,540,717,719,-1,540,719,538,-1,723,724,725,-1,723,725,726,-1,726,725,727,-1,726,727,728,-1,728,727,729,-1,728,729,730,-1,730,729,731,-1,730,731,732,-1,732,731,733,-1,732,733,734,-1,734,733,735,-1,734,735,736,-1,737,738,739,-1,737,739,740,-1,740,739,741,-1,740,741,742,-1,742,741,743,-1,742,743,744,-1,744,743,745,-1,744,745,746,-1,746,745,747,-1,746,747,748,-1,748,747,749,-1,748,749,750,-1,751,752,724,-1,724,752,749,-1,724,749,738,-1,745,743,741,-1,749,747,738,-1,738,747,745,-1,738,745,739,-1,739,745,741,-1,738,735,724,-1,724,735,733,-1,724,733,731,-1,731,729,724,-1,724,729,727,-1,724,727,725,-1,753,754,755,-1,755,754,756,-1,755,756,757,-1,758,759,760,-1,760,759,761,-1,760,761,762,-1,763,764,760,-1,760,764,765,-1,760,765,758,-1,766,767,768,-1,768,767,769,-1,768,769,756,-1,756,769,770,-1,756,770,771,-1,772,773,771,-1,774,775,768,-1,768,775,776,-1,768,776,766,-1,777,778,779,-1,780,781,762,-1,772,771,782,-1,783,784,785,-1,786,787,788,-1,773,789,771,-1,771,789,790,-1,771,790,791,-1,792,793,794,-1,794,793,795,-1,794,795,796,-1,762,781,797,-1,797,781,798,-1,797,798,799,-1,777,779,785,-1,785,779,800,-1,785,800,783,-1,783,800,801,-1,783,801,802,-1,771,803,782,-1,782,803,804,-1,782,804,787,-1,787,804,805,-1,787,805,788,-1,806,807,762,-1,788,808,786,-1,786,808,809,-1,786,809,799,-1,810,797,811,-1,811,797,812,-1,813,814,815,-1,815,814,816,-1,815,816,791,-1,807,817,762,-1,762,817,818,-1,762,818,819,-1,791,816,771,-1,771,816,820,-1,771,820,756,-1,756,820,821,-1,756,821,784,-1,783,822,784,-1,784,822,823,-1,784,823,756,-1,756,823,824,-1,756,824,757,-1,794,825,792,-1,792,825,826,-1,792,826,827,-1,819,828,762,-1,762,828,829,-1,762,829,780,-1,802,830,783,-1,783,830,831,-1,783,831,832,-1,832,831,827,-1,832,827,833,-1,833,827,826,-1,809,834,799,-1,799,834,835,-1,799,835,797,-1,797,835,836,-1,797,836,812,-1,761,837,762,-1,762,837,794,-1,762,794,806,-1,806,794,838,-1,839,840,841,-1,841,840,838,-1,841,838,842,-1,842,838,794,-1,842,794,843,-1,843,794,796,-1,395,394,755,-1,755,394,753,-1,832,386,783,-1,783,386,385,-1,783,385,822,-1,385,378,822,-1,822,378,376,-1,822,376,823,-1,376,392,823,-1,823,392,391,-1,823,391,824,-1,824,391,389,-1,824,389,757,-1,757,389,388,-1,757,388,755,-1,755,388,395,-1,825,380,826,-1,826,380,379,-1,765,368,758,-1,758,368,370,-1,758,370,759,-1,370,371,759,-1,759,371,374,-1,759,374,761,-1,374,373,761,-1,761,373,384,-1,761,384,837,-1,837,384,383,-1,837,383,794,-1,794,383,382,-1,794,382,825,-1,825,382,380,-1,366,368,764,-1,764,368,765,-1,367,366,763,-1,763,366,764,-1,713,712,760,-1,760,712,682,-1,760,682,381,-1,367,763,369,-1,369,763,760,-1,369,760,372,-1,372,760,381,-1,353,355,810,-1,810,355,797,-1,354,353,811,-1,811,353,810,-1,788,359,808,-1,808,359,344,-1,808,344,809,-1,809,344,345,-1,809,345,834,-1,834,345,350,-1,834,350,835,-1,835,350,352,-1,835,352,836,-1,836,352,357,-1,836,357,812,-1,812,357,356,-1,812,356,811,-1,811,356,354,-1,359,788,360,-1,360,788,805,-1,776,319,766,-1,766,319,320,-1,766,320,767,-1,767,320,327,-1,767,327,769,-1,769,327,325,-1,769,325,770,-1,770,325,324,-1,770,324,771,-1,771,324,341,-1,771,341,803,-1,803,341,364,-1,317,319,775,-1,775,319,776,-1,318,317,775,-1,774,718,717,-1,717,722,774,-1,774,722,721,-1,774,721,775,-1,775,721,720,-1,775,720,318,-1,756,754,684,-1,684,685,756,-1,756,685,686,-1,756,686,687,-1,687,688,756,-1,756,688,689,-1,756,689,690,-1,394,393,753,-1,753,393,147,-1,753,147,754,-1,754,147,146,-1,146,658,754,-1,754,658,678,-1,754,678,684,-1,844,845,846,-1,846,845,847,-1,848,849,850,-1,850,849,851,-1,852,853,854,-1,854,853,855,-1,856,857,858,-1,858,857,859,-1,804,365,860,-1,860,365,861,-1,860,861,862,-1,862,861,863,-1,862,863,864,-1,864,863,865,-1,864,865,866,-1,866,865,867,-1,866,867,868,-1,868,867,869,-1,868,869,870,-1,870,869,751,-1,870,751,723,-1,723,751,724,-1,871,872,873,-1,871,873,874,-1,874,873,875,-1,874,875,876,-1,877,878,879,-1,879,878,880,-1,879,880,881,-1,881,880,882,-1,875,854,876,-1,876,854,855,-1,876,855,883,-1,852,878,853,-1,853,878,877,-1,853,877,884,-1,881,871,879,-1,879,871,874,-1,879,874,877,-1,877,874,876,-1,877,876,884,-1,884,876,883,-1,853,884,855,-1,855,884,883,-1,881,885,871,-1,871,885,886,-1,886,885,887,-1,887,885,888,-1,889,890,891,-1,889,891,892,-1,892,891,893,-1,892,893,894,-1,895,896,897,-1,897,896,898,-1,897,898,899,-1,899,898,900,-1,895,857,896,-1,896,857,856,-1,896,856,901,-1,859,894,858,-1,858,894,893,-1,858,893,902,-1,901,902,896,-1,896,902,893,-1,896,893,898,-1,898,893,891,-1,898,891,900,-1,900,891,890,-1,858,902,856,-1,856,902,901,-1,903,904,905,-1,905,904,906,-1,890,905,900,-1,900,905,906,-1,907,908,909,-1,909,908,910,-1,911,912,913,-1,913,912,914,-1,913,914,915,-1,915,914,916,-1,915,916,917,-1,917,916,918,-1,917,918,919,-1,919,918,920,-1,919,920,921,-1,921,920,922,-1,921,922,909,-1,909,922,907,-1,923,912,924,-1,924,912,911,-1,925,926,927,-1,927,926,928,-1,927,928,929,-1,929,928,930,-1,929,930,931,-1,931,930,932,-1,931,932,933,-1,933,932,934,-1,933,934,935,-1,935,934,936,-1,935,936,924,-1,924,936,923,-1,937,926,938,-1,938,926,925,-1,939,937,940,-1,940,937,938,-1,941,939,942,-1,942,939,940,-1,943,944,945,-1,945,944,946,-1,945,946,947,-1,947,946,948,-1,947,948,949,-1,949,948,950,-1,949,950,951,-1,951,950,952,-1,951,952,953,-1,953,952,954,-1,953,954,942,-1,942,954,941,-1,955,944,956,-1,956,944,943,-1,957,958,959,-1,959,958,960,-1,959,960,961,-1,961,960,962,-1,961,962,963,-1,963,962,964,-1,963,964,965,-1,965,964,966,-1,965,966,967,-1,967,966,968,-1,967,968,956,-1,956,968,955,-1,969,958,970,-1,970,958,957,-1,971,972,973,-1,971,973,974,-1,974,973,975,-1,974,975,976,-1,976,975,977,-1,976,977,978,-1,978,977,979,-1,978,979,980,-1,980,979,981,-1,980,981,982,-1,982,981,969,-1,982,969,970,-1,910,908,983,-1,910,983,984,-1,984,983,985,-1,984,985,986,-1,986,985,987,-1,986,987,988,-1,988,987,989,-1,988,989,990,-1,990,989,991,-1,990,991,992,-1,992,991,993,-1,992,993,994,-1,886,917,919,-1,949,951,995,-1,905,890,970,-1,890,889,971,-1,970,957,905,-1,905,957,996,-1,905,996,903,-1,957,959,996,-1,996,959,961,-1,996,961,963,-1,911,913,995,-1,978,980,890,-1,890,980,982,-1,890,982,970,-1,919,921,886,-1,886,921,909,-1,886,909,871,-1,871,909,910,-1,871,910,984,-1,953,929,951,-1,951,929,931,-1,886,887,917,-1,917,887,995,-1,917,995,915,-1,915,995,913,-1,971,974,890,-1,890,974,976,-1,890,976,978,-1,984,986,871,-1,871,986,988,-1,871,988,990,-1,990,992,871,-1,871,992,994,-1,871,994,872,-1,963,965,996,-1,996,965,967,-1,996,967,956,-1,956,943,996,-1,996,943,945,-1,996,945,995,-1,995,945,947,-1,995,947,949,-1,931,933,951,-1,951,933,935,-1,951,935,995,-1,995,935,924,-1,995,924,911,-1,940,938,942,-1,942,938,925,-1,942,925,953,-1,953,925,927,-1,953,927,929,-1,996,995,997,-1,996,997,998,-1,998,997,999,-1,998,999,1000,-1,1000,999,1001,-1,1000,1001,1002,-1,1002,1001,1003,-1,1002,1003,1004,-1,1004,1003,1005,-1,1004,1005,1006,-1,1005,328,314,-1,1005,314,1006,-1,1006,314,298,-1,1006,298,716,-1,716,715,1006,-1,1006,715,714,-1,1006,714,713,-1,760,762,1007,-1,1007,762,1008,-1,1007,1008,1009,-1,1009,1008,1010,-1,1009,1010,1011,-1,1011,1010,1012,-1,1011,1012,1013,-1,1013,1012,1014,-1,1013,1014,1015,-1,1015,1014,1016,-1,1015,1016,1017,-1,1017,1016,1018,-1,906,964,962,-1,930,928,952,-1,1018,952,950,-1,955,968,1017,-1,930,952,932,-1,962,960,906,-1,906,960,958,-1,906,958,900,-1,900,958,969,-1,900,969,981,-1,1018,888,885,-1,882,993,881,-1,881,993,991,-1,991,989,881,-1,881,989,987,-1,881,987,985,-1,985,983,881,-1,881,983,908,-1,881,908,885,-1,885,908,907,-1,885,907,1018,-1,907,922,1018,-1,1018,922,920,-1,1018,920,918,-1,906,904,964,-1,964,904,1017,-1,964,1017,966,-1,966,1017,968,-1,981,979,900,-1,900,979,977,-1,900,977,975,-1,918,916,1018,-1,1018,916,914,-1,1018,914,912,-1,912,923,1018,-1,1018,923,936,-1,1018,936,952,-1,952,936,934,-1,952,934,932,-1,937,939,926,-1,926,939,941,-1,926,941,928,-1,928,941,954,-1,928,954,952,-1,950,948,1018,-1,1018,948,946,-1,1018,946,1017,-1,1017,946,944,-1,1017,944,955,-1,975,973,900,-1,900,973,972,-1,900,972,899,-1,904,903,1017,-1,1017,903,996,-1,1017,996,1015,-1,1015,996,998,-1,1015,998,1013,-1,1013,998,1000,-1,1013,1000,1011,-1,1011,1000,1002,-1,1011,1002,1009,-1,1009,1002,1004,-1,1009,1004,1007,-1,1007,1004,1006,-1,1007,1006,760,-1,760,1006,713,-1,762,328,1008,-1,1008,328,1005,-1,1008,1005,1010,-1,1010,1005,1003,-1,1010,1003,1012,-1,1012,1003,1001,-1,1012,1001,1014,-1,1014,1001,999,-1,1014,999,1016,-1,1016,999,997,-1,1016,997,1018,-1,1018,997,995,-1,1018,995,888,-1,888,995,887,-1,972,971,899,-1,899,971,889,-1,899,889,897,-1,897,889,892,-1,897,892,895,-1,895,892,894,-1,895,894,857,-1,857,894,859,-1,1019,1020,1021,-1,1019,1021,1022,-1,1022,1021,1023,-1,1022,1023,1024,-1,1025,1026,1027,-1,1027,1026,1028,-1,1027,1028,1029,-1,1029,1028,1030,-1,1025,849,1026,-1,1026,849,848,-1,1026,848,1031,-1,851,1024,850,-1,850,1024,1023,-1,850,1023,1032,-1,1031,1032,1026,-1,1026,1032,1023,-1,1026,1023,1028,-1,1028,1023,1021,-1,1028,1021,1030,-1,1030,1021,1020,-1,850,1032,848,-1,848,1032,1031,-1,1033,1034,1035,-1,1035,1034,1036,-1,1020,1035,1030,-1,1030,1035,1036,-1,1037,1038,1039,-1,1037,1039,1040,-1,1040,1039,1041,-1,1040,1041,1042,-1,1043,1044,1045,-1,1045,1044,1046,-1,1045,1046,1047,-1,1047,1046,1048,-1,844,1044,845,-1,845,1044,1043,-1,845,1043,1049,-1,1041,846,1042,-1,1042,846,847,-1,1042,847,1050,-1,1047,1037,1045,-1,1045,1037,1040,-1,1045,1040,1043,-1,1043,1040,1042,-1,1043,1042,1049,-1,1049,1042,1050,-1,845,1049,847,-1,847,1049,1050,-1,1047,1051,1037,-1,1037,1051,1052,-1,1052,1051,1053,-1,1053,1051,1054,-1,1055,1056,1057,-1,1055,1057,1058,-1,1058,1057,1059,-1,1058,1059,1060,-1,1060,1059,1061,-1,1060,1061,1062,-1,1062,1061,1063,-1,1062,1063,1064,-1,1064,1063,1065,-1,1064,1065,1066,-1,1066,1065,1067,-1,1066,1067,1068,-1,1069,1056,1070,-1,1070,1056,1055,-1,1071,1072,1073,-1,1073,1072,1074,-1,1073,1074,1075,-1,1075,1074,1076,-1,1075,1076,1077,-1,1077,1076,1078,-1,1077,1078,1079,-1,1079,1078,1080,-1,1079,1080,1081,-1,1081,1080,1082,-1,1081,1082,1070,-1,1070,1082,1069,-1,1083,1072,1084,-1,1084,1072,1071,-1,1085,1086,1087,-1,1087,1086,1088,-1,1087,1088,1089,-1,1089,1088,1090,-1,1089,1090,1091,-1,1091,1090,1092,-1,1091,1092,1093,-1,1093,1092,1094,-1,1093,1094,1095,-1,1095,1094,1096,-1,1095,1096,1084,-1,1084,1096,1083,-1,1097,1086,1098,-1,1098,1086,1085,-1,1099,1097,1100,-1,1100,1097,1098,-1,1101,1099,1102,-1,1102,1099,1100,-1,1103,1104,1105,-1,1105,1104,1106,-1,1105,1106,1107,-1,1107,1106,1108,-1,1107,1108,1109,-1,1109,1108,1110,-1,1109,1110,1111,-1,1111,1110,1112,-1,1111,1112,1113,-1,1113,1112,1114,-1,1113,1114,1102,-1,1102,1114,1101,-1,1115,1104,1116,-1,1116,1104,1103,-1,1117,1118,1119,-1,1119,1118,1120,-1,1119,1120,1121,-1,1121,1120,1122,-1,1121,1122,1123,-1,1123,1122,1124,-1,1123,1124,1125,-1,1125,1124,1126,-1,1125,1126,1127,-1,1127,1126,1128,-1,1127,1128,1116,-1,1116,1128,1115,-1,1129,1118,1130,-1,1130,1118,1117,-1,1131,1132,1133,-1,1131,1133,1134,-1,1134,1133,1135,-1,1134,1135,1136,-1,1136,1135,1137,-1,1136,1137,1138,-1,1138,1137,1139,-1,1138,1139,1140,-1,1140,1139,1141,-1,1140,1141,1142,-1,1142,1141,1129,-1,1142,1129,1130,-1,538,719,1143,-1,690,691,1144,-1,1144,691,692,-1,692,693,1144,-1,1144,693,534,-1,1144,534,538,-1,538,1143,1144,-1,1144,1143,1145,-1,1144,1145,1146,-1,1146,1145,1147,-1,1146,1147,1148,-1,1148,1147,1149,-1,1148,1149,1150,-1,1150,1149,1151,-1,1150,1151,1152,-1,1152,1151,1153,-1,1152,1153,1154,-1,1052,1077,1079,-1,1079,1081,1052,-1,1052,1081,1070,-1,1052,1070,1037,-1,1068,1038,1037,-1,1111,1113,1089,-1,1153,1089,1091,-1,1068,1037,1066,-1,1019,1131,1020,-1,1020,1131,1134,-1,1153,1033,1035,-1,1153,1121,1123,-1,1071,1073,1154,-1,1052,1053,1077,-1,1077,1053,1154,-1,1077,1154,1075,-1,1075,1154,1073,-1,1134,1136,1020,-1,1020,1136,1138,-1,1020,1138,1140,-1,1140,1142,1020,-1,1020,1142,1130,-1,1020,1130,1035,-1,1035,1130,1117,-1,1035,1117,1153,-1,1153,1117,1119,-1,1153,1119,1121,-1,1123,1125,1153,-1,1153,1125,1127,-1,1153,1127,1116,-1,1111,1089,1109,-1,1070,1055,1037,-1,1037,1055,1058,-1,1037,1058,1060,-1,1116,1103,1153,-1,1153,1103,1105,-1,1153,1105,1089,-1,1089,1105,1107,-1,1089,1107,1109,-1,1100,1098,1102,-1,1102,1098,1085,-1,1102,1085,1113,-1,1113,1085,1087,-1,1113,1087,1089,-1,1091,1093,1153,-1,1153,1093,1095,-1,1153,1095,1154,-1,1154,1095,1084,-1,1154,1084,1071,-1,1060,1062,1037,-1,1037,1062,1064,-1,1037,1064,1066,-1,1036,1124,1122,-1,1092,1090,1155,-1,1115,1128,1155,-1,1132,1029,1030,-1,1156,1054,1051,-1,1082,1080,1156,-1,1156,1080,1078,-1,1048,1067,1047,-1,1047,1067,1065,-1,1047,1065,1063,-1,1132,1030,1133,-1,1082,1156,1069,-1,1069,1156,1051,-1,1069,1051,1056,-1,1056,1051,1047,-1,1056,1047,1057,-1,1063,1061,1047,-1,1047,1061,1059,-1,1047,1059,1057,-1,1110,1108,1090,-1,1090,1108,1106,-1,1090,1106,1155,-1,1155,1106,1104,-1,1155,1104,1115,-1,1036,1034,1124,-1,1124,1034,1155,-1,1124,1155,1126,-1,1126,1155,1128,-1,1141,1139,1030,-1,1097,1099,1086,-1,1086,1099,1101,-1,1086,1101,1088,-1,1088,1101,1114,-1,1088,1114,1090,-1,1090,1114,1112,-1,1090,1112,1110,-1,1122,1120,1036,-1,1036,1120,1118,-1,1036,1118,1030,-1,1030,1118,1129,-1,1030,1129,1141,-1,1139,1137,1030,-1,1030,1137,1135,-1,1030,1135,1133,-1,1078,1076,1156,-1,1156,1076,1074,-1,1156,1074,1072,-1,1072,1083,1156,-1,1156,1083,1096,-1,1156,1096,1155,-1,1155,1096,1094,-1,1155,1094,1092,-1,1156,1155,1157,-1,1157,1155,1158,-1,1157,1158,1159,-1,1159,1158,1160,-1,1159,1160,1161,-1,1161,1160,1162,-1,1161,1162,1163,-1,1163,1162,1164,-1,1163,1164,1165,-1,1165,1164,1166,-1,1165,1166,756,-1,756,1166,768,-1,756,690,1165,-1,1165,690,1144,-1,1165,1144,1163,-1,1163,1144,1146,-1,1163,1146,1161,-1,1161,1146,1148,-1,1161,1148,1159,-1,1159,1148,1150,-1,1159,1150,1157,-1,1157,1150,1152,-1,1157,1152,1156,-1,1156,1152,1154,-1,1156,1154,1054,-1,1054,1154,1053,-1,844,846,1044,-1,1044,846,1041,-1,1044,1041,1046,-1,1046,1041,1039,-1,1046,1039,1048,-1,1048,1039,1038,-1,1048,1038,1067,-1,1067,1038,1068,-1,1034,1033,1155,-1,1155,1033,1153,-1,1155,1153,1158,-1,1158,1153,1151,-1,1158,1151,1160,-1,1160,1151,1149,-1,1160,1149,1162,-1,1162,1149,1147,-1,1162,1147,1164,-1,1164,1147,1145,-1,1164,1145,1166,-1,1166,1145,1143,-1,1166,1143,768,-1,768,1143,719,-1,1132,1131,1029,-1,1029,1131,1019,-1,1029,1019,1027,-1,1027,1019,1022,-1,1027,1022,1025,-1,1025,1022,1024,-1,1025,1024,849,-1,849,1024,851,-1,797,355,762,-1,762,355,328,-1,852,854,878,-1,878,854,875,-1,878,875,880,-1,880,875,873,-1,880,873,882,-1,882,873,872,-1,882,872,993,-1,993,872,994,-1,803,364,804,-1,804,364,365,-1,386,832,387,-1,387,832,833,-1,308,778,302,-1,302,778,777,-1,302,777,303,-1,303,777,785,-1,303,785,304,-1,304,785,784,-1,304,784,337,-1,337,784,821,-1,337,821,338,-1,338,821,820,-1,813,332,814,-1,814,332,331,-1,814,331,816,-1,816,331,340,-1,816,340,820,-1,820,340,339,-1,820,339,338,-1,813,815,332,-1,332,815,333,-1,333,815,347,-1,347,815,791,-1,347,791,348,-1,348,791,790,-1,348,790,349,-1,349,790,789,-1,349,789,362,-1,362,789,773,-1,362,773,363,-1,363,773,772,-1,363,772,361,-1,361,772,782,-1,782,787,361,-1,361,787,342,-1,342,787,343,-1,343,787,786,-1,343,786,351,-1,351,786,799,-1,351,799,358,-1,358,799,798,-1,358,798,329,-1,329,798,781,-1,329,781,330,-1,330,781,780,-1,330,780,334,-1,334,780,829,-1,829,828,334,-1,334,828,335,-1,335,828,336,-1,336,828,819,-1,336,819,346,-1,346,819,818,-1,346,818,321,-1,321,818,817,-1,321,817,322,-1,322,817,807,-1,839,312,840,-1,840,312,311,-1,840,311,838,-1,838,311,316,-1,838,316,806,-1,806,316,315,-1,806,315,807,-1,807,315,323,-1,807,323,322,-1,839,841,312,-1,312,841,313,-1,313,841,296,-1,296,841,842,-1,296,842,297,-1,297,842,843,-1,297,843,299,-1,299,843,796,-1,299,796,300,-1,300,796,795,-1,300,795,301,-1,301,795,793,-1,301,793,305,-1,305,793,792,-1,792,827,305,-1,305,827,306,-1,306,827,307,-1,307,827,831,-1,307,831,292,-1,292,831,830,-1,292,830,293,-1,293,830,802,-1,293,802,295,-1,295,802,801,-1,295,801,310,-1,310,801,800,-1,310,800,309,-1,309,800,779,-1,779,778,309,-1,309,778,308,-1,1167,1168,1169,-1,1167,1169,1170,-1,1170,1169,1171,-1,1170,1171,1172,-1,1172,1171,1173,-1,1172,1173,1174,-1,1174,1173,1175,-1,1174,1175,1176,-1,1176,1175,1177,-1,1176,1177,1178,-1,1178,1177,1179,-1,1178,1179,1180,-1,1181,1182,1183,-1,1181,1183,1184,-1,1184,1183,1185,-1,1184,1185,1186,-1,1186,1185,1187,-1,1186,1187,1188,-1,1188,1187,1189,-1,1188,1189,1190,-1,1190,1189,1191,-1,1190,1191,1192,-1,1192,1191,1193,-1,1192,1193,1194,-1,379,387,1195,-1,379,1195,1196,-1,1196,1195,1197,-1,1196,1197,1198,-1,1198,1197,1199,-1,1198,1199,1200,-1,1200,1199,1201,-1,1200,1201,1202,-1,1202,1201,1203,-1,1202,1203,1204,-1,1204,1203,1205,-1,1204,1205,1206,-1,1175,1173,1168,-1,1168,1173,1171,-1,1168,1171,1169,-1,1205,1182,1206,-1,1206,1182,1179,-1,1206,1179,1168,-1,1168,1179,1177,-1,1168,1177,1175,-1,1187,1185,1189,-1,1189,1185,1191,-1,1205,1193,1182,-1,1182,1193,1191,-1,1182,1191,1183,-1,1183,1191,1185,-1,1207,1208,1209,-1,1209,1208,1210,-1,1209,1210,1211,-1,1211,1210,1212,-1,1211,1212,1213,-1,1213,1212,1214,-1,1213,1214,1215,-1,1215,1214,1216,-1,1215,1216,1217,-1,1217,1216,1218,-1,1217,1218,826,-1,826,1218,833,-1,1176,1167,1174,-1,1174,1167,1170,-1,1174,1170,1172,-1,1176,1178,1167,-1,1167,1178,1180,-1,1167,1180,1207,-1,1207,1180,1181,-1,1207,1181,1184,-1,1184,1186,1207,-1,1207,1186,1188,-1,1207,1188,1190,-1,1190,1192,1207,-1,1207,1192,1194,-1,1207,1194,1208,-1,1181,1180,1182,-1,1182,1180,1179,-1,826,379,1217,-1,1217,379,1196,-1,1217,1196,1215,-1,1215,1196,1198,-1,1215,1198,1213,-1,1213,1198,1200,-1,1213,1200,1211,-1,1211,1200,1202,-1,1211,1202,1209,-1,1209,1202,1204,-1,1209,1204,1207,-1,1207,1204,1206,-1,1207,1206,1167,-1,1167,1206,1168,-1,1194,1193,1208,-1,1208,1193,1205,-1,1208,1205,1210,-1,1210,1205,1203,-1,1210,1203,1212,-1,1212,1203,1201,-1,1212,1201,1214,-1,1214,1201,1199,-1,1214,1199,1216,-1,1216,1199,1197,-1,1216,1197,1218,-1,1218,1197,1195,-1,1218,1195,833,-1,833,1195,387,-1,752,751,869,-1,752,869,1219,-1,1219,869,867,-1,1219,867,1220,-1,1220,867,865,-1,1220,865,1221,-1,1221,865,863,-1,1221,863,1222,-1,1222,863,861,-1,1222,861,1223,-1,1223,861,365,-1,1223,365,360,-1,748,750,737,-1,737,750,736,-1,742,744,746,-1,732,734,730,-1,730,734,736,-1,730,736,728,-1,748,737,746,-1,746,737,740,-1,746,740,742,-1,1224,870,750,-1,750,870,723,-1,750,723,736,-1,736,723,726,-1,736,726,728,-1,805,804,1225,-1,1225,804,860,-1,1225,860,1226,-1,1226,860,862,-1,1226,862,1227,-1,1227,862,864,-1,1227,864,1228,-1,1228,864,866,-1,1228,866,1229,-1,1229,866,868,-1,1229,868,1224,-1,1224,868,870,-1,750,749,1224,-1,1224,749,752,-1,1224,752,1229,-1,1229,752,1219,-1,1229,1219,1228,-1,1228,1219,1220,-1,1228,1220,1227,-1,1227,1220,1221,-1,1227,1221,1226,-1,1226,1221,1222,-1,1226,1222,1225,-1,1225,1222,1223,-1,1225,1223,805,-1,805,1223,360,-1,735,738,736,-1,736,738,737,-1,718,774,719,-1,719,774,768,-1,
        ]
    }
}
Shape{
    appearance Appearance {
        material  Material {
            diffuseColor 0.0 0.0 0.0
            specularColor 0.0 0.0 0.0
            ambientIntensity 0.0
            transparency 0.0
            shininess 0.5
        }
    }
    geometry IndexedFaceSet {
        ccw TRUE
        solid FALSE
        coord DEF co Coordinate {
            point [
                0.6067 -0.4417 0.5354, 0.6053 -0.4435 0.5354, 0.6079 -0.4457 0.5354, 0.605 -0.4438 0.5354, 0.6049 -0.4478 0.5354, 0.6031 -0.4451 0.5354, 0.6017 -0.4491 0.5354, 0.6008 -0.446 0.5354, 0.5968 -0.4497 0.5354, 0.5968 -0.4464 0.5354, 0.589 -0.4497 0.5354, 0.5927 -0.4464 0.5354, 0.589 -0.4211 0.5354, 0.5927 -0.4244 0.5354, 0.5971 -0.4211 0.5354, 0.597 -0.4244 0.5354, 0.6015 -0.4216 0.5354, 0.6009 -0.4248 0.5354, 0.6049 -0.4228 0.5354, 0.6033 -0.4258 0.5354, 0.6079 -0.4249 0.5354, 0.6052 -0.4271 0.5354, 0.609 -0.4259 0.5354, 0.606 -0.4279 0.5354, 0.6107 -0.4284 0.5354, 0.6071 -0.4295 0.5354, 0.6118 -0.4311 0.5354, 0.608 -0.4316 0.5354, 0.6123 -0.435 0.5354, 0.6084 -0.4351 0.5354, 0.6122 -0.4369 0.5354, 0.6083 -0.437 0.5354, 0.6115 -0.4402 0.5354, 0.6077 -0.4396 0.5354, 0.6101 -0.4432 0.5354, 0.6079 -0.4457 0.5315, 0.6101 -0.4432 0.5315, 0.6115 -0.4402 0.5315, 0.6122 -0.4369 0.5315, 0.6123 -0.435 0.5315, 0.6118 -0.4311 0.5315, 0.6107 -0.4284 0.5315, 0.609 -0.4259 0.5315, 0.6079 -0.4249 0.5315, 0.6049 -0.4228 0.5315, 0.6015 -0.4216 0.5315, 0.5971 -0.4211 0.5315, 0.589 -0.4211 0.5315, 0.589 -0.4497 0.5315, 0.5968 -0.4497 0.5315, 0.6017 -0.4491 0.5315, 0.6049 -0.4478 0.5315, 0.6052 -0.4271 0.5315, 0.606 -0.4279 0.5315, 0.6071 -0.4295 0.5315, 0.608 -0.4316 0.5315, 0.6084 -0.4351 0.5315, 0.597 -0.4244 0.5315, 0.6009 -0.4248 0.5315, 0.6033 -0.4258 0.5315, 0.5927 -0.4244 0.5315, 0.5927 -0.4464 0.5315, 0.5968 -0.4464 0.5315, 0.6053 -0.4435 0.5315, 0.605 -0.4438 0.5315, 0.6031 -0.4451 0.5315, 0.6008 -0.446 0.5315, 0.6083 -0.437 0.5315, 0.6077 -0.4396 0.5315, 0.6067 -0.4417 0.5315
            ]
        }
        coordIndex [
            0,1,2,-1,2,1,3,-1,2,3,4,-1,4,3,5,-1,4,5,6,-1,6,5,7,-1,6,7,8,-1,8,7,9,-1,8,9,10,-1,10,9,11,-1,10,11,12,-1,12,11,13,-1,12,13,14,-1,14,13,15,-1,14,15,16,-1,16,15,17,-1,16,17,18,-1,18,17,19,-1,18,19,20,-1,20,19,21,-1,20,21,22,-1,22,21,23,-1,22,23,24,-1,24,23,25,-1,24,25,26,-1,26,25,27,-1,26,27,28,-1,28,27,29,-1,28,29,30,-1,30,29,31,-1,30,31,32,-1,32,31,33,-1,32,33,34,-1,34,33,0,-1,34,0,2,-1,2,35,36,-1,2,36,34,-1,34,36,37,-1,34,37,32,-1,32,37,38,-1,32,38,30,-1,30,38,39,-1,30,39,28,-1,28,39,40,-1,28,40,26,-1,26,40,41,-1,26,41,24,-1,24,41,42,-1,24,42,22,-1,22,42,43,-1,22,43,20,-1,20,43,44,-1,20,44,18,-1,18,44,45,-1,18,45,16,-1,16,45,46,-1,16,46,14,-1,12,14,47,-1,47,14,46,-1,10,12,48,-1,48,12,47,-1,8,10,49,-1,49,10,48,-1,8,49,50,-1,8,50,6,-1,6,50,51,-1,6,51,4,-1,4,51,35,-1,4,35,2,-1,21,52,53,-1,21,53,23,-1,23,53,54,-1,23,54,25,-1,25,54,55,-1,25,55,27,-1,27,55,56,-1,27,56,29,-1,15,57,58,-1,15,58,17,-1,17,58,59,-1,17,59,19,-1,19,59,52,-1,19,52,21,-1,15,13,57,-1,57,13,60,-1,13,11,60,-1,60,11,61,-1,11,9,61,-1,61,9,62,-1,1,63,64,-1,1,64,3,-1,3,64,65,-1,3,65,5,-1,5,65,66,-1,5,66,7,-1,7,66,62,-1,7,62,9,-1,29,56,67,-1,29,67,31,-1,31,67,68,-1,31,68,33,-1,33,68,69,-1,33,69,0,-1,0,69,63,-1,0,63,1,-1,
        ]
    }
}
Shape{
    appearance Appearance {
        material  Material {
            diffuseColor 0.6666666666666666 0.6666666666666666 0.6666666666666666
            specularColor 0.4666666666666667 0.4666666666666667 0.4666666666666667
            ambientIntensity 0.6667
            transparency 0.0
            shininess 0.5
        }
    }
    geometry IndexedFaceSet {
        ccw TRUE
        solid FALSE
        coord DEF co Coordinate {
            point [
                0.5927 -0.4244 0.5315, 0.5927 -0.4464 0.5315, 0.597 -0.4244 0.5315, 0.5968 -0.4464 0.5315, 0.6008 -0.446 0.5315, 0.6031 -0.4451 0.5315, 0.605 -0.4438 0.5315, 0.6053 -0.4435 0.5315, 0.6067 -0.4417 0.5315, 0.6077 -0.4396 0.5315, 0.6084 -0.4351 0.5315, 0.6052 -0.4271 0.5315, 0.6033 -0.4258 0.5315, 0.608 -0.4316 0.5315, 0.6071 -0.4295 0.5315, 0.606 -0.4279 0.5315, 0.6083 -0.437 0.5315, 0.6009 -0.4248 0.5315
            ]
        }
        coordIndex [
            0,1,2,-1,2,1,3,-1,3,4,2,-1,2,4,5,-1,2,5,6,-1,6,7,2,-1,2,7,8,-1,2,8,9,-1,10,11,12,-1,13,14,10,-1,10,14,15,-1,10,15,11,-1,9,16,2,-1,2,16,10,-1,2,10,17,-1,17,10,12,-1,
        ]
    }
}
Shape{
    appearance Appearance {
        material  Material {
            diffuseColor 0.0 0.0 0.0
            specularColor 0.0 0.0 0.0
            ambientIntensity 0.0
            transparency 0.0
            shininess 0.5
        }
    }
    geometry IndexedFaceSet {
        ccw TRUE
        solid FALSE
        coord DEF co Coordinate {
            point [
                0.555 -0.4447 0.5354, 0.555 -0.4447 0.5315, 0.5548 -0.4456 0.5315, 0.5548 -0.4456 0.5354, 0.5546 -0.4463 0.5315, 0.5546 -0.4463 0.5354, 0.5545 -0.4463 0.5354, 0.5545 -0.4463 0.5315, 0.5541 -0.4446 0.5354, 0.5541 -0.4446 0.5315, 0.5487 -0.4293 0.5354, 0.5505 -0.4342 0.5315, 0.5487 -0.4293 0.5315, 0.5447 -0.4293 0.5354, 0.5447 -0.4293 0.5315, 0.5527 -0.4497 0.5354, 0.5505 -0.4439 0.5315, 0.5527 -0.4497 0.5315, 0.5512 -0.4534 0.5315, 0.5512 -0.4534 0.5354, 0.5526 -0.4499 0.5315, 0.5505 -0.4547 0.5315, 0.5505 -0.4547 0.5354, 0.5498 -0.4554 0.5315, 0.5498 -0.4554 0.5354, 0.5492 -0.4558 0.5315, 0.5492 -0.4558 0.5354, 0.5484 -0.4561 0.5315, 0.5484 -0.4561 0.5354, 0.5475 -0.4563 0.5315, 0.5475 -0.4563 0.5354, 0.5462 -0.4561 0.5315, 0.5462 -0.4561 0.5354, 0.5455 -0.4558 0.5315, 0.5455 -0.4558 0.5354, 0.5455 -0.459 0.5354, 0.5455 -0.459 0.5315, 0.547 -0.4593 0.5315, 0.547 -0.4593 0.5354, 0.5478 -0.4593 0.5315, 0.5478 -0.4593 0.5354, 0.5492 -0.4592 0.5315, 0.5492 -0.4592 0.5354, 0.5505 -0.4587 0.5315, 0.5506 -0.4586 0.5354, 0.5506 -0.4586 0.5315, 0.5519 -0.4577 0.5315, 0.5519 -0.4577 0.5354, 0.5521 -0.4575 0.5315, 0.5521 -0.4575 0.5354, 0.5534 -0.4559 0.5315, 0.5534 -0.4559 0.5354, 0.5551 -0.4528 0.5315, 0.5551 -0.4528 0.5354, 0.5643 -0.4293 0.5315, 0.5643 -0.4293 0.5354, 0.5562 -0.4499 0.5315, 0.5606 -0.4293 0.5354, 0.5606 -0.4293 0.5315, 0.5346 -0.4502 0.5315, 0.537 -0.4499 0.5315, 0.5346 -0.4502 0.5354, 0.5374 -0.4499 0.5354, 0.5374 -0.4499 0.5315, 0.5394 -0.4492 0.5315, 0.5394 -0.4492 0.5354, 0.5406 -0.4486 0.5315, 0.5406 -0.4486 0.5354, 0.5416 -0.4477 0.5315, 0.5416 -0.4477 0.5354, 0.5422 -0.4467 0.5315, 0.5422 -0.4467 0.5354, 0.5427 -0.4456 0.5315, 0.5427 -0.4456 0.5354, 0.5429 -0.4441 0.5315, 0.5429 -0.4441 0.5354, 0.5427 -0.4428 0.5315, 0.5427 -0.4428 0.5354, 0.5423 -0.4418 0.5315, 0.5423 -0.4418 0.5354, 0.5417 -0.4408 0.5315, 0.5417 -0.4408 0.5354, 0.5408 -0.44 0.5315, 0.5408 -0.44 0.5354, 0.5384 -0.4387 0.5315, 0.5384 -0.4387 0.5354, 0.537 -0.4381 0.5315, 0.537 -0.4381 0.5354, 0.5348 -0.4372 0.5315, 0.5348 -0.4372 0.5354, 0.5336 -0.4364 0.5315, 0.5336 -0.4364 0.5354, 0.5332 -0.436 0.5315, 0.5332 -0.436 0.5354, 0.5329 -0.4355 0.5315, 0.5329 -0.4355 0.5354, 0.5328 -0.4349 0.5315, 0.5328 -0.4349 0.5354, 0.5328 -0.4345 0.5315, 0.5328 -0.4345 0.5354, 0.5328 -0.4339 0.5315, 0.5328 -0.4339 0.5354, 0.533 -0.4334 0.5315, 0.533 -0.4334 0.5354, 0.5333 -0.433 0.5315, 0.5333 -0.433 0.5354, 0.5339 -0.4325 0.5315, 0.5339 -0.4325 0.5354, 0.5347 -0.4321 0.5315, 0.5347 -0.4321 0.5354, 0.5356 -0.4318 0.5315, 0.5356 -0.4318 0.5354, 0.5367 -0.4317 0.5315, 0.5367 -0.4317 0.5354, 0.539 -0.432 0.5315, 0.539 -0.432 0.5354, 0.5411 -0.4327 0.5315, 0.5411 -0.4327 0.5354, 0.5419 -0.4332 0.5315, 0.5419 -0.4332 0.5354, 0.5419 -0.4297 0.5354, 0.5419 -0.4297 0.5315, 0.5395 -0.429 0.5315, 0.5395 -0.429 0.5354, 0.537 -0.4288 0.5315, 0.537 -0.4288 0.5354, 0.5345 -0.4291 0.5315, 0.5345 -0.4291 0.5354, 0.5325 -0.4298 0.5315, 0.5325 -0.4298 0.5354, 0.5314 -0.4304 0.5315, 0.5314 -0.4304 0.5354, 0.5307 -0.431 0.5315, 0.5303 -0.4314 0.5354, 0.5303 -0.4314 0.5315, 0.5296 -0.4324 0.5315, 0.5296 -0.4324 0.5354, 0.5292 -0.4335 0.5315, 0.5292 -0.4335 0.5354, 0.5291 -0.4348 0.5315, 0.5291 -0.4348 0.5354, 0.5292 -0.4362 0.5315, 0.5292 -0.4362 0.5354, 0.5296 -0.4373 0.5315, 0.5296 -0.4373 0.5354, 0.5301 -0.438 0.5315, 0.5301 -0.438 0.5354, 0.5345 -0.4407 0.5315, 0.5345 -0.4407 0.5354, 0.5324 -0.4397 0.5354, 0.5307 -0.4386 0.5315, 0.5307 -0.4386 0.5354, 0.5307 -0.4387 0.5315, 0.5324 -0.4397 0.5315, 0.5369 -0.4417 0.5315, 0.5369 -0.4417 0.5354, 0.5383 -0.4426 0.5315, 0.5383 -0.4426 0.5354, 0.5387 -0.443 0.5315, 0.5387 -0.443 0.5354, 0.539 -0.4435 0.5315, 0.539 -0.4435 0.5354, 0.5391 -0.4441 0.5315, 0.5391 -0.4441 0.5354, 0.5392 -0.4445 0.5315, 0.5392 -0.4445 0.5354, 0.5391 -0.4452 0.5315, 0.5391 -0.4452 0.5354, 0.5389 -0.4457 0.5315, 0.5389 -0.4457 0.5354, 0.5386 -0.4462 0.5315, 0.5386 -0.4462 0.5354, 0.5382 -0.4465 0.5315, 0.5382 -0.4465 0.5354, 0.5379 -0.4467 0.5315, 0.5379 -0.4467 0.5354, 0.5369 -0.4471 0.5315, 0.5369 -0.4471 0.5354, 0.5351 -0.4473 0.5315, 0.5351 -0.4473 0.5354, 0.535 -0.4473 0.5315, 0.535 -0.4473 0.5354, 0.5291 -0.4453 0.5315, 0.5291 -0.4453 0.5354, 0.5304 -0.4461 0.5354, 0.5327 -0.447 0.5315, 0.5327 -0.447 0.5354, 0.5307 -0.4462 0.5315, 0.5304 -0.4461 0.5315, 0.5291 -0.449 0.5354, 0.5291 -0.449 0.5315, 0.5307 -0.4496 0.5315, 0.5313 -0.4498 0.5354, 0.5325 -0.4499 0.5315, 0.5313 -0.4498 0.5315, 0.5206 -0.4497 0.5354, 0.5242 -0.4497 0.5354, 0.5206 -0.4465 0.5354, 0.5242 -0.4366 0.5354, 0.5206 -0.4367 0.5354, 0.5128 -0.441 0.5354, 0.5136 -0.4406 0.5354, 0.5205 -0.4465 0.5354, 0.5186 -0.446 0.5354, 0.52 -0.4474 0.5354, 0.5176 -0.4467 0.5354, 0.5158 -0.4401 0.5354, 0.5206 -0.4395 0.5354, 0.5206 -0.4414 0.5354, 0.5206 -0.4416 0.5354, 0.5204 -0.4432 0.5354, 0.5199 -0.4445 0.5354, 0.5191 -0.4456 0.5354, 0.5205 -0.4351 0.5354, 0.5239 -0.4339 0.5354, 0.5201 -0.4339 0.5354, 0.5234 -0.4322 0.5354, 0.5197 -0.4331 0.5354, 0.5226 -0.4311 0.5354, 0.5192 -0.4325 0.5354, 0.5217 -0.4301 0.5354, 0.5185 -0.4321 0.5354, 0.5205 -0.4295 0.5354, 0.5177 -0.4318 0.5354, 0.519 -0.429 0.5354, 0.5165 -0.4317 0.5354, 0.5168 -0.4288 0.5354, 0.5142 -0.432 0.5354, 0.5132 -0.4292 0.5354, 0.512 -0.4328 0.5354, 0.5105 -0.4303 0.5354, 0.5098 -0.4342 0.5354, 0.5098 -0.4307 0.5354, 0.5122 -0.446 0.5354, 0.5095 -0.4486 0.5354, 0.5125 -0.4463 0.5354, 0.5108 -0.4494 0.5354, 0.5132 -0.4468 0.5354, 0.5121 -0.4499 0.5354, 0.514 -0.4471 0.5354, 0.5143 -0.4502 0.5354, 0.5152 -0.4472 0.5354, 0.5161 -0.45 0.5354, 0.5165 -0.4471 0.5354, 0.5176 -0.4494 0.5354, 0.5188 -0.4486 0.5354, 0.5115 -0.4434 0.5354, 0.5078 -0.4438 0.5354, 0.5114 -0.4439 0.5354, 0.5078 -0.4442 0.5354, 0.5115 -0.4448 0.5354, 0.508 -0.4459 0.5354, 0.5118 -0.4454 0.5354, 0.5084 -0.4471 0.5354, 0.5092 -0.4482 0.5354, 0.5146 -0.4376 0.5354, 0.5119 -0.4382 0.5354, 0.5124 -0.4414 0.5354, 0.5104 -0.439 0.5354, 0.5119 -0.4419 0.5354, 0.5093 -0.4399 0.5354, 0.5116 -0.4426 0.5354, 0.5085 -0.441 0.5354, 0.508 -0.4422 0.5354, 0.5165 -0.4317 0.5315, 0.5177 -0.4318 0.5315, 0.5185 -0.4321 0.5315, 0.5192 -0.4325 0.5315, 0.5197 -0.4331 0.5315, 0.5201 -0.4339 0.5315, 0.5205 -0.4351 0.5315, 0.5206 -0.4367 0.5315, 0.5146 -0.4376 0.5315, 0.5119 -0.4382 0.5315, 0.5104 -0.439 0.5315, 0.5093 -0.4399 0.5315, 0.5085 -0.441 0.5315, 0.508 -0.4422 0.5315, 0.5078 -0.4438 0.5315, 0.5078 -0.4442 0.5315, 0.508 -0.4459 0.5315, 0.5084 -0.4471 0.5315, 0.5092 -0.4482 0.5315, 0.5095 -0.4486 0.5315, 0.5143 -0.4502 0.5315, 0.5122 -0.4499 0.5315, 0.5121 -0.4499 0.5315, 0.5108 -0.4494 0.5315, 0.5161 -0.45 0.5315, 0.5162 -0.4499 0.5315, 0.5176 -0.4494 0.5315, 0.5188 -0.4486 0.5315, 0.52 -0.4474 0.5315, 0.5205 -0.4465 0.5315, 0.5206 -0.4465 0.5315, 0.5206 -0.4497 0.5315, 0.5242 -0.4497 0.5315, 0.5242 -0.4366 0.5315, 0.5239 -0.4339 0.5315, 0.5234 -0.4322 0.5315, 0.5226 -0.4311 0.5315, 0.5217 -0.4301 0.5315, 0.5205 -0.4295 0.5315, 0.519 -0.429 0.5315, 0.5168 -0.4288 0.5315, 0.5132 -0.4292 0.5315, 0.5105 -0.4303 0.5315, 0.5098 -0.4307 0.5315, 0.5098 -0.4342 0.5315, 0.512 -0.4328 0.5315, 0.5142 -0.432 0.5315, 0.5191 -0.4456 0.5315, 0.5186 -0.446 0.5315, 0.5176 -0.4467 0.5315, 0.5165 -0.4471 0.5315, 0.5152 -0.4472 0.5315, 0.5206 -0.4414 0.5315, 0.5206 -0.4416 0.5315, 0.5204 -0.4432 0.5315, 0.5199 -0.4445 0.5315, 0.5206 -0.4395 0.5315, 0.5158 -0.4401 0.5315, 0.5124 -0.4414 0.5315, 0.5128 -0.441 0.5315, 0.5136 -0.4406 0.5315, 0.5114 -0.4439 0.5315, 0.5115 -0.4434 0.5315, 0.5116 -0.4426 0.5315, 0.5119 -0.4419 0.5315, 0.5125 -0.4463 0.5315, 0.5122 -0.446 0.5315, 0.5118 -0.4454 0.5315, 0.5115 -0.4448 0.5315, 0.514 -0.4471 0.5315, 0.5132 -0.4468 0.5315
            ]
        }
        coordIndex [
            0,1,2,-1,0,2,3,-1,3,2,4,-1,3,4,5,-1,6,5,7,-1,7,5,4,-1,8,6,9,-1,9,6,7,-1,8,9,10,-1,10,9,11,-1,10,11,12,-1,13,10,14,-1,14,10,12,-1,13,14,15,-1,15,14,16,-1,15,16,17,-1,18,19,20,-1,20,19,15,-1,20,15,17,-1,19,18,21,-1,19,21,22,-1,22,21,23,-1,22,23,24,-1,24,23,25,-1,24,25,26,-1,26,25,27,-1,26,27,28,-1,28,27,29,-1,28,29,30,-1,30,29,31,-1,30,31,32,-1,32,31,33,-1,32,33,34,-1,35,34,36,-1,36,34,33,-1,35,36,37,-1,35,37,38,-1,38,37,39,-1,38,39,40,-1,40,39,41,-1,40,41,42,-1,42,41,43,-1,42,43,44,-1,43,45,44,-1,44,45,46,-1,44,46,47,-1,47,46,48,-1,47,48,49,-1,49,48,50,-1,49,50,51,-1,51,50,52,-1,51,52,53,-1,54,55,56,-1,56,55,53,-1,56,53,52,-1,57,55,58,-1,58,55,54,-1,0,57,1,-1,1,57,58,-1,3,5,53,-1,55,57,53,-1,53,57,0,-1,53,0,3,-1,10,13,8,-1,8,13,15,-1,8,15,6,-1,34,35,32,-1,32,35,38,-1,32,38,30,-1,30,38,40,-1,30,40,28,-1,28,40,42,-1,28,42,26,-1,26,42,44,-1,26,44,24,-1,5,6,53,-1,53,6,15,-1,53,15,51,-1,15,19,51,-1,51,19,22,-1,51,22,49,-1,49,22,24,-1,49,24,47,-1,47,24,44,-1,59,60,61,-1,61,60,62,-1,60,63,62,-1,62,63,64,-1,62,64,65,-1,65,64,66,-1,65,66,67,-1,67,66,68,-1,67,68,69,-1,69,68,70,-1,69,70,71,-1,71,70,72,-1,71,72,73,-1,73,72,74,-1,73,74,75,-1,75,74,76,-1,75,76,77,-1,77,76,78,-1,77,78,79,-1,79,78,80,-1,79,80,81,-1,81,80,82,-1,81,82,83,-1,83,82,84,-1,83,84,85,-1,85,84,86,-1,85,86,87,-1,87,86,88,-1,87,88,89,-1,89,88,90,-1,89,90,91,-1,91,90,92,-1,91,92,93,-1,93,92,94,-1,93,94,95,-1,95,94,96,-1,95,96,97,-1,97,96,98,-1,97,98,99,-1,99,98,100,-1,99,100,101,-1,101,100,102,-1,101,102,103,-1,103,102,104,-1,103,104,105,-1,105,104,106,-1,105,106,107,-1,107,106,108,-1,107,108,109,-1,109,108,110,-1,109,110,111,-1,111,110,112,-1,111,112,113,-1,113,112,114,-1,113,114,115,-1,115,114,116,-1,115,116,117,-1,117,116,118,-1,117,118,119,-1,120,119,121,-1,121,119,118,-1,120,121,122,-1,120,122,123,-1,123,122,124,-1,123,124,125,-1,125,124,126,-1,125,126,127,-1,127,126,128,-1,127,128,129,-1,129,128,130,-1,129,130,131,-1,130,132,131,-1,131,132,133,-1,132,134,133,-1,133,134,135,-1,133,135,136,-1,136,135,137,-1,136,137,138,-1,138,137,139,-1,138,139,140,-1,140,139,141,-1,140,141,142,-1,142,141,143,-1,142,143,144,-1,144,143,145,-1,144,145,146,-1,147,148,149,-1,146,145,150,-1,146,150,151,-1,151,150,152,-1,151,152,149,-1,149,152,153,-1,149,153,147,-1,148,147,154,-1,148,154,155,-1,155,154,156,-1,155,156,157,-1,157,156,158,-1,157,158,159,-1,159,158,160,-1,159,160,161,-1,161,160,162,-1,161,162,163,-1,163,162,164,-1,163,164,165,-1,165,164,166,-1,165,166,167,-1,167,166,168,-1,167,168,169,-1,169,168,170,-1,169,170,171,-1,171,170,172,-1,171,172,173,-1,173,172,174,-1,173,174,175,-1,175,174,176,-1,175,176,177,-1,177,176,178,-1,177,178,179,-1,179,178,180,-1,179,180,181,-1,182,183,184,-1,181,180,185,-1,181,185,186,-1,186,185,187,-1,186,187,184,-1,184,187,188,-1,184,188,182,-1,189,183,190,-1,190,183,182,-1,190,191,189,-1,189,191,192,-1,59,61,193,-1,193,61,192,-1,193,192,194,-1,194,192,191,-1,105,107,129,-1,129,107,127,-1,89,148,87,-1,87,148,155,-1,87,155,85,-1,61,181,192,-1,192,181,186,-1,192,186,189,-1,189,186,184,-1,189,184,183,-1,107,109,127,-1,127,109,111,-1,127,111,125,-1,125,111,113,-1,125,113,123,-1,123,113,115,-1,123,115,120,-1,120,115,117,-1,120,117,119,-1,85,155,83,-1,83,155,157,-1,83,157,81,-1,81,157,159,-1,81,159,79,-1,79,159,161,-1,79,161,77,-1,77,161,163,-1,77,163,75,-1,75,163,165,-1,75,165,73,-1,73,165,167,-1,73,167,71,-1,71,167,169,-1,71,169,69,-1,69,169,171,-1,69,171,67,-1,67,171,173,-1,67,173,65,-1,65,173,175,-1,65,175,62,-1,62,175,177,-1,62,177,61,-1,61,177,179,-1,61,179,181,-1,129,131,105,-1,105,131,133,-1,105,133,103,-1,103,133,136,-1,103,136,101,-1,101,136,138,-1,101,138,99,-1,99,138,140,-1,99,140,97,-1,97,140,142,-1,97,142,95,-1,95,142,144,-1,95,144,93,-1,93,144,146,-1,93,146,91,-1,91,146,151,-1,91,151,89,-1,89,151,149,-1,89,149,148,-1,195,196,197,-1,197,196,198,-1,199,200,201,-1,202,203,204,-1,204,203,205,-1,206,207,198,-1,198,207,208,-1,208,209,198,-1,198,209,210,-1,198,210,197,-1,197,210,211,-1,197,211,202,-1,202,211,212,-1,202,212,203,-1,201,206,199,-1,199,206,198,-1,199,198,213,-1,213,198,214,-1,213,214,215,-1,215,214,216,-1,215,216,217,-1,217,216,218,-1,217,218,219,-1,219,218,220,-1,219,220,221,-1,221,220,222,-1,221,222,223,-1,223,222,224,-1,223,224,225,-1,225,224,226,-1,225,226,227,-1,227,226,228,-1,227,228,229,-1,229,228,230,-1,229,230,231,-1,231,230,232,-1,233,234,235,-1,235,234,236,-1,235,236,237,-1,237,236,238,-1,237,238,239,-1,239,238,240,-1,239,240,241,-1,241,240,242,-1,241,242,243,-1,243,242,244,-1,243,244,205,-1,205,244,245,-1,205,245,204,-1,246,247,248,-1,248,247,249,-1,248,249,250,-1,250,249,251,-1,250,251,252,-1,252,251,253,-1,252,253,233,-1,233,253,254,-1,233,254,234,-1,199,255,200,-1,200,255,256,-1,200,256,257,-1,257,256,258,-1,257,258,259,-1,259,258,260,-1,259,260,261,-1,261,260,262,-1,261,262,246,-1,246,262,263,-1,246,263,247,-1,225,264,265,-1,225,265,223,-1,223,265,266,-1,223,266,221,-1,221,266,267,-1,221,267,219,-1,219,267,268,-1,219,268,217,-1,217,268,269,-1,217,269,215,-1,215,269,270,-1,215,270,213,-1,213,270,271,-1,213,271,199,-1,255,199,272,-1,272,199,271,-1,255,272,273,-1,255,273,256,-1,256,273,274,-1,256,274,258,-1,258,274,275,-1,258,275,260,-1,260,275,276,-1,260,276,262,-1,262,276,277,-1,262,277,263,-1,263,277,278,-1,263,278,247,-1,247,278,279,-1,247,279,249,-1,249,279,280,-1,249,280,251,-1,251,280,281,-1,251,281,253,-1,253,281,282,-1,253,282,254,-1,254,282,283,-1,254,283,234,-1,284,240,285,-1,285,240,238,-1,285,238,286,-1,286,238,236,-1,286,236,287,-1,287,236,234,-1,287,234,283,-1,240,284,288,-1,240,288,242,-1,242,288,289,-1,242,289,244,-1,289,290,244,-1,244,290,291,-1,244,291,245,-1,245,291,292,-1,245,292,204,-1,204,292,293,-1,204,293,202,-1,197,202,294,-1,294,202,293,-1,195,197,295,-1,295,197,294,-1,196,195,296,-1,296,195,295,-1,198,196,297,-1,297,196,296,-1,198,297,298,-1,198,298,214,-1,214,298,299,-1,214,299,216,-1,216,299,300,-1,216,300,218,-1,218,300,301,-1,218,301,220,-1,220,301,302,-1,220,302,222,-1,222,302,303,-1,222,303,224,-1,224,303,304,-1,224,304,226,-1,226,304,305,-1,226,305,228,-1,228,305,306,-1,228,306,230,-1,230,306,307,-1,230,307,232,-1,231,232,308,-1,308,232,307,-1,231,308,309,-1,231,309,229,-1,229,309,310,-1,229,310,227,-1,227,310,264,-1,227,264,225,-1,212,311,312,-1,212,312,203,-1,203,312,313,-1,203,313,205,-1,205,313,314,-1,205,314,243,-1,243,314,315,-1,243,315,241,-1,208,316,317,-1,208,317,209,-1,209,317,318,-1,209,318,210,-1,210,318,319,-1,210,319,211,-1,211,319,311,-1,211,311,212,-1,208,207,316,-1,316,207,320,-1,207,206,320,-1,320,206,321,-1,257,322,323,-1,257,323,200,-1,200,323,324,-1,200,324,201,-1,201,324,321,-1,201,321,206,-1,248,325,326,-1,248,326,246,-1,246,326,327,-1,246,327,261,-1,261,327,328,-1,261,328,259,-1,259,328,322,-1,259,322,257,-1,235,329,330,-1,235,330,233,-1,233,330,331,-1,233,331,252,-1,252,331,332,-1,252,332,250,-1,250,332,325,-1,250,325,248,-1,241,315,333,-1,241,333,239,-1,239,333,334,-1,239,334,237,-1,237,334,329,-1,237,329,235,-1,
        ]
    }
}
Shape{
    appearance Appearance {
        material  Material {
            diffuseColor 0.6666666666666666 0.6666666666666666 0.6666666666666666
            specularColor 0.4666666666666667 0.4666666666666667 0.4666666666666667
            ambientIntensity 0.6667
            transparency 0.0
            shininess 0.5
        }
    }
    geometry IndexedFaceSet {
        ccw TRUE
        solid FALSE
        coord DEF co Coordinate {
            point [
                0.5206 -0.4416 0.5315, 0.5206 -0.4414 0.5315, 0.5124 -0.4414 0.5315, 0.5206 -0.4395 0.5315, 0.5158 -0.4401 0.5315, 0.5136 -0.4406 0.5315, 0.5128 -0.441 0.5315, 0.5204 -0.4432 0.5315, 0.5119 -0.4419 0.5315, 0.5199 -0.4445 0.5315, 0.5122 -0.446 0.5315, 0.5125 -0.4463 0.5315, 0.5186 -0.446 0.5315, 0.5118 -0.4454 0.5315, 0.5176 -0.4467 0.5315, 0.5165 -0.4471 0.5315, 0.5152 -0.4472 0.5315, 0.5116 -0.4426 0.5315, 0.5115 -0.4434 0.5315, 0.5191 -0.4456 0.5315, 0.5114 -0.4439 0.5315, 0.5115 -0.4448 0.5315, 0.5132 -0.4468 0.5315, 0.514 -0.4471 0.5315
            ]
        }
        coordIndex [
            0,1,2,-1,1,3,4,-1,4,5,1,-1,1,5,6,-1,1,6,2,-1,0,2,7,-1,7,2,8,-1,7,8,9,-1,10,11,12,-1,10,12,13,-1,14,12,15,-1,15,12,16,-1,8,17,9,-1,9,17,18,-1,9,18,19,-1,19,18,20,-1,19,20,12,-1,12,20,21,-1,12,21,13,-1,11,22,12,-1,12,22,23,-1,12,23,16,-1,
        ]
    }
}
Shape{
    appearance Appearance {
        material  Material {
            diffuseColor 0.0 0.0 0.0
            specularColor 0.0 0.0 0.0
            ambientIntensity 0.0
            transparency 0.0
            shininess 0.5
        }
    }
    geometry IndexedFaceSet {
        ccw TRUE
        solid FALSE
        coord DEF co Coordinate {
            point [
                0.3627 -0.4538 0.5354, 0.3657 -0.4575 0.5354, 0.3608 -0.4358 0.5354, 0.3573 -0.4004 0.5354, 0.3618 -0.398 0.5354, 0.3608 -0.3855 0.5354, 0.3735 -0.3849 0.5354, 0.3798 -0.3998 0.5354, 0.3829 -0.3933 0.5354, 0.4003 -0.4429 0.5354, 0.4003 -0.4409 0.5354, 0.3831 -0.4359 0.5354, 0.3812 -0.4353 0.5354, 0.3564 -0.433 0.5354, 0.3581 -0.4486 0.5354, 0.3606 -0.4494 0.5354, 0.3688 -0.3845 0.5354, 0.3861 -0.4384 0.5354, 0.3871 -0.44 0.5354, 0.4002 -0.445 0.5354, 0.4288 -0.4258 0.5354, 0.4225 -0.415 0.5354, 0.3952 -0.4293 0.5354, 0.3798 -0.4352 0.5354, 0.3778 -0.4354 0.5354, 0.3751 -0.4229 0.5354, 0.376 -0.4361 0.5354, 0.3706 -0.4247 0.5354, 0.3744 -0.4372 0.5354, 0.3665 -0.4276 0.5354, 0.3736 -0.4381 0.5354, 0.3631 -0.4314 0.5354, 0.3725 -0.4398 0.5354, 0.3719 -0.4417 0.5354, 0.3719 -0.4437 0.5354, 0.3873 -0.4237 0.5354, 0.3824 -0.4225 0.5354, 0.38 -0.4224 0.5354, 0.3848 -0.437 0.5354, 0.4355 -0.4057 0.5354, 0.4371 -0.4057 0.5354, 0.4454 -0.3947 0.5354, 0.441 -0.4062 0.5354, 0.4464 -0.395 0.5354, 0.4445 -0.4075 0.5354, 0.4525 -0.398 0.5354, 0.458 -0.4027 0.5354, 0.3776 -0.3801 0.5354, 0.3874 -0.3879 0.5354, 0.3824 -0.376 0.5354, 0.3929 -0.3839 0.5354, 0.3879 -0.3726 0.5354, 0.3669 -0.3968 0.5354, 0.369 -0.3967 0.5354, 0.3711 -0.3847 0.5354, 0.3738 -0.3973 0.5354, 0.3783 -0.399 0.5354, 0.3917 -0.426 0.5354, 0.458 -0.4407 0.5354, 0.4486 -0.4326 0.5354, 0.4525 -0.4453 0.5354, 0.4456 -0.435 0.5354, 0.4463 -0.4484 0.5354, 0.442 -0.4367 0.5354, 0.4395 -0.4498 0.5354, 0.4383 -0.4374 0.5354, 0.4275 -0.4498 0.5354, 0.4292 -0.4374 0.5354, 0.4264 -0.4496 0.5354, 0.3722 -0.4456 0.5354, 0.373 -0.4473 0.5354, 0.4477 -0.4097 0.5354, 0.45 -0.4123 0.5354, 0.4621 -0.4085 0.5354, 0.4519 -0.4158 0.5354, 0.4646 -0.4147 0.5354, 0.4529 -0.4198 0.5354, 0.4656 -0.4213 0.5354, 0.453 -0.4215 0.5354, 0.4646 -0.4286 0.5354, 0.4525 -0.4255 0.5354, 0.4621 -0.435 0.5354, 0.4511 -0.4291 0.5354, 0.4488 -0.4323 0.5354, 0.4345 -0.3786 0.5354, 0.4265 -0.388 0.5354, 0.4413 -0.3867 0.5354, 0.4311 -0.3935 0.5354, 0.4342 -0.4 0.5354, 0.3493 -0.4121 0.5354, 0.3359 -0.4155 0.5354, 0.3486 -0.4171 0.5354, 0.3358 -0.4175 0.5354, 0.3489 -0.4202 0.5354, 0.3368 -0.4254 0.5354, 0.3504 -0.4252 0.5354, 0.3397 -0.433 0.5354, 0.3528 -0.4293 0.5354, 0.3444 -0.4396 0.5354, 0.3507 -0.445 0.5354, 0.3876 -0.4419 0.5354, 0.3876 -0.4439 0.5354, 0.399 -0.45 0.5354, 0.3872 -0.4458 0.5354, 0.3966 -0.4546 0.5354, 0.3863 -0.4476 0.5354, 0.3935 -0.4581 0.5354, 0.3851 -0.449 0.5354, 0.3894 -0.4609 0.5354, 0.3835 -0.4501 0.5354, 0.3849 -0.4626 0.5354, 0.3818 -0.4508 0.5354, 0.38 -0.4632 0.5354, 0.3798 -0.451 0.5354, 0.3792 -0.4632 0.5354, 0.3794 -0.451 0.5354, 0.3744 -0.4625 0.5354, 0.3776 -0.4507 0.5354, 0.3697 -0.4605 0.5354, 0.3757 -0.4499 0.5354, 0.3742 -0.4487 0.5354, 0.3974 -0.3691 0.5354, 0.3995 -0.3812 0.5354, 0.4068 -0.3681 0.5354, 0.407 -0.3803 0.5354, 0.4162 -0.3692 0.5354, 0.4139 -0.3811 0.5354, 0.4263 -0.373 0.5354, 0.4203 -0.3836 0.5354, 0.426 -0.3875 0.5354, 0.3532 -0.3884 0.5354, 0.3468 -0.393 0.5354, 0.3538 -0.4036 0.5354, 0.3454 -0.3943 0.5354, 0.351 -0.4076 0.5354, 0.3405 -0.4006 0.5354, 0.3373 -0.4079 0.5354, 0.4281 -0.4372 0.5354, 0.4233 -0.4477 0.5354, 0.4237 -0.4481 0.5354, 0.4288 -0.4373 0.5354, 0.4251 -0.4491 0.5354, 0.4216 -0.4435 0.5354, 0.4218 -0.445 0.5354, 0.4224 -0.4464 0.5354, 0.4264 -0.4374 0.5354, 0.425 -0.4379 0.5354, 0.4217 -0.4427 0.5354, 0.4237 -0.4388 0.5354, 0.4229 -0.4398 0.5354, 0.4221 -0.4411 0.5354, 0.4279 -0.4372 0.5354, 0.4656 -0.4213 0.5315, 0.4646 -0.4147 0.5315, 0.4639 -0.413 0.5315, 0.4621 -0.4085 0.5315, 0.458 -0.4027 0.5315, 0.4525 -0.398 0.5315, 0.4464 -0.395 0.5315, 0.4454 -0.3947 0.5315, 0.4413 -0.3867 0.5315, 0.4345 -0.3786 0.5315, 0.4299 -0.3755 0.5315, 0.4263 -0.373 0.5315, 0.4162 -0.3692 0.5315, 0.4068 -0.3681 0.5315, 0.3824 -0.376 0.5315, 0.3832 -0.3755 0.5315, 0.3879 -0.3726 0.5315, 0.3974 -0.3691 0.5315, 0.3776 -0.3801 0.5315, 0.3735 -0.3849 0.5315, 0.3711 -0.3847 0.5315, 0.3688 -0.3845 0.5315, 0.3608 -0.3855 0.5315, 0.3532 -0.3884 0.5315, 0.3468 -0.393 0.5315, 0.3454 -0.3943 0.5315, 0.3373 -0.4079 0.5315, 0.3405 -0.4006 0.5315, 0.3364 -0.413 0.5315, 0.3359 -0.4155 0.5315, 0.3358 -0.4175 0.5315, 0.3368 -0.4254 0.5315, 0.3397 -0.433 0.5315, 0.3444 -0.4396 0.5315, 0.3507 -0.445 0.5315, 0.3581 -0.4486 0.5315, 0.3606 -0.4494 0.5315, 0.3609 -0.4499 0.5315, 0.3627 -0.4538 0.5315, 0.3657 -0.4575 0.5315, 0.3697 -0.4605 0.5315, 0.3716 -0.4613 0.5315, 0.3744 -0.4625 0.5315, 0.3792 -0.4632 0.5315, 0.38 -0.4632 0.5315, 0.4003 -0.4429 0.5315, 0.3849 -0.4626 0.5315, 0.3884 -0.4613 0.5315, 0.3894 -0.4609 0.5315, 0.3935 -0.4581 0.5315, 0.3966 -0.4546 0.5315, 0.399 -0.45 0.5315, 0.399 -0.4499 0.5315, 0.4002 -0.445 0.5315, 0.4003 -0.4409 0.5315, 0.4288 -0.4258 0.5315, 0.4225 -0.415 0.5315, 0.3952 -0.4293 0.5315, 0.3917 -0.426 0.5315, 0.3873 -0.4237 0.5315, 0.3824 -0.4225 0.5315, 0.38 -0.4224 0.5315, 0.3751 -0.4229 0.5315, 0.3706 -0.4247 0.5315, 0.3665 -0.4276 0.5315, 0.3631 -0.4314 0.5315, 0.3608 -0.4358 0.5315, 0.3564 -0.433 0.5315, 0.3528 -0.4293 0.5315, 0.3504 -0.4252 0.5315, 0.3489 -0.4202 0.5315, 0.3486 -0.4171 0.5315, 0.3492 -0.413 0.5315, 0.3493 -0.4121 0.5315, 0.351 -0.4076 0.5315, 0.3538 -0.4036 0.5315, 0.3573 -0.4004 0.5315, 0.3618 -0.398 0.5315, 0.3669 -0.3968 0.5315, 0.369 -0.3967 0.5315, 0.3738 -0.3973 0.5315, 0.3783 -0.399 0.5315, 0.3798 -0.3998 0.5315, 0.3829 -0.3933 0.5315, 0.3874 -0.3879 0.5315, 0.3929 -0.3839 0.5315, 0.3995 -0.3812 0.5315, 0.407 -0.3803 0.5315, 0.4139 -0.3811 0.5315, 0.4203 -0.3836 0.5315, 0.426 -0.3875 0.5315, 0.4265 -0.388 0.5315, 0.4311 -0.3935 0.5315, 0.4342 -0.4 0.5315, 0.4355 -0.4057 0.5315, 0.4371 -0.4057 0.5315, 0.441 -0.4062 0.5315, 0.4445 -0.4075 0.5315, 0.4477 -0.4097 0.5315, 0.45 -0.4123 0.5315, 0.4503 -0.413 0.5315, 0.4519 -0.4158 0.5315, 0.4529 -0.4198 0.5315, 0.453 -0.4215 0.5315, 0.4525 -0.4255 0.5315, 0.4511 -0.4291 0.5315, 0.4488 -0.4323 0.5315, 0.4486 -0.4326 0.5315, 0.4456 -0.435 0.5315, 0.442 -0.4367 0.5315, 0.4383 -0.4374 0.5315, 0.4292 -0.4374 0.5315, 0.4288 -0.4373 0.5315, 0.4281 -0.4372 0.5315, 0.4279 -0.4372 0.5315, 0.4264 -0.4374 0.5315, 0.425 -0.4379 0.5315, 0.4237 -0.4388 0.5315, 0.4229 -0.4398 0.5315, 0.4221 -0.4411 0.5315, 0.4217 -0.4427 0.5315, 0.4216 -0.4435 0.5315, 0.4218 -0.445 0.5315, 0.4224 -0.4464 0.5315, 0.4233 -0.4477 0.5315, 0.4237 -0.4481 0.5315, 0.4251 -0.4491 0.5315, 0.4264 -0.4496 0.5315, 0.4275 -0.4498 0.5315, 0.4395 -0.4498 0.5315, 0.4463 -0.4484 0.5315, 0.4525 -0.4453 0.5315, 0.458 -0.4407 0.5315, 0.4621 -0.435 0.5315, 0.4646 -0.4286 0.5315, 0.3798 -0.4352 0.5315, 0.3812 -0.4353 0.5315, 0.3831 -0.4359 0.5315, 0.3848 -0.437 0.5315, 0.3861 -0.4384 0.5315, 0.3871 -0.44 0.5315, 0.3876 -0.4419 0.5315, 0.3876 -0.4439 0.5315, 0.3872 -0.4458 0.5315, 0.3863 -0.4476 0.5315, 0.3851 -0.449 0.5315, 0.3835 -0.4501 0.5315, 0.3818 -0.4508 0.5315, 0.3798 -0.451 0.5315, 0.3794 -0.451 0.5315, 0.3776 -0.4507 0.5315, 0.3757 -0.4499 0.5315, 0.3742 -0.4487 0.5315, 0.373 -0.4473 0.5315, 0.3722 -0.4456 0.5315, 0.3719 -0.4437 0.5315, 0.3719 -0.4417 0.5315, 0.3725 -0.4398 0.5315, 0.3736 -0.4381 0.5315, 0.3744 -0.4372 0.5315, 0.376 -0.4361 0.5315, 0.3778 -0.4354 0.5315
            ]
        }
        coordIndex [
            0,1,2,-1,3,4,5,-1,6,7,8,-1,9,10,11,-1,11,10,12,-1,13,14,2,-1,2,14,15,-1,2,15,0,-1,5,4,16,-1,17,18,19,-1,20,21,10,-1,10,21,22,-1,10,22,12,-1,12,22,23,-1,24,25,26,-1,26,25,27,-1,26,27,28,-1,28,27,29,-1,28,29,30,-1,30,29,31,-1,30,31,32,-1,32,31,2,-1,32,2,33,-1,33,2,34,-1,35,36,24,-1,24,36,37,-1,24,37,25,-1,9,11,19,-1,19,11,38,-1,19,38,17,-1,39,40,41,-1,41,40,42,-1,41,42,43,-1,43,42,44,-1,43,44,45,-1,45,44,46,-1,6,8,47,-1,47,8,48,-1,47,48,49,-1,49,48,50,-1,49,50,51,-1,4,52,16,-1,16,52,53,-1,16,53,54,-1,54,53,55,-1,54,55,6,-1,6,55,56,-1,6,56,7,-1,23,22,24,-1,24,22,57,-1,24,57,35,-1,58,59,60,-1,60,59,61,-1,60,61,62,-1,62,61,63,-1,62,63,64,-1,64,63,65,-1,64,65,66,-1,66,65,67,-1,66,67,68,-1,34,2,69,-1,69,2,1,-1,69,1,70,-1,44,71,46,-1,46,71,72,-1,46,72,73,-1,73,72,74,-1,73,74,75,-1,75,74,76,-1,75,76,77,-1,77,76,78,-1,77,78,79,-1,79,78,80,-1,79,80,81,-1,81,80,82,-1,81,82,58,-1,58,82,83,-1,58,83,59,-1,84,85,86,-1,86,85,87,-1,86,87,41,-1,41,87,88,-1,41,88,39,-1,89,90,91,-1,91,90,92,-1,91,92,93,-1,93,92,94,-1,93,94,95,-1,95,94,96,-1,95,96,97,-1,97,96,98,-1,97,98,13,-1,13,98,99,-1,13,99,14,-1,18,100,19,-1,19,100,101,-1,19,101,102,-1,102,101,103,-1,102,103,104,-1,104,103,105,-1,104,105,106,-1,106,105,107,-1,106,107,108,-1,108,107,109,-1,108,109,110,-1,110,109,111,-1,110,111,112,-1,112,111,113,-1,112,113,114,-1,114,113,115,-1,114,115,116,-1,116,115,117,-1,116,117,118,-1,118,117,119,-1,118,119,1,-1,1,119,120,-1,1,120,70,-1,51,50,121,-1,121,50,122,-1,121,122,123,-1,123,122,124,-1,123,124,125,-1,125,124,126,-1,125,126,127,-1,127,126,128,-1,127,128,84,-1,84,128,129,-1,84,129,85,-1,5,130,3,-1,3,130,131,-1,3,131,132,-1,132,131,133,-1,132,133,134,-1,134,133,135,-1,134,135,89,-1,89,135,136,-1,89,136,90,-1,137,138,139,-1,67,140,68,-1,68,140,137,-1,68,137,141,-1,141,137,139,-1,142,143,137,-1,137,143,144,-1,137,144,138,-1,145,146,147,-1,146,148,147,-1,147,148,149,-1,147,149,150,-1,142,137,147,-1,147,137,151,-1,147,151,145,-1,77,152,153,-1,77,153,75,-1,75,153,154,-1,75,154,73,-1,154,155,73,-1,73,155,156,-1,73,156,46,-1,46,156,157,-1,46,157,45,-1,45,157,158,-1,45,158,43,-1,43,158,159,-1,43,159,41,-1,41,159,160,-1,41,160,86,-1,86,160,161,-1,86,161,84,-1,84,161,127,-1,127,161,162,-1,162,163,127,-1,127,163,164,-1,127,164,125,-1,125,164,165,-1,125,165,123,-1,166,49,167,-1,167,49,51,-1,167,51,168,-1,168,51,121,-1,168,121,169,-1,169,121,123,-1,169,123,165,-1,49,166,170,-1,49,170,47,-1,47,170,171,-1,47,171,6,-1,6,171,172,-1,6,172,54,-1,54,172,173,-1,54,173,16,-1,16,173,174,-1,16,174,5,-1,5,174,175,-1,5,175,130,-1,130,175,176,-1,130,176,131,-1,131,176,177,-1,131,177,133,-1,178,135,179,-1,179,135,133,-1,179,133,177,-1,180,90,178,-1,178,90,136,-1,178,136,135,-1,180,181,90,-1,90,181,182,-1,90,182,92,-1,92,182,183,-1,92,183,94,-1,94,183,184,-1,94,184,96,-1,96,184,185,-1,96,185,98,-1,98,185,186,-1,98,186,99,-1,99,186,187,-1,99,187,14,-1,14,187,188,-1,14,188,15,-1,15,188,189,-1,15,189,0,-1,189,190,0,-1,0,190,191,-1,0,191,1,-1,1,191,192,-1,1,192,118,-1,118,192,193,-1,118,193,116,-1,193,194,116,-1,116,194,195,-1,116,195,114,-1,114,195,196,-1,114,196,112,-1,197,9,19,-1,112,196,198,-1,112,198,110,-1,110,198,199,-1,110,199,108,-1,199,200,108,-1,108,200,201,-1,108,201,106,-1,106,201,202,-1,106,202,104,-1,104,202,203,-1,104,203,102,-1,102,203,204,-1,102,204,19,-1,19,204,205,-1,19,205,197,-1,10,9,206,-1,206,9,197,-1,20,10,207,-1,207,10,206,-1,21,20,208,-1,208,20,207,-1,22,21,209,-1,209,21,208,-1,22,209,210,-1,22,210,57,-1,57,210,211,-1,57,211,35,-1,35,211,212,-1,35,212,36,-1,36,212,213,-1,36,213,37,-1,37,213,214,-1,37,214,25,-1,25,214,215,-1,25,215,27,-1,27,215,216,-1,27,216,29,-1,29,216,217,-1,29,217,31,-1,31,217,218,-1,31,218,2,-1,2,218,219,-1,2,219,13,-1,13,219,220,-1,13,220,97,-1,97,220,221,-1,97,221,95,-1,95,221,222,-1,95,222,93,-1,93,222,223,-1,93,223,91,-1,223,224,91,-1,91,224,89,-1,224,225,89,-1,89,225,226,-1,89,226,134,-1,134,226,227,-1,134,227,132,-1,132,227,228,-1,132,228,3,-1,3,228,229,-1,3,229,4,-1,4,229,230,-1,4,230,52,-1,52,230,231,-1,52,231,53,-1,53,231,232,-1,53,232,55,-1,55,232,233,-1,55,233,56,-1,56,233,234,-1,56,234,7,-1,7,234,235,-1,7,235,8,-1,8,235,236,-1,8,236,48,-1,48,236,237,-1,48,237,50,-1,50,237,238,-1,50,238,122,-1,122,238,239,-1,122,239,124,-1,124,239,240,-1,124,240,126,-1,126,240,241,-1,126,241,128,-1,128,241,242,-1,128,242,129,-1,129,242,243,-1,129,243,85,-1,85,243,244,-1,85,244,87,-1,87,244,245,-1,87,245,88,-1,88,245,246,-1,88,246,39,-1,40,39,247,-1,247,39,246,-1,40,247,248,-1,40,248,42,-1,42,248,249,-1,42,249,44,-1,44,249,250,-1,44,250,71,-1,71,250,251,-1,71,251,72,-1,72,251,252,-1,72,252,74,-1,252,253,74,-1,74,253,254,-1,74,254,76,-1,76,254,255,-1,76,255,78,-1,78,255,256,-1,78,256,80,-1,80,256,257,-1,80,257,82,-1,82,257,258,-1,82,258,83,-1,83,258,259,-1,83,259,59,-1,59,259,260,-1,59,260,61,-1,61,260,261,-1,61,261,63,-1,63,261,262,-1,63,262,65,-1,67,65,263,-1,263,65,262,-1,67,263,264,-1,67,264,140,-1,140,264,265,-1,140,265,137,-1,137,265,266,-1,137,266,151,-1,151,266,267,-1,151,267,145,-1,145,267,268,-1,145,268,146,-1,146,268,269,-1,146,269,148,-1,148,269,270,-1,148,270,149,-1,149,270,271,-1,149,271,150,-1,150,271,272,-1,150,272,147,-1,147,272,273,-1,147,273,142,-1,142,273,274,-1,142,274,143,-1,143,274,275,-1,143,275,144,-1,144,275,276,-1,144,276,138,-1,138,276,277,-1,138,277,139,-1,139,277,278,-1,139,278,141,-1,141,278,279,-1,141,279,68,-1,68,279,280,-1,68,280,66,-1,64,66,281,-1,281,66,280,-1,64,281,282,-1,64,282,62,-1,62,282,283,-1,62,283,60,-1,60,283,284,-1,60,284,58,-1,58,284,285,-1,58,285,81,-1,81,285,286,-1,81,286,79,-1,79,286,152,-1,79,152,77,-1,23,287,288,-1,23,288,12,-1,12,288,289,-1,12,289,11,-1,11,289,290,-1,11,290,38,-1,38,290,291,-1,38,291,17,-1,17,291,292,-1,17,292,18,-1,18,292,293,-1,18,293,100,-1,100,293,294,-1,100,294,101,-1,101,294,295,-1,101,295,103,-1,103,295,296,-1,103,296,105,-1,105,296,297,-1,105,297,107,-1,107,297,298,-1,107,298,109,-1,109,298,299,-1,109,299,111,-1,111,299,300,-1,111,300,113,-1,113,300,301,-1,113,301,115,-1,115,301,302,-1,115,302,117,-1,117,302,303,-1,117,303,119,-1,119,303,304,-1,119,304,120,-1,120,304,305,-1,120,305,70,-1,70,305,306,-1,70,306,69,-1,69,306,307,-1,69,307,34,-1,34,307,308,-1,34,308,33,-1,33,308,309,-1,33,309,32,-1,32,309,310,-1,32,310,30,-1,30,310,311,-1,30,311,28,-1,28,311,312,-1,28,312,26,-1,26,312,313,-1,26,313,24,-1,24,313,287,-1,24,287,23,-1,
        ]
    }
}
Shape{
    appearance Appearance {
        material  Material {
            diffuseColor 0.6666666666666666 0.6666666666666666 0.6666666666666666
            specularColor 0.4666666666666667 0.4666666666666667 0.4666666666666667
            ambientIntensity 0.6667
            transparency 0.0
            shininess 0.5
        }
    }
    geometry IndexedFaceSet {
        ccw TRUE
        solid FALSE
        coord DEF co Coordinate {
            point [
                0.3794 -0.451 0.5315, 0.3744 -0.4372 0.5315, 0.3736 -0.4381 0.5315, 0.3818 -0.4508 0.5315, 0.3835 -0.4501 0.5315, 0.3812 -0.4353 0.5315, 0.3798 -0.4352 0.5315, 0.3778 -0.4354 0.5315, 0.376 -0.4361 0.5315, 0.3722 -0.4456 0.5315, 0.373 -0.4473 0.5315, 0.3742 -0.4487 0.5315, 0.3798 -0.451 0.5315, 0.3871 -0.44 0.5315, 0.3861 -0.4384 0.5315, 0.3863 -0.4476 0.5315, 0.3848 -0.437 0.5315, 0.3725 -0.4398 0.5315, 0.3719 -0.4417 0.5315, 0.3719 -0.4437 0.5315, 0.3757 -0.4499 0.5315, 0.3776 -0.4507 0.5315, 0.3851 -0.449 0.5315, 0.3831 -0.4359 0.5315, 0.3872 -0.4458 0.5315, 0.3876 -0.4439 0.5315, 0.3876 -0.4419 0.5315
            ]
        }
        coordIndex [
            0,1,2,-1,3,4,5,-1,6,7,0,-1,0,7,8,-1,0,8,1,-1,9,10,2,-1,2,10,11,-1,6,0,5,-1,5,0,12,-1,5,12,3,-1,13,14,15,-1,15,14,16,-1,17,18,2,-1,2,18,19,-1,2,19,9,-1,11,20,2,-1,2,20,21,-1,2,21,0,-1,4,22,5,-1,5,22,15,-1,5,15,23,-1,23,15,16,-1,24,25,15,-1,15,25,26,-1,15,26,13,-1,
        ]
    }
}
Shape{
    appearance Appearance {
        material  Material {
            diffuseColor 0.0 0.0 0.0
            specularColor 0.0 0.0 0.0
            ambientIntensity 0.0
            transparency 0.0
            shininess 0.5
        }
    }
    geometry IndexedFaceSet {
        ccw TRUE
        solid FALSE
        coord DEF co Coordinate {
            point [
                0.5709 -0.3964 0.5354, 0.5695 -0.3981 0.5354, 0.5721 -0.4003 0.5354, 0.5692 -0.3984 0.5354, 0.5691 -0.4025 0.5354, 0.5673 -0.3997 0.5354, 0.5659 -0.4037 0.5354, 0.5649 -0.4006 0.5354, 0.561 -0.4043 0.5354, 0.561 -0.4011 0.5354, 0.5532 -0.4043 0.5354, 0.5568 -0.4011 0.5354, 0.5532 -0.3757 0.5354, 0.5568 -0.379 0.5354, 0.5613 -0.3757 0.5354, 0.5612 -0.379 0.5354, 0.5657 -0.3762 0.5354, 0.565 -0.3795 0.5354, 0.5691 -0.3775 0.5354, 0.5675 -0.3804 0.5354, 0.5721 -0.3795 0.5354, 0.5694 -0.3817 0.5354, 0.5731 -0.3805 0.5354, 0.5702 -0.3825 0.5354, 0.5749 -0.383 0.5354, 0.5713 -0.3841 0.5354, 0.576 -0.3857 0.5354, 0.5721 -0.3862 0.5354, 0.5764 -0.3897 0.5354, 0.5726 -0.3898 0.5354, 0.5764 -0.3915 0.5354, 0.5725 -0.3917 0.5354, 0.5757 -0.3948 0.5354, 0.5719 -0.3943 0.5354, 0.5742 -0.3978 0.5354, 0.5721 -0.4003 0.5315, 0.5742 -0.3978 0.5315, 0.5757 -0.3948 0.5315, 0.5764 -0.3915 0.5315, 0.5764 -0.3897 0.5315, 0.576 -0.3857 0.5315, 0.5749 -0.383 0.5315, 0.5731 -0.3805 0.5315, 0.5721 -0.3795 0.5315, 0.5613 -0.3757 0.5315, 0.5691 -0.3775 0.5315, 0.5663 -0.3764 0.5315, 0.5657 -0.3762 0.5315, 0.5532 -0.3757 0.5315, 0.5532 -0.4043 0.5315, 0.561 -0.4043 0.5315, 0.5659 -0.4037 0.5315, 0.5663 -0.4036 0.5315, 0.5691 -0.4025 0.5315, 0.5694 -0.3817 0.5315, 0.5702 -0.3825 0.5315, 0.5713 -0.3841 0.5315, 0.5721 -0.3862 0.5315, 0.5726 -0.3898 0.5315, 0.5612 -0.379 0.5315, 0.565 -0.3795 0.5315, 0.5675 -0.3804 0.5315, 0.5568 -0.379 0.5315, 0.5568 -0.4011 0.5315, 0.561 -0.4011 0.5315, 0.5695 -0.3981 0.5315, 0.5692 -0.3984 0.5315, 0.5673 -0.3997 0.5315, 0.5649 -0.4006 0.5315, 0.5725 -0.3917 0.5315, 0.5719 -0.3943 0.5315, 0.5709 -0.3964 0.5315
            ]
        }
        coordIndex [
            0,1,2,-1,2,1,3,-1,2,3,4,-1,4,3,5,-1,4,5,6,-1,6,5,7,-1,6,7,8,-1,8,7,9,-1,8,9,10,-1,10,9,11,-1,10,11,12,-1,12,11,13,-1,12,13,14,-1,14,13,15,-1,14,15,16,-1,16,15,17,-1,16,17,18,-1,18,17,19,-1,18,19,20,-1,20,19,21,-1,20,21,22,-1,22,21,23,-1,22,23,24,-1,24,23,25,-1,24,25,26,-1,26,25,27,-1,26,27,28,-1,28,27,29,-1,28,29,30,-1,30,29,31,-1,30,31,32,-1,32,31,33,-1,32,33,34,-1,34,33,0,-1,34,0,2,-1,2,35,36,-1,2,36,34,-1,34,36,37,-1,34,37,32,-1,32,37,38,-1,32,38,30,-1,30,38,39,-1,30,39,28,-1,28,39,40,-1,28,40,26,-1,26,40,41,-1,26,41,24,-1,24,41,42,-1,24,42,22,-1,22,42,43,-1,22,43,20,-1,44,14,16,-1,20,43,45,-1,20,45,18,-1,18,45,46,-1,18,46,16,-1,16,46,47,-1,16,47,44,-1,12,14,48,-1,48,14,44,-1,10,12,49,-1,49,12,48,-1,8,10,50,-1,50,10,49,-1,35,2,4,-1,8,50,51,-1,8,51,6,-1,6,51,52,-1,6,52,4,-1,4,52,53,-1,4,53,35,-1,21,54,55,-1,21,55,23,-1,23,55,56,-1,23,56,25,-1,25,56,57,-1,25,57,27,-1,27,57,58,-1,27,58,29,-1,15,59,60,-1,15,60,17,-1,17,60,61,-1,17,61,19,-1,19,61,54,-1,19,54,21,-1,15,13,59,-1,59,13,62,-1,13,11,62,-1,62,11,63,-1,11,9,63,-1,63,9,64,-1,1,65,66,-1,1,66,3,-1,3,66,67,-1,3,67,5,-1,5,67,68,-1,5,68,7,-1,7,68,64,-1,7,64,9,-1,29,58,69,-1,29,69,31,-1,31,69,70,-1,31,70,33,-1,33,70,71,-1,33,71,0,-1,0,71,65,-1,0,65,1,-1,
        ]
    }
}
Shape{
    appearance Appearance {
        material  Material {
            diffuseColor 0.6666666666666666 0.6666666666666666 0.6666666666666666
            specularColor 0.4666666666666667 0.4666666666666667 0.4666666666666667
            ambientIntensity 0.6667
            transparency 0.0
            shininess 0.5
        }
    }
    geometry IndexedFaceSet {
        ccw TRUE
        solid FALSE
        coord DEF co Coordinate {
            point [
                0.5568 -0.379 0.5315, 0.5568 -0.4011 0.5315, 0.5612 -0.379 0.5315, 0.561 -0.4011 0.5315, 0.5649 -0.4006 0.5315, 0.5673 -0.3997 0.5315, 0.5692 -0.3984 0.5315, 0.5695 -0.3981 0.5315, 0.5709 -0.3964 0.5315, 0.5719 -0.3943 0.5315, 0.5726 -0.3898 0.5315, 0.5694 -0.3817 0.5315, 0.5675 -0.3804 0.5315, 0.5721 -0.3862 0.5315, 0.5713 -0.3841 0.5315, 0.5702 -0.3825 0.5315, 0.5725 -0.3917 0.5315, 0.565 -0.3795 0.5315
            ]
        }
        coordIndex [
            0,1,2,-1,2,1,3,-1,3,4,2,-1,2,4,5,-1,2,5,6,-1,6,7,2,-1,2,7,8,-1,2,8,9,-1,10,11,12,-1,13,14,10,-1,10,14,15,-1,10,15,11,-1,9,16,2,-1,2,16,10,-1,2,10,17,-1,17,10,12,-1,
        ]
    }
}
Shape{
    appearance Appearance {
        material  Material {
            diffuseColor 0.0 0.0 0.0
            specularColor 0.0 0.0 0.0
            ambientIntensity 0.0
            transparency 0.0
            shininess 0.5
        }
    }
    geometry IndexedFaceSet {
        ccw TRUE
        solid FALSE
        coord DEF co Coordinate {
            point [
                0.5193 -0.4015 0.5354, 0.5193 -0.4015 0.5315, 0.5167 -0.4013 0.5315, 0.5167 -0.4013 0.5354, 0.5146 -0.4005 0.5315, 0.5146 -0.4005 0.5354, 0.5127 -0.3993 0.5315, 0.5127 -0.3993 0.5354, 0.5119 -0.3985 0.5315, 0.5119 -0.3985 0.5354, 0.5106 -0.3967 0.5315, 0.5106 -0.3967 0.5354, 0.5096 -0.3944 0.5315, 0.5096 -0.3944 0.5354, 0.5092 -0.3916 0.5315, 0.5092 -0.3916 0.5354, 0.5091 -0.3904 0.5315, 0.5091 -0.3904 0.5354, 0.5096 -0.3864 0.5315, 0.5096 -0.3864 0.5354, 0.5105 -0.384 0.5315, 0.5105 -0.384 0.5354, 0.5119 -0.382 0.5315, 0.5119 -0.382 0.5354, 0.5121 -0.3818 0.5315, 0.5121 -0.3818 0.5354, 0.5139 -0.3802 0.5315, 0.5139 -0.3802 0.5354, 0.5162 -0.3792 0.5315, 0.5162 -0.3792 0.5354, 0.5186 -0.3786 0.5315, 0.5186 -0.3786 0.5354, 0.5199 -0.3786 0.5315, 0.5199 -0.3786 0.5354, 0.5234 -0.379 0.5315, 0.5234 -0.379 0.5354, 0.5263 -0.3801 0.5315, 0.5263 -0.3801 0.5354, 0.5266 -0.3803 0.5315, 0.5266 -0.3803 0.5354, 0.5266 -0.3764 0.5354, 0.5266 -0.3764 0.5315, 0.5199 -0.3753 0.5315, 0.5199 -0.3753 0.5354, 0.5229 -0.3755 0.5315, 0.5236 -0.3755 0.5354, 0.5236 -0.3755 0.5315, 0.5179 -0.3755 0.5315, 0.5157 -0.3758 0.5354, 0.5157 -0.3758 0.5315, 0.5128 -0.3769 0.5315, 0.5128 -0.3769 0.5354, 0.5101 -0.3788 0.5315, 0.5101 -0.3788 0.5354, 0.5094 -0.3795 0.5315, 0.5094 -0.3795 0.5354, 0.5073 -0.3822 0.5315, 0.5073 -0.3822 0.5354, 0.5065 -0.384 0.5315, 0.5059 -0.3853 0.5354, 0.5059 -0.3853 0.5315, 0.5053 -0.3891 0.5315, 0.5053 -0.3891 0.5354, 0.5052 -0.3906 0.5315, 0.5052 -0.3906 0.5354, 0.5058 -0.3952 0.5315, 0.5058 -0.3952 0.5354, 0.5065 -0.3971 0.5315, 0.507 -0.3982 0.5354, 0.507 -0.3982 0.5315, 0.5087 -0.4006 0.5315, 0.5087 -0.4006 0.5354, 0.5089 -0.4009 0.5315, 0.5089 -0.4009 0.5354, 0.5109 -0.4026 0.5315, 0.5109 -0.4026 0.5354, 0.5135 -0.404 0.5315, 0.5135 -0.404 0.5354, 0.5165 -0.4047 0.5315, 0.5165 -0.4047 0.5354, 0.5187 -0.4048 0.5315, 0.5187 -0.4048 0.5354, 0.5231 -0.4044 0.5315, 0.5231 -0.4044 0.5354, 0.5262 -0.4034 0.5315, 0.5262 -0.4034 0.5354, 0.5266 -0.4031 0.5315, 0.5266 -0.4031 0.5354, 0.5266 -0.3996 0.5354, 0.5266 -0.3996 0.5315, 0.5238 -0.4009 0.5315, 0.5238 -0.4009 0.5354, 0.5206 -0.4015 0.5315, 0.5206 -0.4015 0.5354, 0.6218 -0.4386 0.5354, 0.6207 -0.4419 0.5354, 0.6314 -0.4386 0.5354, 0.6326 -0.4419 0.5354, 0.6261 -0.4268 0.5354, 0.6247 -0.4211 0.5354, 0.6138 -0.4497 0.5354, 0.6179 -0.4497 0.5354, 0.6264 -0.4259 0.5354, 0.6266 -0.4248 0.5354, 0.6287 -0.4211 0.5354, 0.6267 -0.4248 0.5354, 0.6269 -0.426 0.5354, 0.6271 -0.4268 0.5354, 0.6396 -0.4497 0.5354, 0.6355 -0.4497 0.5354, 0.6247 -0.4211 0.5315, 0.6287 -0.4211 0.5315, 0.6138 -0.4497 0.5315, 0.6179 -0.4497 0.5315, 0.6207 -0.4419 0.5315, 0.6326 -0.4419 0.5315, 0.6355 -0.4497 0.5315, 0.6396 -0.4497 0.5315, 0.6261 -0.4268 0.5315, 0.6264 -0.4259 0.5315, 0.6266 -0.4248 0.5315, 0.6218 -0.4386 0.5315, 0.6314 -0.4386 0.5315, 0.6271 -0.4268 0.5315, 0.6267 -0.4248 0.5315, 0.6269 -0.426 0.5315
            ]
        }
        coordIndex [
            0,1,2,-1,0,2,3,-1,3,2,4,-1,3,4,5,-1,5,4,6,-1,5,6,7,-1,7,6,8,-1,7,8,9,-1,9,8,10,-1,9,10,11,-1,11,10,12,-1,11,12,13,-1,13,12,14,-1,13,14,15,-1,15,14,16,-1,15,16,17,-1,17,16,18,-1,17,18,19,-1,19,18,20,-1,19,20,21,-1,21,20,22,-1,21,22,23,-1,23,22,24,-1,23,24,25,-1,25,24,26,-1,25,26,27,-1,27,26,28,-1,27,28,29,-1,29,28,30,-1,29,30,31,-1,31,30,32,-1,31,32,33,-1,33,32,34,-1,33,34,35,-1,35,34,36,-1,35,36,37,-1,37,36,38,-1,37,38,39,-1,40,39,41,-1,41,39,38,-1,42,43,44,-1,44,43,45,-1,44,45,46,-1,46,45,40,-1,46,40,41,-1,43,42,47,-1,43,47,48,-1,47,49,48,-1,48,49,50,-1,48,50,51,-1,51,50,52,-1,51,52,53,-1,53,52,54,-1,53,54,55,-1,55,54,56,-1,55,56,57,-1,57,56,58,-1,57,58,59,-1,58,60,59,-1,59,60,61,-1,59,61,62,-1,62,61,63,-1,62,63,64,-1,64,63,65,-1,64,65,66,-1,66,65,67,-1,66,67,68,-1,67,69,68,-1,68,69,70,-1,68,70,71,-1,71,70,72,-1,71,72,73,-1,73,72,74,-1,73,74,75,-1,75,74,76,-1,75,76,77,-1,77,76,78,-1,77,78,79,-1,79,78,80,-1,79,80,81,-1,81,80,82,-1,81,82,83,-1,83,82,84,-1,83,84,85,-1,85,84,86,-1,85,86,87,-1,88,87,89,-1,89,87,86,-1,88,89,90,-1,88,90,91,-1,91,90,92,-1,91,92,93,-1,93,92,1,-1,93,1,0,-1,55,25,53,-1,53,25,27,-1,53,27,51,-1,64,17,62,-1,62,17,19,-1,62,19,59,-1,59,19,57,-1,57,19,21,-1,57,21,55,-1,55,21,23,-1,55,23,25,-1,51,27,48,-1,48,27,29,-1,48,29,43,-1,87,88,85,-1,85,88,91,-1,85,91,83,-1,83,91,93,-1,83,93,81,-1,81,93,0,-1,81,0,79,-1,79,0,3,-1,79,3,77,-1,77,3,5,-1,77,5,75,-1,75,5,7,-1,75,7,73,-1,73,7,9,-1,73,9,71,-1,71,9,11,-1,71,11,68,-1,68,11,66,-1,66,11,13,-1,66,13,64,-1,64,13,15,-1,64,15,17,-1,29,31,43,-1,43,31,33,-1,43,33,45,-1,45,33,35,-1,45,35,40,-1,40,35,37,-1,40,37,39,-1,94,95,96,-1,96,95,97,-1,98,99,94,-1,94,99,100,-1,94,100,95,-1,95,100,101,-1,98,102,99,-1,99,102,103,-1,99,103,104,-1,104,103,105,-1,104,105,106,-1,106,107,104,-1,104,107,96,-1,104,96,108,-1,108,96,97,-1,108,97,109,-1,99,104,110,-1,110,104,111,-1,100,99,112,-1,112,99,110,-1,101,100,113,-1,113,100,112,-1,95,101,114,-1,114,101,113,-1,97,95,115,-1,115,95,114,-1,109,97,116,-1,116,97,115,-1,108,109,117,-1,117,109,116,-1,104,108,111,-1,111,108,117,-1,98,118,119,-1,98,119,102,-1,102,119,120,-1,102,120,103,-1,98,94,118,-1,118,94,121,-1,94,96,121,-1,121,96,122,-1,96,107,122,-1,122,107,123,-1,105,124,125,-1,105,125,106,-1,106,125,123,-1,106,123,107,-1,105,103,124,-1,124,103,120,-1,
        ]
    }
}
Shape{
    appearance Appearance {
        material  Material {
            diffuseColor 0.6666666666666666 0.6666666666666666 0.6666666666666666
            specularColor 0.4666666666666667 0.4666666666666667 0.4666666666666667
            ambientIntensity 0.6667
            transparency 0.0
            shininess 0.5
        }
    }
    geometry IndexedFaceSet {
        ccw TRUE
        solid FALSE
        coord DEF co Coordinate {
            point [
                0.6267 -0.4248 0.5315, 0.6266 -0.4248 0.5315, 0.6269 -0.426 0.5315, 0.6264 -0.4259 0.5315, 0.6271 -0.4268 0.5315, 0.6261 -0.4268 0.5315, 0.6314 -0.4386 0.5315, 0.6218 -0.4386 0.5315
            ]
        }
        coordIndex [
            0,1,2,-1,2,1,3,-1,2,3,4,-1,4,3,5,-1,4,5,6,-1,6,5,7,-1,
        ]
    }
}
Shape{
    appearance Appearance {
        material  Material {
            diffuseColor 0.0 0.0 0.0
            specularColor 0.0 0.0 0.0
            ambientIntensity 0.0
            transparency 0.0
            shininess 0.5
        }
    }
    geometry IndexedFaceSet {
        ccw TRUE
        solid FALSE
        coord DEF co Coordinate {
            point [
                0.5836 -0.4464 0.5354, 0.5836 -0.4464 0.5315, 0.5719 -0.4464 0.5354, 0.5772 -0.4464 0.5315, 0.5719 -0.4464 0.5315, 0.5719 -0.4368 0.5354, 0.5719 -0.4368 0.5315, 0.5821 -0.4368 0.5354, 0.5772 -0.4368 0.5315, 0.5821 -0.4368 0.5315, 0.5821 -0.4335 0.5354, 0.5821 -0.4335 0.5315, 0.5719 -0.4335 0.5315, 0.5719 -0.4335 0.5354, 0.5772 -0.4335 0.5315, 0.5719 -0.4244 0.5354, 0.5719 -0.4244 0.5315, 0.5829 -0.4244 0.5315, 0.5829 -0.4244 0.5354, 0.5772 -0.4244 0.5315, 0.5829 -0.4211 0.5354, 0.5829 -0.4211 0.5315, 0.5682 -0.4211 0.5315, 0.5682 -0.4211 0.5354, 0.5772 -0.4211 0.5315, 0.5682 -0.4497 0.5354, 0.5682 -0.4497 0.5315, 0.5836 -0.4497 0.5354, 0.5772 -0.4497 0.5315, 0.5836 -0.4497 0.5315, 0.4927 -0.4464 0.5354, 0.5044 -0.4464 0.5354, 0.4927 -0.4464 0.5315, 0.5044 -0.4464 0.5315, 0.4927 -0.4368 0.5354, 0.4927 -0.4368 0.5315, 0.5029 -0.4368 0.5354, 0.5029 -0.4368 0.5315, 0.5029 -0.4335 0.5354, 0.5029 -0.4335 0.5315, 0.4927 -0.4335 0.5354, 0.4927 -0.4335 0.5315, 0.4927 -0.4244 0.5354, 0.4927 -0.4244 0.5315, 0.5037 -0.4244 0.5354, 0.5037 -0.4244 0.5315, 0.5037 -0.4211 0.5354, 0.5037 -0.4211 0.5315, 0.489 -0.4211 0.5354, 0.489 -0.4211 0.5315, 0.489 -0.4497 0.5354, 0.489 -0.4497 0.5315, 0.5044 -0.4497 0.5354, 0.5044 -0.4497 0.5315, 0.586 -0.3933 0.5354, 0.5849 -0.3965 0.5354, 0.5956 -0.3933 0.5354, 0.5968 -0.3965 0.5354, 0.5903 -0.3814 0.5354, 0.5889 -0.3757 0.5354, 0.578 -0.4043 0.5354, 0.5821 -0.4043 0.5354, 0.5905 -0.3805 0.5354, 0.5908 -0.3794 0.5354, 0.5929 -0.3757 0.5354, 0.5909 -0.3794 0.5354, 0.5911 -0.3806 0.5354, 0.5913 -0.3814 0.5354, 0.6038 -0.4043 0.5354, 0.5997 -0.4043 0.5354, 0.5889 -0.3757 0.5315, 0.5929 -0.3757 0.5315, 0.578 -0.4043 0.5315, 0.5863 -0.3827 0.5315, 0.5821 -0.4043 0.5315, 0.5849 -0.3965 0.5315, 0.5968 -0.3965 0.5315, 0.5863 -0.3965 0.5315, 0.5997 -0.4043 0.5315, 0.6038 -0.4043 0.5315, 0.5903 -0.3814 0.5315, 0.5905 -0.3805 0.5315, 0.5908 -0.3794 0.5315, 0.586 -0.3933 0.5315, 0.5956 -0.3933 0.5315, 0.5913 -0.3814 0.5315, 0.5909 -0.3794 0.5315, 0.5911 -0.3806 0.5315
            ]
        }
        coordIndex [
            0,1,2,-1,2,1,3,-1,2,3,4,-1,5,2,6,-1,6,2,4,-1,5,6,7,-1,7,6,8,-1,7,8,9,-1,10,7,11,-1,11,7,9,-1,12,13,14,-1,14,13,10,-1,14,10,11,-1,15,13,16,-1,16,13,12,-1,17,18,19,-1,19,18,15,-1,19,15,16,-1,20,18,21,-1,21,18,17,-1,22,23,24,-1,24,23,20,-1,24,20,21,-1,25,23,26,-1,26,23,22,-1,25,26,27,-1,27,26,28,-1,27,28,29,-1,0,27,1,-1,1,27,29,-1,25,27,0,-1,0,2,25,-1,25,2,5,-1,25,5,23,-1,18,20,15,-1,15,20,23,-1,15,23,13,-1,13,23,5,-1,13,5,10,-1,10,5,7,-1,30,31,32,-1,32,31,33,-1,34,30,35,-1,35,30,32,-1,36,34,37,-1,37,34,35,-1,38,36,39,-1,39,36,37,-1,40,38,41,-1,41,38,39,-1,42,40,43,-1,43,40,41,-1,44,42,45,-1,45,42,43,-1,46,44,47,-1,47,44,45,-1,48,46,49,-1,49,46,47,-1,50,48,51,-1,51,48,49,-1,52,50,53,-1,53,50,51,-1,31,52,33,-1,33,52,53,-1,50,52,31,-1,31,30,50,-1,50,30,34,-1,50,34,48,-1,44,46,42,-1,42,46,48,-1,42,48,40,-1,40,48,34,-1,40,34,38,-1,38,34,36,-1,54,55,56,-1,56,55,57,-1,58,59,54,-1,54,59,60,-1,54,60,55,-1,55,60,61,-1,58,62,59,-1,59,62,63,-1,59,63,64,-1,64,63,65,-1,64,65,66,-1,66,67,64,-1,64,67,56,-1,64,56,68,-1,68,56,57,-1,68,57,69,-1,59,64,70,-1,70,64,71,-1,72,60,73,-1,73,60,59,-1,73,59,70,-1,61,60,74,-1,74,60,72,-1,55,61,75,-1,75,61,74,-1,76,57,77,-1,77,57,55,-1,77,55,75,-1,69,57,78,-1,78,57,76,-1,68,69,79,-1,79,69,78,-1,64,68,71,-1,71,68,79,-1,58,80,81,-1,58,81,62,-1,62,81,82,-1,62,82,63,-1,58,54,80,-1,80,54,83,-1,54,56,83,-1,83,56,84,-1,56,67,84,-1,84,67,85,-1,65,86,87,-1,65,87,66,-1,66,87,85,-1,66,85,67,-1,65,63,86,-1,86,63,82,-1,
        ]
    }
}
Shape{
    appearance Appearance {
        material  Material {
            diffuseColor 0.6666666666666666 0.6666666666666666 0.6666666666666666
            specularColor 0.4666666666666667 0.4666666666666667 0.4666666666666667
            ambientIntensity 0.6667
            transparency 0.0
            shininess 0.5
        }
    }
    geometry IndexedFaceSet {
        ccw TRUE
        solid FALSE
        coord DEF co Coordinate {
            point [
                0.5909 -0.3794 0.5315, 0.5908 -0.3794 0.5315, 0.5911 -0.3806 0.5315, 0.5905 -0.3805 0.5315, 0.5913 -0.3814 0.5315, 0.5903 -0.3814 0.5315, 0.5956 -0.3933 0.5315, 0.586 -0.3933 0.5315
            ]
        }
        coordIndex [
            0,1,2,-1,2,1,3,-1,2,3,4,-1,4,3,5,-1,4,5,6,-1,6,5,7,-1,
        ]
    }
}
Shape{
    appearance Appearance {
        material  Material {
            diffuseColor 0.0 0.0 0.0
            specularColor 0.0 0.0 0.0
            ambientIntensity 0.0
            transparency 0.0
            shininess 0.5
        }
    }
    geometry IndexedFaceSet {
        ccw TRUE
        solid FALSE
        coord DEF co Coordinate {
            point [
                0.5361 -0.4011 0.5315, 0.5361 -0.4011 0.5354, 0.5438 -0.4011 0.5315, 0.5478 -0.4011 0.5354, 0.5478 -0.4011 0.5315, 0.5361 -0.3915 0.5354, 0.5361 -0.3915 0.5315, 0.5463 -0.3915 0.5354, 0.5438 -0.3915 0.5315, 0.5463 -0.3915 0.5315, 0.5463 -0.3882 0.5354, 0.5463 -0.3882 0.5315, 0.5361 -0.3882 0.5315, 0.5361 -0.3882 0.5354, 0.5438 -0.3882 0.5315, 0.5361 -0.379 0.5354, 0.5361 -0.379 0.5315, 0.5471 -0.379 0.5354, 0.5438 -0.379 0.5315, 0.5471 -0.379 0.5315, 0.5471 -0.3757 0.5354, 0.5471 -0.3757 0.5315, 0.5324 -0.3757 0.5315, 0.5324 -0.3757 0.5354, 0.5438 -0.3757 0.5315, 0.5324 -0.4043 0.5354, 0.5324 -0.4043 0.5315, 0.5478 -0.4043 0.5354, 0.5438 -0.4043 0.5315, 0.5478 -0.4043 0.5315, 0.4927 -0.4011 0.5354, 0.5041 -0.4011 0.5354, 0.4927 -0.4011 0.5315, 0.5041 -0.4011 0.5315, 0.4927 -0.3757 0.5354, 0.4927 -0.3757 0.5315, 0.489 -0.3757 0.5354, 0.489 -0.3757 0.5315, 0.489 -0.4043 0.5354, 0.489 -0.4043 0.5315, 0.5041 -0.4043 0.5354, 0.5041 -0.4043 0.5315
            ]
        }
        coordIndex [
            0,1,2,-1,2,1,3,-1,2,3,4,-1,5,1,6,-1,6,1,0,-1,5,6,7,-1,7,6,8,-1,7,8,9,-1,10,7,11,-1,11,7,9,-1,12,13,14,-1,14,13,10,-1,14,10,11,-1,15,13,16,-1,16,13,12,-1,15,16,17,-1,17,16,18,-1,17,18,19,-1,20,17,21,-1,21,17,19,-1,22,23,24,-1,24,23,20,-1,24,20,21,-1,25,23,26,-1,26,23,22,-1,25,26,27,-1,27,26,28,-1,27,28,29,-1,3,27,4,-1,4,27,29,-1,25,27,3,-1,3,1,25,-1,25,1,5,-1,25,5,23,-1,17,20,15,-1,15,20,23,-1,15,23,13,-1,13,23,5,-1,13,5,10,-1,10,5,7,-1,30,31,32,-1,32,31,33,-1,34,30,35,-1,35,30,32,-1,36,34,37,-1,37,34,35,-1,38,36,39,-1,39,36,37,-1,40,38,41,-1,41,38,39,-1,31,40,33,-1,33,40,41,-1,34,36,30,-1,30,36,38,-1,30,38,31,-1,31,38,40,-1,
        ]
    }
}